Id,Timestamp,ExeInfo,ExeInfoDescription,ExeTimestamp,SidType,Sid,UserName,UserId,AppId,BackgroundBytesRead,BackgroundBytesWritten,BackgroundContextSwitches,BackgroundCycleTime,BackgroundNumberOfFlushes,BackgroundNumReadOperations,BackgroundNumWriteOperations,FaceTime,ForegroundBytesRead,ForegroundBytesWritten,ForegroundContextSwitches,ForegroundCycleTime,ForegroundNumberOfFlushes,ForegroundNumReadOperations,ForegroundNumWriteOperations
1,2026-07-03 18:17:00,System,,,LocalSystem,S-1-5-18,,4,29,0,0,0,0,0,0,0,13016870000,2828288,1277881856,3574898,317682818691,338,148,52274
2,2026-07-03 18:17:00,\Device\HarddiskVolume3\Windows\System32\smss.exe,,,LocalSystem,S-1-5-18,,4,312,0,0,0,0,0,0,0,2216720000,0,0,12,1807014,0,0,0
3,2026-07-03 18:17:00,\Device\HarddiskVolume3\Windows\System32\csrss.exe,,,LocalSystem,S-1-5-18,,4,313,0,0,0,0,0,0,0,26033740000,2370048,204800,73271,8236037306,0,62,50
4,2026-07-03 18:17:00,\Device\HarddiskVolume3\Windows\System32\wininit.exe,,,LocalSystem,S-1-5-18,,4,314,0,0,0,0,0,0,0,13016870000,0,0,298,30175746,0,0,0
5,2026-07-03 18:17:00,\Device\HarddiskVolume3\Windows\System32\winlogon.exe,,,LocalSystem,S-1-5-18,,4,32,0,0,0,0,0,0,0,13016870000,459776,114688,35712,13296224762,0,36,28
6,2026-07-03 18:17:00,\Device\HarddiskVolume3\Windows\System32\services.exe,,,LocalSystem,S-1-5-18,,4,31,0,0,0,0,0,0,0,13016870000,2609152,278528,47163,4254449102,0,141,68
7,2026-07-03 18:17:00,\Device\HarddiskVolume3\Windows\System32\lsass.exe,,,LocalSystem,S-1-5-18,,4,315,0,0,0,0,0,0,0,13016870000,1835520,977408,53079,8646775226,15,78,198
8,2026-07-03 18:17:00,\Device\HarddiskVolume3\Windows\System32\svchost.exe [DcomLaunch],,,LocalSystem,S-1-5-18,,4,30,0,0,0,0,0,0,0,36650610000,1770496,155648,43218,4586025509,0,109,38
9,2026-07-03 18:17:00,\Device\HarddiskVolume3\Windows\System32\fontdrvhost.exe,,,LocalSystem,S-1-5-18,,4,316,0,0,0,0,0,0,0,19433590000,1593856,73728,3504,170797224,0,45,18
10,2026-07-03 18:17:00,\Device\HarddiskVolume3\Windows\System32\svchost.exe [netsvcs],,,LocalSystem,S-1-5-18,,4,317,0,0,0,0,0,0,0,223453650000,169568256,2671650816,889562,461196711017,135,5111,305779
11,2026-07-03 18:17:00,\Device\HarddiskVolume3\Windows\System32\svchost.exe [UserProfileService],,,LocalSystem,S-1-5-18,,4,318,0,0,0,0,0,0,0,18833590000,1565184,1996800,4038,984736475,8,105,244
12,2026-07-03 18:17:00,\Device\HarddiskVolume3\Windows\System32\oobe\windeploy.exe,,,LocalSystem,S-1-5-18,,4,319,0,0,0,0,0,0,0,416870000,0,0,20,809074,0,0,0
13,2026-07-03 18:17:00,\Device\HarddiskVolume3\$Windows.~BT\Sources\setupplatform.exe,,,LocalSystem,S-1-5-18,,4,320,0,0,0,0,0,0,0,416870000,0,0,49,4589540,0,0,0
14,2026-07-03 18:17:00,\Device\HarddiskVolume3\Windows\System32\oobe\oobeldr.exe,,,LocalSystem,S-1-5-18,,4,321,0,0,0,0,0,0,0,1016720000,0,0,46,5688737,0,0,0
15,2026-07-03 18:17:00,\Device\HarddiskVolume3\Windows\System32\oobe\msoobe.exe,,,LocalSystem,S-1-5-18,,4,322,0,0,0,0,0,0,0,1016720000,26112,46592,1242,661179929,1,4,12
16,2026-07-03 18:17:00,\Device\HarddiskVolume3\Windows\System32\svchost.exe [LocalSystemNetworkRestricted],,,LocalSystem,S-1-5-18,,4,323,0,0,0,0,0,0,0,127535260000,250317312,8478720,25579,22968938952,1,4252,1139
17,2026-07-03 18:17:00,\Device\HarddiskVolume3\Windows\System32\svchost.exe [AppReadiness],,,LocalSystem,S-1-5-18,,4,324,0,0,0,0,0,0,0,11816720000,630784,270336,3596,808767655,2,36,7
18,2026-07-03 18:17:00,\Device\HarddiskVolume3\Windows\System32\svchost.exe [wsappx],,,LocalSystem,S-1-5-18,,4,325,0,0,0,0,0,0,0,17033740000,15917056,255406080,29515,15900435335,891,986,4360
19,2026-07-03 18:17:00,\Device\HarddiskVolume3\Windows\System32\svchost.exe [appmodel],,,LocalSystem,S-1-5-18,,4,326,0,0,0,0,0,0,0,13016870000,790528,348160,18021,3532260420,36,49,85
20,2026-07-03 18:17:00,\Device\HarddiskVolume3\Windows\servicing\TrustedInstaller.exe,,,LocalSystem,S-1-5-18,,4,327,0,0,0,0,0,0,0,13016870000,101376,40960,50628,2408078495,0,7,10
21,2026-07-03 18:17:00,\Device\HarddiskVolume3\Windows\System32\ctfmon.exe,,,LocalSystem,S-1-5-18,,4,328,0,0,0,0,0,0,0,1016720000,466944,40960,229,93512997,0,38,10
22,2026-07-03 18:17:00,\Device\HarddiskVolume3\Windows\System32\spoolsv.exe,,,LocalSystem,S-1-5-18,,4,329,0,0,0,0,0,0,0,10616870000,51052544,59641856,10828,10750211012,0,814,7318
23,2026-07-03 18:17:00,\Device\HarddiskVolume3\Windows\System32\svchost.exe [utcsvc],,,LocalSystem,S-1-5-18,,4,330,0,0,0,0,0,0,0,13016870000,22342144,8523776,61822,31740177772,112,375,1033
24,2026-07-03 18:17:00,\Device\HarddiskVolume3\Windows\System32\svchost.exe [NetSvcs],,,LocalSystem,S-1-5-18,,4,331,0,0,0,0,0,0,0,13016870000,0,0,1120,100302719,0,0,0
25,2026-07-03 18:17:00,\Device\HarddiskVolume3\Program Files\Windows Defender\MsMpEng.exe,,,LocalSystem,S-1-5-18,,4,27,0,0,0,0,0,0,0,13016870000,634126336,274309120,3736850,1042850149053,1148,7867,12719
26,2026-07-03 18:17:00,\Device\HarddiskVolume3\Windows\System32\AggregatorHost.exe,,,LocalSystem,S-1-5-18,,4,332,0,0,0,0,0,0,0,12417020000,2492416,81920,2590,592658554,0,140,20
27,2026-07-03 18:17:00,\Device\HarddiskVolume3\Windows\System32\wbem\WmiPrvSE.exe,,,LocalSystem,S-1-5-18,,4,333,0,0,0,0,0,0,0,7200000000,3109888,147456,20543,2714325875,0,111,36
28,2026-07-03 18:17:00,\Device\HarddiskVolume3\Windows\WinSxS\amd64_microsoft-windows-servicingstack_31bf3856ad364e35_10.0.26100.1738_none_a5031b637767a4e7\TiWorker.exe,,,LocalSystem,S-1-5-18,,4,334,0,0,0,0,0,0,0,11216720000,624266240,747865088,176549,205081759662,65,20241,109776
29,2026-07-03 18:17:00,System Interrupts,,,LocalSystem,S-1-5-18,,4,28,0,0,0,0,0,0,0,13016870000,0,0,0,308429456697,0,0,0
30,2026-07-03 18:17:00,Registry,,,LocalSystem,S-1-5-18,,4,335,0,0,0,0,0,0,0,11400150000,0,93425664,5258,1915994524,147,0,4201
31,2026-07-03 18:17:00,Memory Compression,,,LocalSystem,S-1-5-18,,4,336,0,0,0,0,0,0,0,4200150000,0,0,133,2254822,0,0,0
32,2026-07-03 18:17:00,\Device\HarddiskVolume3\Windows\System32\svchost.exe [wusvcs],,,LocalSystem,S-1-5-18,,4,337,0,0,0,0,0,0,0,1200000000,3216896,262144,2474,1157152855,0,51,62
33,2026-07-03 18:17:00,\Device\HarddiskVolume3\Windows\System32\SearchIndexer.exe,,,LocalSystem,S-1-5-18,,4,338,0,0,0,0,0,0,0,12000150000,23190528,70063616,92578,20626738764,1023,284,13471
34,2026-07-03 18:17:00,\Device\HarddiskVolume3\Windows\System32\SearchProtocolHost.exe,,,LocalSystem,S-1-5-18,,4,339,0,0,0,0,0,0,0,6000150000,3262464,602112,50850,9185906950,0,323,147
35,2026-07-03 18:17:00,\Device\HarddiskVolume3\Windows\System32\svchost.exe [WerSvcGroup],,,LocalSystem,S-1-5-18,,4,340,0,0,0,0,0,0,0,2400000000,726016,200704,528,245424366,0,38,49
36,2026-07-03 18:17:00,\Device\HarddiskVolume3\Windows\System32\SearchFilterHost.exe,,,LocalSystem,S-1-5-18,,4,341,0,0,0,0,0,0,0,7800150000,53248,0,1307,472628239,0,4,0
37,2026-07-03 18:17:00,\Device\HarddiskVolume3\Program Files (x86)\Microsoft\EdgeUpdate\MicrosoftEdgeUpdate.exe,,,LocalSystem,S-1-5-18,,4,342,0,0,0,0,0,0,0,13200150000,197852160,395911168,105770,25616039099,0,105,72985
38,2026-07-03 18:17:00,\Device\HarddiskVolume3\Program Files (x86)\Microsoft\EdgeUpdate\Install\{DD667CDC-D33F-42CB-82C2-A610862A4A25}\MicrosoftEdge_X64_150.0.4078.48.exe,,,LocalSystem,S-1-5-18,,4,343,0,0,0,0,0,0,0,600000000,5688320,7802880,460,290804673,1,22,186
39,2026-07-03 18:17:00,\Device\HarddiskVolume3\Windows\System32\svchost.exe [InvSvcGroup],,,LocalSystem,S-1-5-18,,4,344,0,0,0,0,0,0,0,10800300000,585728,24576,352,87610161,0,25,6
40,2026-07-03 18:17:00,\Device\HarddiskVolume3\Windows\System32\svchost.exe [WbioSvcGroup],,,LocalSystem,S-1-5-18,,4,345,0,0,0,0,0,0,0,2400000000,1359872,77824,421,155464417,2,37,19
41,2026-07-03 18:17:00,\Device\HarddiskVolume3\Windows\System32\svchost.exe [osprivacy],,,LocalSystem,S-1-5-18,,4,346,0,0,0,0,0,0,0,12000150000,2606592,94208,3414,1046002884,1,103,23
42,2026-07-03 18:17:00,\Device\HarddiskVolume3\Windows\System32\svchost.exe [CameraMonitor],,,LocalSystem,S-1-5-18,,4,347,0,0,0,0,0,0,0,600000000,1025024,32768,541,101928562,0,50,8
43,2026-07-03 18:17:00,\Device\HarddiskVolume3\Windows\System32\taskhostw.exe,,,LocalSystem,S-1-5-18,,4,348,0,0,0,0,0,0,0,1200000000,399360,417792,62516,15249340077,10,18,30
44,2026-07-03 18:17:00,\Device\HarddiskVolume3\Windows\System32\conhost.exe,,,LocalSystem,S-1-5-18,,4,349,0,0,0,0,0,0,0,600000000,0,0,1994,70179171,0,0,0
45,2026-07-03 18:17:00,\Device\HarddiskVolume3\Program Files (x86)\Microsoft\Edge\Application\150.0.4078.48\elevation_service.exe,,,LocalSystem,S-1-5-18,,4,350,0,0,0,0,0,0,0,600000000,221184,0,174,63978133,0,17,0
46,2026-07-03 18:17:00,\Device\HarddiskVolume3\Windows\System32\dllhost.exe,,,LocalSystem,S-1-5-18,,4,351,0,0,0,0,0,0,0,1200000000,160256,565248,806,262926488,0,9,30
47,2026-07-03 18:17:00,\Device\HarddiskVolume3\Windows\System32\OOBEFodSetup.exe,,,LocalSystem,S-1-5-18,,4,352,0,0,0,0,0,0,0,600000000,2595840,122880,9744,441743701,0,124,30
48,2026-07-03 18:17:00,\Device\HarddiskVolume3\Windows\System32\Dism\DismHost.exe,,,LocalSystem,S-1-5-18,,4,353,0,0,0,0,0,0,0,600000000,913408,32768,7239,368170870,0,25,8
49,2026-07-03 18:17:00,\Device\HarddiskVolume3\Windows\System32\SecurityHealthService.exe,,,LocalSystem,S-1-5-18,,4,354,0,0,0,0,0,0,0,10800150000,2484224,139264,13289,2138970534,0,71,34
50,2026-07-03 18:17:00,\Device\HarddiskVolume3\Windows\System32\wbem\WMIADAP.exe,,,LocalSystem,S-1-5-18,,4,355,0,0,0,0,0,0,0,1800000000,112640,86016,18119,942894559,0,10,15
51,2026-07-03 18:17:00,\Device\HarddiskVolume3\Windows\UUS\amd64\MoUsoCoreWorker.exe,,,LocalSystem,S-1-5-18,,4,356,0,0,0,0,0,0,0,3600150000,394752,1384448,16050,2994615161,69,10,338
52,2026-07-03 18:17:00,\Device\HarddiskVolume3\Windows\System32\svchost.exe [GPSvcGroup],,,LocalSystem,S-1-5-18,,4,357,0,0,0,0,0,0,0,4800150000,0,0,280,75703586,0,0,0
53,2026-07-03 18:17:00,\Device\HarddiskVolume3\Windows\System32\msiexec.exe,,,LocalSystem,S-1-5-18,,4,358,0,0,0,0,0,0,0,4200000000,2953216,220823552,107801,29696517576,48,288,14759
54,2026-07-03 18:17:00,\Device\HarddiskVolume3\Windows\System32\VSSVC.exe,,,LocalSystem,S-1-5-18,,4,359,0,0,0,0,0,0,0,1800000000,487424,28672,469,115154751,0,27,7
55,2026-07-03 18:17:00,\Device\HarddiskVolume3\Windows\System32\svchost.exe [swprv],,,LocalSystem,S-1-5-18,,4,360,0,0,0,0,0,0,0,1800000000,515584,0,209,78181599,0,11,0
56,2026-07-03 18:17:00,\Device\HarddiskVolume3\Windows\System32\svchost.exe [RPCSS],,,NetworkService,S-1-5-20,,9,26,0,0,0,0,0,0,0,13016870000,347136,94208,45983,9217841955,0,20,23
57,2026-07-03 18:17:00,\Device\HarddiskVolume3\Windows\System32\sppsvc.exe,,,NetworkService,S-1-5-20,,9,361,0,0,0,0,0,0,0,2816720000,478720,4141056,4690,2760069619,3,36,53
58,2026-07-03 18:17:00,\Device\HarddiskVolume3\Windows\System32\svchost.exe [netprofm],,,NetworkService,S-1-5-20,,9,362,0,0,0,0,0,0,0,13016870000,0,0,14765,1699635185,0,0,0
59,2026-07-03 18:17:00,\Device\HarddiskVolume3\Windows\System32\svchost.exe [NetworkService],,,NetworkService,S-1-5-20,,9,363,0,0,0,0,0,0,0,63050910000,32258048,313225216,50385,14531227470,3,951,1758
60,2026-07-03 18:17:00,\Device\HarddiskVolume3\Windows\System32\wbem\WmiPrvSE.exe,,,NetworkService,S-1-5-20,,9,333,0,0,0,0,0,0,0,7617020000,3593216,356352,19675,5599951887,0,216,84
61,2026-07-03 18:17:00,\Device\HarddiskVolume3\Windows\System32\SppExtComObj.Exe,,,NetworkService,S-1-5-20,,9,364,0,0,0,0,0,0,0,600000000,744448,28672,173,90485542,0,24,7
62,2026-07-03 18:17:00,\Device\HarddiskVolume3\Windows\System32\svchost.exe [NetworkServiceNetworkRestricted],,,NetworkService,S-1-5-20,,9,365,0,0,0,0,0,0,0,9600300000,364544,24576,473,124934788,0,20,6
63,2026-07-03 18:17:00,\Device\HarddiskVolume3\Windows\System32\dwm.exe,,,UnknownOrUserSid,S-1-5-90-0-1,,13,33,0,0,0,0,0,0,0,13016870000,1806336,16384,290270,83016966493,0,101,4
64,2026-07-03 18:17:00,\Device\HarddiskVolume3\Windows\System32\svchost.exe [LocalServiceNoNetwork],,,LocalService,S-1-5-19,,6,366,0,0,0,0,0,0,0,26033740000,1688064,1519616,10663,8179959069,0,60,207
65,2026-07-03 18:17:00,\Device\HarddiskVolume3\Windows\System32\svchost.exe [LocalService],,,LocalService,S-1-5-19,,6,367,0,0,0,0,0,0,0,77084500000,3184640,843776,9152,2059700555,4,119,84
66,2026-07-03 18:17:00,\Device\HarddiskVolume3\Windows\System32\svchost.exe [LocalServiceNetworkRestricted],,,LocalService,S-1-5-19,,6,368,0,0,0,0,0,0,0,141752280000,8189952,15450112,23395,5438610965,300,232,1252
67,2026-07-03 18:17:00,\Device\HarddiskVolume3\Windows\System32\svchost.exe [LocalServiceNoNetworkFirewall],,,LocalService,S-1-5-19,,6,369,0,0,0,0,0,0,0,13016870000,516608,670720,5905,2419320966,2,66,51
68,2026-07-03 18:17:00,\Device\HarddiskVolume3\Windows\System32\wbem\WmiPrvSE.exe,,,LocalService,S-1-5-19,,6,333,0,0,0,0,0,0,0,4200000000,613376,32768,10145,2465314434,0,26,8
69,2026-07-03 18:17:00,\Device\HarddiskVolume3\Program Files\Windows Defender\NisSrv.exe,,,LocalService,S-1-5-19,,6,370,0,0,0,0,0,0,0,13016870000,1605632,69632,12853,2635244430,0,87,17
70,2026-07-03 18:17:00,\Device\HarddiskVolume3\Windows\System32\svchost.exe [LocalServiceAndNoImpersonation],,,LocalService,S-1-5-19,,6,371,0,0,0,0,0,0,0,12000150000,225280,4096,989,239362428,0,11,1
71,2026-07-03 18:17:00,\Device\HarddiskVolume3\Windows\System32\svchost.exe [WebThreatDefense],,,LocalService,S-1-5-19,,6,372,0,0,0,0,0,0,0,10800150000,697344,73728,9694,1345898714,0,35,18
72,2026-07-03 18:17:00,\Device\HarddiskVolume3\Windows\System32\ctfmon.exe,,,UnknownOrUserSid,S-1-5-21-2395961029-2893071609-3470587398-1000,,60,328,0,0,0,0,0,0,0,11400000000,747520,475136,1853,1675713708,0,14,9
73,2026-07-03 18:17:00,Microsoft.AAD.BrokerPlugin_1000.19580.1000.0_neutral_neutral_cw5n1h2txyewy,,,UnknownOrUserSid,S-1-5-21-2395961029-2893071609-3470587398-1000,,60,373,3120128,45056,6122,1585434207,4,42,11,0,0,0,0,0,0,0,0
74,2026-07-03 18:17:00,Microsoft.Windows.StartMenuExperienceHost_10.0.26100.1301_neutral_neutral_cw5n1h2txyewy,,,UnknownOrUserSid,S-1-5-21-2395961029-2893071609-3470587398-1000,,60,284,727040,266240,6311,1922392556,5,51,23,6703496414,16398848,434176,13179,6026230074,2,171,106
75,2026-07-03 18:17:00,Microsoft.Windows.ContentDeliveryManager_10.0.26100.1_neutral_neutral_cw5n1h2txyewy,,,UnknownOrUserSid,S-1-5-21-2395961029-2893071609-3470587398-1000,,60,374,0,8192,435,147386309,0,0,2,0,0,0,0,0,0,0,0
76,2026-07-03 18:17:00,MicrosoftWindows.Client.CBS_1000.26100.18.0_x64__cw5n1h2txyewy,,,UnknownOrUserSid,S-1-5-21-2395961029-2893071609-3470587398-1000,,60,295,6362112,696320,89097,5520751174,0,184,170,3538987675,18755072,24416256,20634,11500043509,38,417,4612
77,2026-07-03 18:17:00,\Device\HarddiskVolume3\Windows\System32\SearchProtocolHost.exe,,,UnknownOrUserSid,S-1-5-21-2395961029-2893071609-3470587398-1000,,60,339,0,0,0,0,0,0,0,1800000000,0,0,192,82811073,0,0,0
78,2026-07-03 18:17:00,\Device\HarddiskVolume3\Windows\System32\sihost.exe,,,UnknownOrUserSid,S-1-5-21-2395961029-2893071609-3470587398-1000,,60,375,0,0,0,0,0,0,0,12000150000,3034112,143360,9098,4579433708,0,127,35
79,2026-07-03 18:17:00,\Device\HarddiskVolume3\Windows\System32\svchost.exe,,,UnknownOrUserSid,S-1-5-21-2395961029-2893071609-3470587398-1000,,60,376,0,0,0,0,0,0,0,70800900000,7110656,17113088,9991,3285225931,20,281,4176
80,2026-07-03 18:17:00,\Device\HarddiskVolume3\Windows\System32\userinit.exe,,,UnknownOrUserSid,S-1-5-21-2395961029-2893071609-3470587398-1000,,60,377,0,0,0,0,0,0,0,600000000,33280,4096,618,120585618,0,3,1
81,2026-07-03 18:17:00,\Device\HarddiskVolume3\Windows\System32\ShellHost.exe,,,UnknownOrUserSid,S-1-5-21-2395961029-2893071609-3470587398-1000,,60,378,0,0,0,0,0,0,0,12000150000,2641408,20480,1534,411998220,0,47,5
82,2026-07-03 18:17:00,\Device\HarddiskVolume3\Windows\explorer.exe,,,UnknownOrUserSid,S-1-5-21-2395961029-2893071609-3470587398-1000,,60,379,0,0,0,0,0,0,0,12000150000,20688384,4108800,58160,26101033529,4,692,594
83,2026-07-03 18:17:00,\Device\HarddiskVolume3\Windows\System32\oobe\FirstLogonAnim.exe,,,UnknownOrUserSid,S-1-5-21-2395961029-2893071609-3470587398-1000,,60,380,0,0,0,0,0,0,0,600000000,4674560,233472,6655,4066465968,0,158,27
84,2026-07-03 18:17:00,\Device\HarddiskVolume3\Windows\System32\taskhostw.exe,,,UnknownOrUserSid,S-1-5-21-2395961029-2893071609-3470587398-1000,,60,348,0,0,0,0,0,0,0,17400000000,679936,5738496,3779,542507865,0,38,214
85,2026-07-03 18:17:00,\Device\HarddiskVolume3\Windows\System32\runonce.exe,,,UnknownOrUserSid,S-1-5-21-2395961029-2893071609-3470587398-1000,,60,381,0,0,0,0,0,0,0,8999850000,261120,36864,830,222111204,0,8,7
86,2026-07-03 18:17:00,\Device\HarddiskVolume3\Windows\System32\smartscreen.exe,,,UnknownOrUserSid,S-1-5-21-2395961029-2893071609-3470587398-1000,,60,382,0,0,0,0,0,0,0,12000150000,2788352,4096,1138,297834042,0,18,1
87,2026-07-03 18:17:00,\Device\HarddiskVolume3\Windows\System32\WindowsPowerShell\v1.0\powershell.exe,,,UnknownOrUserSid,S-1-5-21-2395961029-2893071609-3470587398-1000,,60,383,0,0,0,0,0,0,0,21600150000,30256128,579985408,16568612,1112132951356,6,245,59449
88,2026-07-03 18:17:00,\Device\HarddiskVolume3\Windows\System32\conhost.exe,,,UnknownOrUserSid,S-1-5-21-2395961029-2893071609-3470587398-1000,,60,349,0,0,0,0,0,0,0,13200150000,262144,0,16844290,973325533120,0,14,0
89,2026-07-03 18:17:00,\Device\HarddiskVolume3\Windows\System32\dllhost.exe,,,UnknownOrUserSid,S-1-5-21-2395961029-2893071609-3470587398-1000,,60,351,0,0,0,0,0,0,0,12000000000,1105920,9601024,1485,432560031,0,18,193
90,2026-07-03 18:17:00,NcsiUwpApp_1000.25128.1000.0_neutral_neutral_8wekyb3d8bbwe,,,UnknownOrUserSid,S-1-5-21-2395961029-2893071609-3470587398-1000,,60,384,131072,12288,4148,271407218,0,8,3,0,0,0,0,0,0,0,0
91,2026-07-03 18:17:00,MicrosoftWindows.Client.OOBE_1000.26100.2.0_x64__cw5n1h2txyewy,,,UnknownOrUserSid,S-1-5-21-2395961029-2893071609-3470587398-1000,,60,385,1137664,4096,4901,250006908,0,9,1,0,0,0,0,0,0,0,0
92,2026-07-03 18:17:00,\Device\HarddiskVolume3\Windows\System32\Dism\DismHost.exe,,,UnknownOrUserSid,S-1-5-21-2395961029-2893071609-3470587398-1000,,60,353,0,0,0,0,0,0,0,1800000000,0,8192,5628,348789892,0,0,2
93,2026-07-03 18:17:00,\Device\HarddiskVolume3\Windows\System32\oobe\UserOOBEBroker.exe,,,UnknownOrUserSid,S-1-5-21-2395961029-2893071609-3470587398-1000,,60,386,0,0,0,0,0,0,0,7200150000,0,0,273,88871248,0,0,0
94,2026-07-03 18:17:00,\Device\HarddiskVolume3\Windows\System32\SecurityHealthSystray.exe,,,UnknownOrUserSid,S-1-5-21-2395961029-2893071609-3470587398-1000,,60,387,0,0,0,0,0,0,0,8400150000,483328,16384,529,166780911,0,16,4
95,2026-07-03 18:17:00,\Device\HarddiskVolume3\dfir\dl\python.exe,,,UnknownOrUserSid,S-1-5-21-2395961029-2893071609-3470587398-1000,,60,388,0,0,0,0,0,0,0,599850000,4303360,974848,129,211797874,0,48,238
96,2026-07-03 18:17:00,\Device\HarddiskVolume3\Windows\Temp\{2F846AB1-F602-4BFE-B1F2-AA84AA1C7654}\.cr\python.exe,,,UnknownOrUserSid,S-1-5-21-2395961029-2893071609-3470587398-1000,,60,389,0,0,0,0,0,0,0,599850000,5567488,17801216,19199,2398872704,0,99,765
97,2026-07-03 18:17:00,\Device\HarddiskVolume3\Windows\Temp\{F9FD8742-B150-4702-985E-86013DAA5848}\.be\python-3.12.7-amd64.exe,,,UnknownOrUserSid,S-1-5-21-2395961029-2893071609-3470587398-1000,,60,390,0,0,0,0,0,0,0,599850000,1351168,303104,114135,10362587451,0,50,71
98,2026-07-03 18:17:00,\Device\HarddiskVolume3\Windows\System32\msiexec.exe,,,UnknownOrUserSid,S-1-5-21-2395961029-2893071609-3470587398-1000,,60,358,0,0,0,0,0,0,0,1200300000,152064,0,54461,3928732928,0,11,0
99,2026-07-03 18:17:00,\Device\HarddiskVolume3\Windows\SysWOW64\msiexec.exe,,,UnknownOrUserSid,S-1-5-21-2395961029-2893071609-3470587398-1000,,60,391,0,0,0,0,0,0,0,1200000000,606720,16384,358,271962967,0,24,4
100,2026-07-03 18:17:00,\Device\HarddiskVolume3\dfir\Python\python.exe,,,UnknownOrUserSid,S-1-5-21-2395961029-2893071609-3470587398-1000,,60,392,0,0,0,0,0,0,0,1799700000,15323648,239788032,11892,53616984744,382,127,12111
101,2026-07-03 18:17:00,\Device\HarddiskVolume3\dfir\Git\bin\bash.exe,,,UnknownOrUserSid,S-1-5-21-2395961029-2893071609-3470587398-1000,,60,393,0,0,0,0,0,0,0,600000000,0,0,33,26242153,0,0,0
102,2026-07-03 18:17:00,\Device\HarddiskVolume3\dfir\Git\usr\bin\bash.exe,,,UnknownOrUserSid,S-1-5-21-2395961029-2893071609-3470587398-1000,,60,394,0,0,0,0,0,0,0,2400000000,0,4096,964,401034193,0,0,1
103,2026-07-03 18:17:00,\Device\HarddiskVolume3\dfir\Git\mingw64\bin\git.exe,,,UnknownOrUserSid,S-1-5-21-2395961029-2893071609-3470587398-1000,,60,395,0,0,0,0,0,0,0,600000000,0,0,41,52195929,0,0,0
104,2026-07-03 18:17:00,\Device\HarddiskVolume3\dfir\Git\mingw64\libexec\git-core\git.exe,,,UnknownOrUserSid,S-1-5-21-2395961029-2893071609-3470587398-1000,,60,396,0,0,0,0,0,0,0,600000000,0,0,61,47248289,0,0,0
105,2026-07-03 18:17:00,\Device\HarddiskVolume3\dfir\Git\mingw64\libexec\git-core\git-remote-https.exe,,,UnknownOrUserSid,S-1-5-21-2395961029-2893071609-3470587398-1000,,60,397,0,0,0,0,0,0,0,600000000,0,0,164,96401343,0,0,0
106,2026-07-03 18:17:00,\Device\HarddiskVolume3\Windows\System32\rundll32.exe,,,UnknownOrUserSid,S-1-5-21-2395961029-2893071609-3470587398-1000,,60,398,0,0,0,0,0,0,0,600150000,0,0,108,77077482,0,0,0
107,2026-07-03 18:17:00,\Device\HarddiskVolume3\Python27\python.exe,,,UnknownOrUserSid,S-1-5-21-2395961029-2893071609-3470587398-1000,,60,399,0,0,0,0,0,0,0,600150000,8479232,3379200,272,1130374643,0,51,349
127,2026-07-14 07:26:00,Microsoft.AAD.BrokerPlugin_1000.19580.1000.0_neutral_neutral_cw5n1h2txyewy,,,UnknownOrUserSid,S-1-5-21-2395961029-2893071609-3470587398-1000,,60,373,296960,131072,3934,1576514777,6,8,32,0,0,0,0,0,0,0,0
128,2026-07-14 07:26:00,Microsoft.Windows.StartMenuExperienceHost_10.0.26100.1301_neutral_neutral_cw5n1h2txyewy,,,UnknownOrUserSid,S-1-5-21-2395961029-2893071609-3470587398-1000,,60,284,1280512,61440,5108,1490941472,0,75,15,36408193226,2553344,380928,7849,3781762391,1,143,93
129,2026-07-14 07:26:00,MicrosoftWindows.Client.CBS_1000.26100.18.0_x64__cw5n1h2txyewy,,,UnknownOrUserSid,S-1-5-21-2395961029-2893071609-3470587398-1000,,60,295,6918144,200704,10871,4664174459,0,396,49,67556760,3995648,450560,6949,6718378990,1,236,110
130,2026-07-14 07:26:00,\Device\HarddiskVolume3\Windows\System32\dllhost.exe,,,UnknownOrUserSid,S-1-5-21-2395961029-2893071609-3470587398-1000,,60,351,0,0,0,0,0,0,0,13032960000,3686400,405504,478,269425343,0,95,36
131,2026-07-14 07:26:00,\Device\HarddiskVolume3\Windows\System32\sihost.exe,,,UnknownOrUserSid,S-1-5-21-2395961029-2893071609-3470587398-1000,,60,375,0,0,0,0,0,0,0,36434370000,13002752,253952,13794,5495368747,0,849,62
132,2026-07-14 07:26:00,\Device\HarddiskVolume3\Windows\System32\svchost.exe,,,UnknownOrUserSid,S-1-5-21-2395961029-2893071609-3470587398-1000,,60,376,0,0,0,0,0,0,0,197170760000,15315456,1110016,8456,4297672138,0,989,270
133,2026-07-14 07:26:00,\Device\HarddiskVolume3\Windows\System32\taskhostw.exe,,,UnknownOrUserSid,S-1-5-21-2395961029-2893071609-3470587398-1000,,60,348,0,0,0,0,0,0,0,30433120000,4593152,2052096,1858,1117836668,2,178,175
134,2026-07-14 07:26:00,\Device\HarddiskVolume3\Windows\System32\ShellHost.exe,,,UnknownOrUserSid,S-1-5-21-2395961029-2893071609-3470587398-1000,,60,378,0,0,0,0,0,0,0,32834530000,4392960,65536,1403,670961312,0,245,16
135,2026-07-14 07:26:00,\Device\HarddiskVolume3\Windows\explorer.exe,,,UnknownOrUserSid,S-1-5-21-2395961029-2893071609-3470587398-1000,,60,379,0,0,0,0,0,0,0,36434370000,59688448,1236992,25991,11699816421,0,3249,281
136,2026-07-14 07:26:00,\Device\HarddiskVolume3\Windows\System32\ctfmon.exe,,,UnknownOrUserSid,S-1-5-21-2395961029-2893071609-3470587398-1000,,60,328,0,0,0,0,0,0,0,14234530000,144384,12288,1541,792887247,0,3,3
137,2026-07-14 07:26:00,\Device\HarddiskVolume3\Windows\System32\smartscreen.exe,,,UnknownOrUserSid,S-1-5-21-2395961029-2893071609-3470587398-1000,,60,382,0,0,0,0,0,0,0,20234370000,1569792,8192,1088,534346312,0,81,2
138,2026-07-14 07:26:00,\Device\HarddiskVolume3\Windows\System32\SecurityHealthSystray.exe,,,UnknownOrUserSid,S-1-5-21-2395961029-2893071609-3470587398-1000,,60,387,0,0,0,0,0,0,0,13034210000,133632,16384,726,247652202,0,3,4
139,2026-07-14 07:26:00,MicrosoftWindows.Client.OOBE_1000.26100.2.0_x64__cw5n1h2txyewy,,,UnknownOrUserSid,S-1-5-21-2395961029-2893071609-3470587398-1000,,60,385,2293760,20480,1685,722132708,0,111,5,0,0,0,0,0,0,0,0
140,2026-07-14 07:26:00,Microsoft.Windows.ShellExperienceHost_10.0.26100.1301_neutral_neutral_cw5n1h2txyewy,,,UnknownOrUserSid,S-1-5-21-2395961029-2893071609-3470587398-1000,,60,1056,194048,0,1191,450634046,0,3,0,337230474,362496,77824,2247,1509366527,0,17,19
141,2026-07-14 07:26:00,\Device\HarddiskVolume3\Windows\System32\conhost.exe,,,UnknownOrUserSid,S-1-5-21-2395961029-2893071609-3470587398-1000,,60,349,0,0,0,0,0,0,0,1801250000,118784,0,8402,1141651151,0,7,0
142,2026-07-14 07:26:00,\Device\HarddiskVolume3\Windows\System32\cleanmgr.exe,,,UnknownOrUserSid,S-1-5-21-2395961029-2893071609-3470587398-1000,,60,1109,0,0,0,0,0,0,0,600000000,1602512,573440,898,731945998,10,99,138
143,2026-07-14 07:26:00,\Device\HarddiskVolume3\Windows\System32\Dism\DismHost.exe,,,UnknownOrUserSid,S-1-5-21-2395961029-2893071609-3470587398-1000,,60,353,0,0,0,0,0,0,0,600000000,40960,12288,204,76778238,0,2,3
144,2026-07-14 07:26:00,\Device\HarddiskVolume3\Windows\System32\rundll32.exe,,,UnknownOrUserSid,S-1-5-21-2395961029-2893071609-3470587398-1000,,60,398,0,0,0,0,0,0,0,600000000,0,0,85,79694984,0,0,0
145,2026-07-14 07:26:00,\Device\HarddiskVolume3\Windows\System32\WinSAT.exe,,,UnknownOrUserSid,S-1-5-21-2395961029-2893071609-3470587398-1000,,60,1089,0,0,0,0,0,0,0,1201250000,36014080,6307840,178795,1293351242038,2,53,227
146,2026-07-14 07:26:00,NcsiUwpApp_1000.25128.1000.0_neutral_neutral_8wekyb3d8bbwe,,,UnknownOrUserSid,S-1-5-21-2395961029-2893071609-3470587398-1000,,60,384,75776,0,560,112756614,0,2,0,0,0,0,0,0,0,0,0
147,2026-07-14 07:26:00,\Device\HarddiskVolume3\Windows\System32\cmd.exe,,,UnknownOrUserSid,S-1-5-21-2395961029-2893071609-3470587398-1000,,60,514,0,0,0,0,0,0,0,600000000,0,8192,104,44869420,0,0,2
148,2026-07-14 07:26:00,\Device\HarddiskVolume3\dfir\tools\git\bin\bash.exe,,,UnknownOrUserSid,S-1-5-21-2395961029-2893071609-3470587398-1000,,60,1108,0,0,0,0,0,0,0,600000000,0,0,44,34077105,0,0,0
149,2026-07-14 07:26:00,\Device\HarddiskVolume3\dfir\tools\git\usr\bin\bash.exe,,,UnknownOrUserSid,S-1-5-21-2395961029-2893071609-3470587398-1000,,60,1099,0,0,0,0,0,0,0,3000000000,0,73728,8166,1431809072,0,0,18
150,2026-07-14 07:26:00,\Device\HarddiskVolume3\dfir\tools\git\usr\bin\timeout.exe,,,UnknownOrUserSid,S-1-5-21-2395961029-2893071609-3470587398-1000,,60,1112,0,0,0,0,0,0,0,600000000,0,0,41,24728075,0,0,0
151,2026-07-14 07:26:00,\Device\HarddiskVolume3\dfir\tools\hayabusa\hayabusa.exe,,,UnknownOrUserSid,S-1-5-21-2395961029-2893071609-3470587398-1000,,60,526,0,0,0,0,0,0,0,600000000,6819840,9203712,8982,5854348258,0,744,2247
152,2026-07-14 07:26:00,System,,,LocalSystem,S-1-5-18,,4,29,0,0,0,0,0,0,0,36434370000,190460416,242450944,3167829,488690640730,447,4087,22893
153,2026-07-14 07:26:00,\Device\HarddiskVolume3\Windows\System32\csrss.exe,,,LocalSystem,S-1-5-18,,4,313,0,0,0,0,0,0,0,72868740000,2193920,126976,39948,4796848134,0,65,31
154,2026-07-14 07:26:00,\Device\HarddiskVolume3\Windows\System32\wininit.exe,,,LocalSystem,S-1-5-18,,4,314,0,0,0,0,0,0,0,36434370000,0,0,176,70624164,0,0,0
155,2026-07-14 07:26:00,\Device\HarddiskVolume3\Windows\System32\winlogon.exe,,,LocalSystem,S-1-5-18,,4,32,0,0,0,0,0,0,0,10634370000,97792,16384,340,169558918,0,13,4
156,2026-07-14 07:26:00,\Device\HarddiskVolume3\Windows\System32\services.exe,,,LocalSystem,S-1-5-18,,4,31,0,0,0,0,0,0,0,36434370000,1411072,237568,65530,6502185838,0,146,58
157,2026-07-14 07:26:00,\Device\HarddiskVolume3\Windows\System32\lsass.exe,,,LocalSystem,S-1-5-18,,4,315,0,0,0,0,0,0,0,36434370000,5314048,3428352,1284346,83423019493,218,186,472
158,2026-07-14 07:26:00,\Device\HarddiskVolume3\Windows\System32\svchost.exe [DcomLaunch],,,LocalSystem,S-1-5-18,,4,30,0,0,0,0,0,0,0,88302020000,3016192,200704,46372,6916557383,4,241,48
159,2026-07-14 07:26:00,\Device\HarddiskVolume3\Windows\System32\fontdrvhost.exe,,,LocalSystem,S-1-5-18,,4,316,0,0,0,0,0,0,0,21867970000,521216,16384,914,63648060,0,15,4
160,2026-07-14 07:26:00,\Device\HarddiskVolume3\Windows\System32\svchost.exe [LocalSystemNetworkRestricted],,,LocalSystem,S-1-5-18,,4,323,0,0,0,0,0,0,0,280672780000,43623936,8527872,12516,16025626221,39,1876,1050
161,2026-07-14 07:26:00,\Device\HarddiskVolume3\Windows\System32\svchost.exe [netsvcs],,,LocalSystem,S-1-5-18,,4,317,0,0,0,0,0,0,0,592881980000,1716723200,2258699264,229332,821093714598,312,8530,82767
162,2026-07-14 07:26:00,\Device\HarddiskVolume3\Windows\System32\svchost.exe [GPSvcGroup],,,LocalSystem,S-1-5-18,,4,357,0,0,0,0,0,0,0,22035620000,0,24576,1093,379489489,0,0,6
163,2026-07-14 07:26:00,\Device\HarddiskVolume3\Windows\System32\svchost.exe [UserProfileService],,,LocalSystem,S-1-5-18,,4,318,0,0,0,0,0,0,0,36434370000,3984384,1361920,1335,632337775,2,163,149
164,2026-07-14 07:26:00,Memory Compression,,,LocalSystem,S-1-5-18,,4,336,0,0,0,0,0,0,0,8234690000,0,0,159,8096340,0,0,0
165,2026-07-14 07:26:00,\Device\HarddiskVolume3\Windows\System32\dllhost.exe,,,LocalSystem,S-1-5-18,,4,351,0,0,0,0,0,0,0,434530000,0,0,376,123170498,0,0,0
166,2026-07-14 07:26:00,\Device\HarddiskVolume3\Windows\System32\spoolsv.exe,,,LocalSystem,S-1-5-18,,4,329,0,0,0,0,0,0,0,11834690000,6868480,184320,1461,576970727,0,436,45
167,2026-07-14 07:26:00,\Device\HarddiskVolume3\Windows\System32\svchost.exe [utcsvc],,,LocalSystem,S-1-5-18,,4,330,0,0,0,0,0,0,0,35834370000,22920192,12365824,13760,19154986038,164,795,1134
168,2026-07-14 07:26:00,\Device\HarddiskVolume3\Windows\System32\svchost.exe [NetSvcs],,,LocalSystem,S-1-5-18,,4,331,0,0,0,0,0,0,0,36434370000,0,0,989,156525768,0,0,0
169,2026-07-14 07:26:00,\Device\HarddiskVolume3\Windows\System32\svchost.exe [appmodel],,,LocalSystem,S-1-5-18,,4,326,0,0,0,0,0,0,0,36434370000,1073664,180224,10916,2849167149,22,88,44
170,2026-07-14 07:26:00,\Device\HarddiskVolume3\Windows\System32\OpenSSH\ssh-agent.exe,,,LocalSystem,S-1-5-18,,4,1057,0,0,0,0,0,0,0,7034690000,0,0,36,9136682,0,0,0
171,2026-07-14 07:26:00,\Device\HarddiskVolume3\Windows\System32\OpenSSH\sshd.exe,,,LocalSystem,S-1-5-18,,4,1059,0,0,0,0,0,0,0,14834370000,28672,0,246,209547263,0,1,0
172,2026-07-14 07:26:00,\Device\HarddiskVolume3\Program Files\Windows Defender\MsMpEng.exe,,,LocalSystem,S-1-5-18,,4,27,0,0,0,0,0,0,0,6434370000,295970304,336998400,330967,366916029575,0,2243,4052
173,2026-07-14 07:26:00,\Device\HarddiskVolume3\Windows\System32\AggregatorHost.exe,,,LocalSystem,S-1-5-18,,4,332,0,0,0,0,0,0,0,23833120000,18460672,229376,2821,1950436437,0,227,56
174,2026-07-14 07:26:00,\Device\HarddiskVolume3\Program Files (x86)\Microsoft\EdgeUpdate\MicrosoftEdgeUpdate.exe,,,LocalSystem,S-1-5-18,,4,342,0,0,0,0,0,0,0,10034050000,15418368,323584,1672,625367982,0,790,78
175,2026-07-14 07:26:00,\Device\HarddiskVolume3\Windows\System32\taskhostw.exe,,,LocalSystem,S-1-5-18,,4,348,0,0,0,0,0,0,0,1198750000,1254400,200704,3107,2468847208,0,70,34
176,2026-07-14 07:26:00,\Device\HarddiskVolume3\Windows\System32\svchost.exe [wsappx],,,LocalSystem,S-1-5-18,,4,325,0,0,0,0,0,0,0,21434690000,9187840,55078912,11944,6658870943,291,509,1691
177,2026-07-14 07:26:00,\Device\HarddiskVolume3\Windows\System32\svchost.exe [osprivacy],,,LocalSystem,S-1-5-18,,4,346,0,0,0,0,0,0,0,36434370000,1368064,118784,3058,1281838861,2,83,29
178,2026-07-14 07:26:00,\Device\HarddiskVolume3\Windows\System32\SecurityHealthService.exe,,,LocalSystem,S-1-5-18,,4,354,0,0,0,0,0,0,0,36434370000,3751936,279552,24406,4713270628,0,95,47
179,2026-07-14 07:26:00,\Device\HarddiskVolume3\Windows\System32\wbem\WmiPrvSE.exe,,,LocalSystem,S-1-5-18,,4,333,0,0,0,0,0,0,0,25200000000,1491968,110592,5789,3623114263,0,99,27
180,2026-07-14 07:26:00,System Interrupts,,,LocalSystem,S-1-5-18,,4,28,0,0,0,0,0,0,0,36434370000,0,0,0,463964239591,0,0,0
181,2026-07-14 07:26:00,Registry,,,LocalSystem,S-1-5-18,,4,335,0,0,0,0,0,0,0,32999680000,0,172933120,4181,3057291523,332,0,3844
182,2026-07-14 07:26:00,\Device\HarddiskVolume3\Windows\System32\smss.exe,,,LocalSystem,S-1-5-18,,4,312,0,0,0,0,0,0,0,1799840000,0,0,3,1762863,0,0,0
183,2026-07-14 07:26:00,\Device\HarddiskVolume3\Windows\System32\svchost.exe [wusvcs],,,LocalSystem,S-1-5-18,,4,337,0,0,0,0,0,0,0,2400160000,821760,122880,1766,1388448418,0,48,26
184,2026-07-14 07:26:00,\Device\HarddiskVolume3\Windows\System32\SearchIndexer.exe,,,LocalSystem,S-1-5-18,,4,338,0,0,0,0,0,0,0,35400000000,33048064,958464,29132,14533245045,10,614,225
185,2026-07-14 07:26:00,\Device\HarddiskVolume3\Windows\System32\SearchProtocolHost.exe,,,LocalSystem,S-1-5-18,,4,339,0,0,0,0,0,0,0,2400000000,408064,32768,1245,464488871,0,22,8
186,2026-07-14 07:26:00,\Device\HarddiskVolume3\Windows\servicing\TrustedInstaller.exe,,,LocalSystem,S-1-5-18,,4,327,0,0,0,0,0,0,0,9600160000,143545,53248,82544,4318852790,0,4,13
187,2026-07-14 07:26:00,\Device\HarddiskVolume3\Windows\WinSxS\amd64_microsoft-windows-servicingstack_31bf3856ad364e35_10.0.26100.1738_none_a5031b637767a4e7\TiWorker.exe,,,LocalSystem,S-1-5-18,,4,334,0,0,0,0,0,0,0,9600160000,409501696,2265628160,233162,341946718618,71,6875,71601
188,2026-07-14 07:26:00,\Device\HarddiskVolume3\Windows\UUS\amd64\MoUsoCoreWorker.exe,,,LocalSystem,S-1-5-18,,4,356,0,0,0,0,0,0,0,25200000000,2569216,24784896,42371,26585273424,820,92,5969
189,2026-07-14 07:26:00,\Device\HarddiskVolume3\Windows\System32\svchost.exe [defragsvc],,,LocalSystem,S-1-5-18,,4,1060,0,0,0,0,0,0,0,3000000000,258899456,170991616,278738,137361691899,0,4555,41746
190,2026-07-14 07:26:00,\Device\HarddiskVolume3\Program Files\Windows Defender\MpCmdRun.exe,,,LocalSystem,S-1-5-18,,4,1063,0,0,0,0,0,0,0,6600160000,778240,24576,91286,3400135515,0,40,6
191,2026-07-14 07:26:00,\Device\HarddiskVolume3\Windows\System32\conhost.exe,,,LocalSystem,S-1-5-18,,4,349,0,0,0,0,0,0,0,8400160000,0,0,6101,704751837,0,0,0
192,2026-07-14 07:26:00,\Device\HarddiskVolume3\Windows\System32\Defrag.exe,,,LocalSystem,S-1-5-18,,4,1061,0,0,0,0,0,0,0,600000000,0,0,578,89185933,0,0,0
193,2026-07-14 07:26:00,\Device\HarddiskVolume3\ProgramData\Microsoft\Windows Defender\Platform\4.18.26060.3008-0\MsMpEng.exe,,,LocalSystem,S-1-5-18,,4,1081,0,0,0,0,0,0,0,30000000000,16334502752,895442944,2534815,1618560838190,2,185317,53530
194,2026-07-14 07:26:00,\Device\HarddiskVolume3\ProgramData\Microsoft\Windows Defender\Platform\4.18.26060.3008-0\MpDefenderCoreService.exe,,,LocalSystem,S-1-5-18,,4,1078,0,0,0,0,0,0,0,30000000000,3679232,2805760,2191,1714117608,0,300,167
195,2026-07-14 07:26:00,\Device\HarddiskVolume3\Windows\Microsoft.NET\Framework64\v4.0.30319\ngentask.exe,,,LocalSystem,S-1-5-18,,4,1070,0,0,0,0,0,0,0,600000000,0,4096,533,225514633,0,0,1
196,2026-07-14 07:26:00,\Device\HarddiskVolume3\Windows\Microsoft.NET\Framework\v4.0.30319\ngentask.exe,,,LocalSystem,S-1-5-18,,4,1080,0,0,0,0,0,0,0,600000000,1867264,73728,901,464938038,0,122,18
197,2026-07-14 07:26:00,\Device\HarddiskVolume3\Windows\Microsoft.NET\Framework64\v4.0.30319\ngen.exe,,,LocalSystem,S-1-5-18,,4,1079,0,0,0,0,0,0,0,600000000,1642496,200704,2374,937321058,0,77,49
198,2026-07-14 07:26:00,\Device\HarddiskVolume3\Windows\Microsoft.NET\Framework\v4.0.30319\ngen.exe,,,LocalSystem,S-1-5-18,,4,1065,0,0,0,0,0,0,0,600000000,0,8192,238,112947933,0,0,2
199,2026-07-14 07:26:00,\Device\HarddiskVolume3\Windows\Microsoft.NET\Framework64\v4.0.30319\mscorsvw.exe,,,LocalSystem,S-1-5-18,,4,1067,0,0,0,0,0,0,0,600000000,1495040,0,543,981550632,0,80,0
200,2026-07-14 07:26:00,\Device\HarddiskVolume3\Windows\System32\wbem\WmiApSrv.exe,,,LocalSystem,S-1-5-18,,4,1087,0,0,0,0,0,0,0,1201250000,49152,4096,249,91175484,0,3,1
201,2026-07-14 07:26:00,\Device\HarddiskVolume3\Windows\UUS\amd64\wuaucltcore.exe,,,LocalSystem,S-1-5-18,,4,463,0,0,0,0,0,0,0,1201250000,0,81920,155,242936176,6,0,12
202,2026-07-14 07:26:00,\Device\HarddiskVolume3\Windows\System32\VSSVC.exe,,,LocalSystem,S-1-5-18,,4,359,0,0,0,0,0,0,0,1798750000,512,20480,828,112986120,0,1,5
203,2026-07-14 07:26:00,\Device\HarddiskVolume3\Windows\System32\svchost.exe [swprv],,,LocalSystem,S-1-5-18,,4,360,0,0,0,0,0,0,0,3598750000,0,8192,231,91215780,0,0,2
204,2026-07-14 07:26:00,\Device\HarddiskVolume3\Windows\System32\svchost.exe [RPCSS],,,NetworkService,S-1-5-20,,9,26,0,0,0,0,0,0,0,36434370000,520192,90112,57247,10217432389,0,38,22
205,2026-07-14 07:26:00,\Device\HarddiskVolume3\Windows\System32\svchost.exe [NetworkService],,,NetworkService,S-1-5-20,,9,363,0,0,0,0,0,0,0,181137480000,33606144,3778387968,567391,108676711989,4,694,20057
206,2026-07-14 07:26:00,\Device\HarddiskVolume3\Windows\System32\svchost.exe [netprofm],,,NetworkService,S-1-5-20,,9,362,0,0,0,0,0,0,0,36434370000,679936,16384,22515,3616977758,0,42,4
207,2026-07-14 07:26:00,\Device\HarddiskVolume3\Windows\System32\svchost.exe [NetworkServiceNetworkRestricted],,,NetworkService,S-1-5-20,,9,365,0,0,0,0,0,0,0,34634370000,12288,16384,638,207447323,0,1,4
208,2026-07-14 07:26:00,\Device\HarddiskVolume3\Windows\System32\wbem\WmiPrvSE.exe,,,NetworkService,S-1-5-20,,9,333,0,0,0,0,0,0,0,12434690000,2488832,512000,16423,5420431744,0,220,125
209,2026-07-14 07:26:00,\Device\HarddiskVolume3\Windows\System32\sppsvc.exe,,,NetworkService,S-1-5-20,,9,361,0,0,0,0,0,0,0,1800160000,35840,4452352,1037,3033462187,2,2,49
210,2026-07-14 07:26:00,\Device\HarddiskVolume3\Windows\System32\svchost.exe [LocalServiceNetworkRestricted],,,LocalService,S-1-5-19,,6,368,0,0,0,0,0,0,0,360141360000,23485952,11922432,19416,6685986966,284,504,1396
211,2026-07-14 07:26:00,\Device\HarddiskVolume3\Windows\System32\svchost.exe [LocalService],,,LocalService,S-1-5-19,,6,367,0,0,0,0,0,0,0,247571850000,3789312,233472,8479,2311418890,2,220,34
212,2026-07-14 07:26:00,\Device\HarddiskVolume3\Windows\System32\svchost.exe [LocalServiceNoNetwork],,,LocalService,S-1-5-19,,6,366,0,0,0,0,0,0,0,72868740000,2122240,3080192,11841,5007606659,0,83,510
213,2026-07-14 07:26:00,\Device\HarddiskVolume3\Windows\System32\svchost.exe [LocalServiceNoNetworkFirewall],,,LocalService,S-1-5-19,,6,369,0,0,0,0,0,0,0,36434370000,725504,90112,4880,2685924346,0,99,22
214,2026-07-14 07:26:00,\Device\HarddiskVolume3\Windows\System32\wbem\WmiPrvSE.exe,,,LocalService,S-1-5-19,,6,333,0,0,0,0,0,0,0,7800160000,65536,36864,17402,5107468097,0,7,9
215,2026-07-14 07:26:00,\Device\HarddiskVolume3\Program Files\Windows Defender\NisSrv.exe,,,LocalService,S-1-5-19,,6,370,0,0,0,0,0,0,0,6434370000,1699840,16384,576,300979575,0,94,4
216,2026-07-14 07:26:00,\Device\HarddiskVolume3\Windows\System32\svchost.exe [LocalServiceAndNoImpersonation],,,LocalService,S-1-5-19,,6,371,0,0,0,0,0,0,0,35400000000,172544,16384,1767,561523000,0,5,4
217,2026-07-14 07:26:00,\Device\HarddiskVolume3\ProgramData\Microsoft\Windows Defender\Platform\4.18.26060.3008-0\NisSrv.exe,,,LocalService,S-1-5-19,,6,1093,0,0,0,0,0,0,0,30000000000,0,4096,975,407721595,0,0,1
218,2026-07-14 07:26:00,\Device\HarddiskVolume3\Windows\System32\dwm.exe,,,UnknownOrUserSid,S-1-5-90-0-1,,13,33,0,0,0,0,0,0,0,36434370000,1509376,0,11370,6325358914,0,83,0
253,2026-07-14 08:27:00,Microsoft.AAD.BrokerPlugin_1000.19580.1000.0_neutral_neutral_cw5n1h2txyewy,,,UnknownOrUserSid,S-1-5-21-2395961029-2893071609-3470587398-1000,,60,373,0,8192,3173,1298628993,5,0,2,0,0,0,0,0,0,0,0
254,2026-07-14 08:27:00,Microsoft.Windows.StartMenuExperienceHost_10.0.26100.1301_neutral_neutral_cw5n1h2txyewy,,,UnknownOrUserSid,S-1-5-21-2395961029-2893071609-3470587398-1000,,60,284,0,0,219,95817932,0,0,0,36000002480,0,0,731,259820190,0,0,0
255,2026-07-14 08:27:00,MicrosoftWindows.Client.CBS_1000.26100.18.0_x64__cw5n1h2txyewy,,,UnknownOrUserSid,S-1-5-21-2395961029-2893071609-3470587398-1000,,60,295,0,102400,2393,1108619389,0,0,25,0,0,0,0,0,0,0,0
256,2026-07-14 08:27:00,\Device\HarddiskVolume3\Windows\System32\dllhost.exe,,,UnknownOrUserSid,S-1-5-21-2395961029-2893071609-3470587398-1000,,60,351,0,0,0,0,0,0,0,7800000000,0,0,16,7641172,0,0,0
257,2026-07-14 08:27:00,\Device\HarddiskVolume3\Windows\System32\OpenSSH\sshd.exe,,,UnknownOrUserSid,S-1-5-21-2395961029-2893071609-3470587398-1000,,60,1059,0,0,0,0,0,0,0,600160000,0,0,80,69856798,0,0,0
258,2026-07-14 08:27:00,\Device\HarddiskVolume3\Windows\System32\sihost.exe,,,UnknownOrUserSid,S-1-5-21-2395961029-2893071609-3470587398-1000,,60,375,0,0,0,0,0,0,0,36000000000,0,16384,3032,2570052943,0,0,4
259,2026-07-14 08:27:00,\Device\HarddiskVolume3\Windows\System32\svchost.exe,,,UnknownOrUserSid,S-1-5-21-2395961029-2893071609-3470587398-1000,,60,376,0,0,0,0,0,0,0,226799840000,24576,2351104,3356,2990250476,1,2,574
260,2026-07-14 08:27:00,\Device\HarddiskVolume3\Windows\System32\taskhostw.exe,,,UnknownOrUserSid,S-1-5-21-2395961029-2893071609-3470587398-1000,,60,348,0,0,0,0,0,0,0,18600160000,0,0,160,60715556,0,0,0
261,2026-07-14 08:27:00,\Device\HarddiskVolume3\Windows\System32\ShellHost.exe,,,UnknownOrUserSid,S-1-5-21-2395961029-2893071609-3470587398-1000,,60,378,0,0,0,0,0,0,0,33599840000,0,0,371,121416409,0,0,0
262,2026-07-14 08:27:00,\Device\HarddiskVolume3\Windows\explorer.exe,,,UnknownOrUserSid,S-1-5-21-2395961029-2893071609-3470587398-1000,,60,379,0,0,0,0,0,0,0,36000000000,367616,16384,9716,3221815209,0,28,4
263,2026-07-14 08:27:00,\Device\HarddiskVolume3\Windows\System32\ctfmon.exe,,,UnknownOrUserSid,S-1-5-21-2395961029-2893071609-3470587398-1000,,60,328,0,0,0,0,0,0,0,4800320000,0,0,1901,429146110,0,0,0
264,2026-07-14 08:27:00,\Device\HarddiskVolume3\Windows\System32\smartscreen.exe,,,UnknownOrUserSid,S-1-5-21-2395961029-2893071609-3470587398-1000,,60,382,0,0,0,0,0,0,0,6000000000,0,8192,339,217479252,0,0,2
265,2026-07-14 08:27:00,\Device\HarddiskVolume3\Windows\System32\SecurityHealthSystray.exe,,,UnknownOrUserSid,S-1-5-21-2395961029-2893071609-3470587398-1000,,60,387,0,0,0,0,0,0,0,5400160000,0,0,181,44224683,0,0,0
266,2026-07-14 08:27:00,Microsoft.Windows.ShellExperienceHost_10.0.26100.1301_neutral_neutral_cw5n1h2txyewy,,,UnknownOrUserSid,S-1-5-21-2395961029-2893071609-3470587398-1000,,60,1056,0,16384,784,231627353,0,0,4,333491268,0,16384,1431,532341659,0,0,4
267,2026-07-14 08:27:00,\Device\HarddiskVolume3\Windows\System32\conhost.exe,,,UnknownOrUserSid,S-1-5-21-2395961029-2893071609-3470587398-1000,,60,349,0,0,0,0,0,0,0,3000320000,0,40960,24904,3069346662,0,0,10
268,2026-07-14 08:27:00,\Device\HarddiskVolume3\Windows\System32\cmd.exe,,,UnknownOrUserSid,S-1-5-21-2395961029-2893071609-3470587398-1000,,60,514,0,0,0,0,0,0,0,2400320000,0,16384,333,139250363,0,0,4
269,2026-07-14 08:27:00,\Device\HarddiskVolume3\dfir\tools\git\bin\bash.exe,,,UnknownOrUserSid,S-1-5-21-2395961029-2893071609-3470587398-1000,,60,1108,0,0,0,0,0,0,0,1800320000,0,0,88,88346350,0,0,0
270,2026-07-14 08:27:00,\Device\HarddiskVolume3\dfir\tools\git\usr\bin\bash.exe,,,UnknownOrUserSid,S-1-5-21-2395961029-2893071609-3470587398-1000,,60,1099,0,0,0,0,0,0,0,10801280000,0,319488,21771,4162938051,0,0,78
271,2026-07-14 08:27:00,\Device\HarddiskVolume3\dfir\tools\git\usr\bin\timeout.exe,,,UnknownOrUserSid,S-1-5-21-2395961029-2893071609-3470587398-1000,,60,1112,0,0,0,0,0,0,0,1800160000,0,0,113,73828926,0,0,0
272,2026-07-14 08:27:00,\Device\HarddiskVolume3\dfir\tools\EZ\net9\EvtxeCmd\EvtxECmd.exe,,,UnknownOrUserSid,S-1-5-21-2395961029-2893071609-3470587398-1000,,60,517,0,0,0,0,0,0,0,1200160000,0,8192,421,3308771126,0,0,2
273,2026-07-14 08:27:00,\Device\HarddiskVolume3\dfir\tools\EZ\net9\PECmd.exe,,,UnknownOrUserSid,S-1-5-21-2395961029-2893071609-3470587398-1000,,60,1121,0,0,0,0,0,0,0,600160000,0,0,39,127078858,0,0,0
274,2026-07-14 08:27:00,\Device\HarddiskVolume3\dfir\tools\git\usr\bin\awk.exe,,,UnknownOrUserSid,S-1-5-21-2395961029-2893071609-3470587398-1000,,60,1115,0,0,0,0,0,0,0,600160000,0,0,51,32433710,0,0,0
275,2026-07-14 08:27:00,\Device\HarddiskVolume3\Windows\System32\WindowsPowerShell\v1.0\powershell.exe,,,UnknownOrUserSid,S-1-5-21-2395961029-2893071609-3470587398-1000,,60,383,0,0,0,0,0,0,0,600000000,0,106496,1634,7914829034,0,0,26
276,2026-07-14 08:27:00,\Device\HarddiskVolume3\dfir\Python\Scripts\vol.exe,,,UnknownOrUserSid,S-1-5-21-2395961029-2893071609-3470587398-1000,,60,1329,0,0,0,0,0,0,0,600000000,0,0,11,14135488,0,0,0
277,2026-07-14 08:27:00,\Device\HarddiskVolume3\dfir\Python\python.exe,,,UnknownOrUserSid,S-1-5-21-2395961029-2893071609-3470587398-1000,,60,392,0,0,0,0,0,0,0,600000000,0,16384,916,20577353534,0,0,4
278,2026-07-14 08:27:00,System,,,LocalSystem,S-1-5-18,,4,29,0,0,0,0,0,0,0,36000000000,10161664,14995456,844529,118419498551,135,146,2705
279,2026-07-14 08:27:00,\Device\HarddiskVolume3\Windows\System32\csrss.exe,,,LocalSystem,S-1-5-18,,4,313,0,0,0,0,0,0,0,72000000000,0,57344,42940,5661156228,0,0,14
280,2026-07-14 08:27:00,\Device\HarddiskVolume3\Windows\System32\wininit.exe,,,LocalSystem,S-1-5-18,,4,314,0,0,0,0,0,0,0,36000000000,0,0,124,53241529,0,0,0
281,2026-07-14 08:27:00,\Device\HarddiskVolume3\Windows\System32\winlogon.exe,,,LocalSystem,S-1-5-18,,4,32,0,0,0,0,0,0,0,1200000000,0,0,7,4026448,0,0,0
282,2026-07-14 08:27:00,\Device\HarddiskVolume3\Windows\System32\services.exe,,,LocalSystem,S-1-5-18,,4,31,0,0,0,0,0,0,0,36000000000,153600,24576,16419,2212424879,0,8,6
283,2026-07-14 08:27:00,\Device\HarddiskVolume3\Windows\System32\lsass.exe,,,LocalSystem,S-1-5-18,,4,315,0,0,0,0,0,0,0,36000000000,132608,2576384,56382,6277033666,172,2,359
284,2026-07-14 08:27:00,\Device\HarddiskVolume3\Windows\System32\svchost.exe [DcomLaunch],,,LocalSystem,S-1-5-18,,4,30,0,0,0,0,0,0,0,82199840000,0,16384,13303,2770080528,0,0,4
285,2026-07-14 08:27:00,\Device\HarddiskVolume3\Windows\System32\fontdrvhost.exe,,,LocalSystem,S-1-5-18,,4,316,0,0,0,0,0,0,0,15600480000,0,16384,807,35006005,0,0,4
286,2026-07-14 08:27:00,\Device\HarddiskVolume3\Windows\System32\svchost.exe [LocalSystemNetworkRestricted],,,LocalSystem,S-1-5-18,,4,323,0,0,0,0,0,0,0,287999840000,442368,3358720,2642,8973900562,0,18,544
287,2026-07-14 08:27:00,\Device\HarddiskVolume3\Windows\System32\svchost.exe [netsvcs],,,LocalSystem,S-1-5-18,,4,317,0,0,0,0,0,0,0,561599680000,179200,1753088,10210,3254294468,37,3,124
288,2026-07-14 08:27:00,\Device\HarddiskVolume3\Windows\System32\svchost.exe [GPSvcGroup],,,LocalSystem,S-1-5-18,,4,357,0,0,0,0,0,0,0,20399840000,0,32768,746,347492387,0,0,8
289,2026-07-14 08:27:00,\Device\HarddiskVolume3\Windows\System32\svchost.exe [UserProfileService],,,LocalSystem,S-1-5-18,,4,318,0,0,0,0,0,0,0,36000000000,0,331776,725,299214277,0,0,81
290,2026-07-14 08:27:00,Memory Compression,,,LocalSystem,S-1-5-18,,4,336,0,0,0,0,0,0,0,14400000000,0,0,8986,2237256993,0,0,0
291,2026-07-14 08:27:00,\Device\HarddiskVolume3\Windows\System32\spoolsv.exe,,,LocalSystem,S-1-5-18,,4,329,0,0,0,0,0,0,0,600000000,0,0,6,1319255,0,0,0
292,2026-07-14 08:27:00,\Device\HarddiskVolume3\Windows\System32\svchost.exe [utcsvc],,,LocalSystem,S-1-5-18,,4,330,0,0,0,0,0,0,0,36000000000,0,401408,4894,3430108701,40,0,97
293,2026-07-14 08:27:00,\Device\HarddiskVolume3\Windows\System32\svchost.exe [NetSvcs],,,LocalSystem,S-1-5-18,,4,331,0,0,0,0,0,0,0,36000000000,0,0,200,49695129,0,0,0
294,2026-07-14 08:27:00,\Device\HarddiskVolume3\Windows\System32\svchost.exe [appmodel],,,LocalSystem,S-1-5-18,,4,326,0,0,0,0,0,0,0,36000000000,0,45056,2049,572094588,0,0,11
295,2026-07-14 08:27:00,\Device\HarddiskVolume3\Windows\System32\OpenSSH\ssh-agent.exe,,,LocalSystem,S-1-5-18,,4,1057,0,0,0,0,0,0,0,600000000,0,0,3,518942,0,0,0
296,2026-07-14 08:27:00,\Device\HarddiskVolume3\Windows\System32\OpenSSH\sshd.exe,,,LocalSystem,S-1-5-18,,4,1059,0,0,0,0,0,0,0,12000320000,0,8192,333,262141948,0,0,2
297,2026-07-14 08:27:00,\Device\HarddiskVolume3\Windows\System32\AggregatorHost.exe,,,LocalSystem,S-1-5-18,,4,332,0,0,0,0,0,0,0,24000160000,0,139264,368,369766963,0,0,34
298,2026-07-14 08:27:00,\Device\HarddiskVolume3\Program Files (x86)\Microsoft\EdgeUpdate\MicrosoftEdgeUpdate.exe,,,LocalSystem,S-1-5-18,,4,342,0,0,0,0,0,0,0,4800160000,0,20480,91,37701638,0,0,5
299,2026-07-14 08:27:00,\Device\HarddiskVolume3\Windows\System32\taskhostw.exe,,,LocalSystem,S-1-5-18,,4,348,0,0,0,0,0,0,0,600160000,0,40960,684,2006895673,0,0,10
300,2026-07-14 08:27:00,\Device\HarddiskVolume3\Windows\System32\svchost.exe [wsappx],,,LocalSystem,S-1-5-18,,4,325,0,0,0,0,0,0,0,4800000000,0,12288,167,120337164,0,0,3
301,2026-07-14 08:27:00,\Device\HarddiskVolume3\Windows\System32\svchost.exe [osprivacy],,,LocalSystem,S-1-5-18,,4,346,0,0,0,0,0,0,0,36000000000,0,0,458,213856487,0,0,0
302,2026-07-14 08:27:00,\Device\HarddiskVolume3\Windows\System32\SecurityHealthService.exe,,,LocalSystem,S-1-5-18,,4,354,0,0,0,0,0,0,0,36000000000,0,49152,8338,1302808567,0,0,12
303,2026-07-14 08:27:00,System Interrupts,,,LocalSystem,S-1-5-18,,4,28,0,0,0,0,0,0,0,36000000000,0,0,0,248274162192,0,0,0
304,2026-07-14 08:27:00,Registry,,,LocalSystem,S-1-5-18,,4,335,0,0,0,0,0,0,0,29400320000,0,14688256,1226,646893748,176,0,1077
305,2026-07-14 08:27:00,\Device\HarddiskVolume3\Windows\System32\smss.exe,,,LocalSystem,S-1-5-18,,4,312,0,0,0,0,0,0,0,600000000,0,0,1,3148695,0,0,0
306,2026-07-14 08:27:00,\Device\HarddiskVolume3\Windows\System32\svchost.exe [wusvcs],,,LocalSystem,S-1-5-18,,4,337,0,0,0,0,0,0,0,1200000000,0,139264,300,182361822,0,0,32
307,2026-07-14 08:27:00,\Device\HarddiskVolume3\Windows\System32\SearchIndexer.exe,,,LocalSystem,S-1-5-18,,4,338,0,0,0,0,0,0,0,36000000000,167936,24576,1751,2262841853,0,2,6
308,2026-07-14 08:27:00,\Device\HarddiskVolume3\Windows\servicing\TrustedInstaller.exe,,,LocalSystem,S-1-5-18,,4,327,0,0,0,0,0,0,0,600000000,0,24576,4115,265729671,0,0,6
309,2026-07-14 08:27:00,\Device\HarddiskVolume3\Windows\WinSxS\amd64_microsoft-windows-servicingstack_31bf3856ad364e35_10.0.26100.1738_none_a5031b637767a4e7\TiWorker.exe,,,LocalSystem,S-1-5-18,,4,334,0,0,0,0,0,0,0,600000000,0,11063296,4201,8567756565,0,0,853
310,2026-07-14 08:27:00,\Device\HarddiskVolume3\Windows\UUS\amd64\MoUsoCoreWorker.exe,,,LocalSystem,S-1-5-18,,4,356,0,0,0,0,0,0,0,18600320000,0,573440,1868,3270722589,33,0,140
311,2026-07-14 08:27:00,\Device\HarddiskVolume3\Windows\System32\conhost.exe,,,LocalSystem,S-1-5-18,,4,349,0,0,0,0,0,0,0,600000000,0,0,81,58063034,0,0,0
312,2026-07-14 08:27:00,\Device\HarddiskVolume3\ProgramData\Microsoft\Windows Defender\Platform\4.18.26060.3008-0\MsMpEng.exe,,,LocalSystem,S-1-5-18,,4,1081,0,0,0,0,0,0,0,36000000000,49844736,13815808,675049,314967810873,2,1469,1944
313,2026-07-14 08:27:00,\Device\HarddiskVolume3\ProgramData\Microsoft\Windows Defender\Platform\4.18.26060.3008-0\MpDefenderCoreService.exe,,,LocalSystem,S-1-5-18,,4,1078,0,0,0,0,0,0,0,36000000000,0,86016,1480,683541746,0,0,21
314,2026-07-14 08:27:00,\Device\HarddiskVolume3\Windows\System32\sdbinst.exe,,,LocalSystem,S-1-5-18,,4,469,0,0,0,0,0,0,0,600000000,32768,4290560,57,6113132007,1,1,50
315,2026-07-14 08:27:00,\Device\HarddiskVolume3\Windows\System32\msiexec.exe,,,LocalSystem,S-1-5-18,,4,358,0,0,0,0,0,0,0,6000000000,3977216,122892288,206625,60184868230,75,392,13567
316,2026-07-14 08:27:00,\Device\HarddiskVolume3\Windows\System32\svchost.exe [RPCSS],,,NetworkService,S-1-5-20,,9,26,0,0,0,0,0,0,0,36000000000,0,36864,38292,4753339123,0,0,9
317,2026-07-14 08:27:00,\Device\HarddiskVolume3\Windows\System32\svchost.exe [NetworkService],,,NetworkService,S-1-5-20,,9,363,0,0,0,0,0,0,0,180000000000,0,253952,14194,6598743342,0,0,62
318,2026-07-14 08:27:00,\Device\HarddiskVolume3\Windows\System32\svchost.exe [netprofm],,,NetworkService,S-1-5-20,,9,362,0,0,0,0,0,0,0,36000000000,0,0,3135,900760328,0,0,0
319,2026-07-14 08:27:00,\Device\HarddiskVolume3\Windows\System32\svchost.exe [NetworkServiceNetworkRestricted],,,NetworkService,S-1-5-20,,9,365,0,0,0,0,0,0,0,36000000000,0,12288,255,124609258,0,0,3
320,2026-07-14 08:27:00,\Device\HarddiskVolume3\Windows\System32\wbem\WmiPrvSE.exe,,,NetworkService,S-1-5-20,,9,333,0,0,0,0,0,0,0,4199840000,0,147456,1070,642268127,0,0,36
321,2026-07-14 08:27:00,\Device\HarddiskVolume3\Windows\System32\sppsvc.exe,,,NetworkService,S-1-5-20,,9,361,0,0,0,0,0,0,0,1200160000,0,0,457,968495093,0,0,0
322,2026-07-14 08:27:00,\Device\HarddiskVolume3\Windows\System32\svchost.exe [LocalServiceNetworkRestricted],,,LocalService,S-1-5-19,,6,368,0,0,0,0,0,0,0,349199680000,462848,4084736,9207,2855707060,93,7,612
323,2026-07-14 08:27:00,\Device\HarddiskVolume3\Windows\System32\svchost.exe [LocalService],,,LocalService,S-1-5-19,,6,367,0,0,0,0,0,0,0,252000000000,0,8192,3482,867574656,0,0,2
324,2026-07-14 08:27:00,\Device\HarddiskVolume3\Windows\System32\svchost.exe [LocalServiceNoNetwork],,,LocalService,S-1-5-19,,6,366,0,0,0,0,0,0,0,72000000000,430080,5787648,10799,4696591313,0,12,1212
325,2026-07-14 08:27:00,\Device\HarddiskVolume3\Windows\System32\svchost.exe [LocalServiceNoNetworkFirewall],,,LocalService,S-1-5-19,,6,369,0,0,0,0,0,0,0,36000000000,0,0,1383,656705671,0,0,0
326,2026-07-14 08:27:00,\Device\HarddiskVolume3\Windows\System32\svchost.exe [LocalServiceAndNoImpersonation],,,LocalService,S-1-5-19,,6,371,0,0,0,0,0,0,0,36000000000,0,0,1333,472923691,0,0,0
327,2026-07-14 08:27:00,\Device\HarddiskVolume3\ProgramData\Microsoft\Windows Defender\Platform\4.18.26060.3008-0\NisSrv.exe,,,LocalService,S-1-5-19,,6,1093,0,0,0,0,0,0,0,36000000000,0,0,648,279776178,0,0,0
328,2026-07-14 08:27:00,\Device\HarddiskVolume3\Windows\System32\dwm.exe,,,UnknownOrUserSid,S-1-5-90-0-1,,13,33,0,0,0,0,0,0,0,36000000000,36864,0,12333,5835216567,0,2,0
379,2026-07-14 09:26:00,Microsoft.AAD.BrokerPlugin_1000.19580.1000.0_neutral_neutral_cw5n1h2txyewy,,,UnknownOrUserSid,S-1-5-21-2395961029-2893071609-3470587398-1000,,60,373,20480,77824,767,334521988,1,1,19,0,0,0,0,0,0,0,0
380,2026-07-14 09:26:00,Microsoft.Windows.StartMenuExperienceHost_10.0.26100.1301_neutral_neutral_cw5n1h2txyewy,,,UnknownOrUserSid,S-1-5-21-2395961029-2893071609-3470587398-1000,,60,284,0,0,216,78948625,0,0,0,36000089520,0,0,538,220688224,0,0,0
381,2026-07-14 09:26:00,MicrosoftWindows.Client.CBS_1000.26100.18.0_x64__cw5n1h2txyewy,,,UnknownOrUserSid,S-1-5-21-2395961029-2893071609-3470587398-1000,,60,295,0,163840,2289,1109710534,0,0,40,0,0,0,0,0,0,0,0
382,2026-07-14 09:26:00,\Device\HarddiskVolume3\Windows\System32\dllhost.exe,,,UnknownOrUserSid,S-1-5-21-2395961029-2893071609-3470587398-1000,,60,351,0,0,0,0,0,0,0,7200320000,0,0,12,2697727,0,0,0
383,2026-07-14 09:26:00,\Device\HarddiskVolume3\Windows\System32\OpenSSH\sshd.exe,,,UnknownOrUserSid,S-1-5-21-2395961029-2893071609-3470587398-1000,,60,1059,0,0,0,0,0,0,0,5400000000,0,0,564,397073957,0,0,0
384,2026-07-14 09:26:00,\Device\HarddiskVolume3\Windows\System32\sihost.exe,,,UnknownOrUserSid,S-1-5-21-2395961029-2893071609-3470587398-1000,,60,375,0,0,0,0,0,0,0,36000000000,0,16384,2642,2030465982,0,0,4
385,2026-07-14 09:26:00,\Device\HarddiskVolume3\Windows\System32\svchost.exe,,,UnknownOrUserSid,S-1-5-21-2395961029-2893071609-3470587398-1000,,60,376,0,0,0,0,0,0,0,223200320000,0,286720,2203,702783239,0,0,70
386,2026-07-14 09:26:00,\Device\HarddiskVolume3\Windows\System32\taskhostw.exe,,,UnknownOrUserSid,S-1-5-21-2395961029-2893071609-3470587398-1000,,60,348,0,0,0,0,0,0,0,19200000000,0,16384,108,49820575,0,0,4
387,2026-07-14 09:26:00,\Device\HarddiskVolume3\Windows\System32\ShellHost.exe,,,UnknownOrUserSid,S-1-5-21-2395961029-2893071609-3470587398-1000,,60,378,0,0,0,0,0,0,0,34800000000,0,0,276,93622673,0,0,0
388,2026-07-14 09:26:00,\Device\HarddiskVolume3\Windows\explorer.exe,,,UnknownOrUserSid,S-1-5-21-2395961029-2893071609-3470587398-1000,,60,379,0,0,0,0,0,0,0,36000000000,0,0,6906,2199117082,0,0,0
389,2026-07-14 09:26:00,\Device\HarddiskVolume3\Windows\System32\ctfmon.exe,,,UnknownOrUserSid,S-1-5-21-2395961029-2893071609-3470587398-1000,,60,328,0,0,0,0,0,0,0,4800160000,0,0,824,148793832,0,0,0
390,2026-07-14 09:26:00,\Device\HarddiskVolume3\Windows\System32\smartscreen.exe,,,UnknownOrUserSid,S-1-5-21-2395961029-2893071609-3470587398-1000,,60,382,0,0,0,0,0,0,0,9600000000,0,16384,432,179489606,0,0,4
391,2026-07-14 09:26:00,\Device\HarddiskVolume3\Windows\System32\SecurityHealthSystray.exe,,,UnknownOrUserSid,S-1-5-21-2395961029-2893071609-3470587398-1000,,60,387,0,0,0,0,0,0,0,6000000000,0,0,337,72391586,0,0,0
392,2026-07-14 09:26:00,Microsoft.Windows.ShellExperienceHost_10.0.26100.1301_neutral_neutral_cw5n1h2txyewy,,,UnknownOrUserSid,S-1-5-21-2395961029-2893071609-3470587398-1000,,60,1056,0,40960,1724,417677827,0,0,10,831631416,164864,36864,3815,1244381123,0,8,9
393,2026-07-14 09:26:00,\Device\HarddiskVolume3\Windows\System32\conhost.exe,,,UnknownOrUserSid,S-1-5-21-2395961029-2893071609-3470587398-1000,,60,349,0,0,0,0,0,0,0,7200000000,0,24576,37454,4472019906,0,0,6
394,2026-07-14 09:26:00,\Device\HarddiskVolume3\Windows\System32\cmd.exe,,,UnknownOrUserSid,S-1-5-21-2395961029-2893071609-3470587398-1000,,60,514,0,0,0,0,0,0,0,4800000000,0,8192,188,156799086,0,0,2
395,2026-07-14 09:26:00,\Device\HarddiskVolume3\dfir\tools\git\bin\bash.exe,,,UnknownOrUserSid,S-1-5-21-2395961029-2893071609-3470587398-1000,,60,1108,0,0,0,0,0,0,0,4200000000,0,0,203,175164255,0,0,0
396,2026-07-14 09:26:00,\Device\HarddiskVolume3\dfir\tools\git\usr\bin\bash.exe,,,UnknownOrUserSid,S-1-5-21-2395961029-2893071609-3470587398-1000,,60,1099,0,0,0,0,0,0,0,24600000000,0,446464,25848,5885705283,0,0,109
397,2026-07-14 09:26:00,\Device\HarddiskVolume3\dfir\tools\git\usr\bin\timeout.exe,,,UnknownOrUserSid,S-1-5-21-2395961029-2893071609-3470587398-1000,,60,1112,0,0,0,0,0,0,0,5400000000,0,0,323,210587943,0,0,0
398,2026-07-14 09:26:00,\Device\HarddiskVolume3\dfir\tools\hayabusa\hayabusa.exe,,,UnknownOrUserSid,S-1-5-21-2395961029-2893071609-3470587398-1000,,60,526,0,0,0,0,0,0,0,600000000,0,0,83,7346655970,0,0,0
399,2026-07-14 09:26:00,\Device\HarddiskVolume3\dfir\tools\EZ\net9\EvtxeCmd\EvtxECmd.exe,,,UnknownOrUserSid,S-1-5-21-2395961029-2893071609-3470587398-1000,,60,517,0,0,0,0,0,0,0,1200000000,0,12288,379,1819753707,0,0,3
400,2026-07-14 09:26:00,\Device\HarddiskVolume3\Windows\System32\WindowsPowerShell\v1.0\powershell.exe,,,UnknownOrUserSid,S-1-5-21-2395961029-2893071609-3470587398-1000,,60,383,0,0,0,0,0,0,0,600000000,0,32768,362,5488961683,0,0,8
401,2026-07-14 09:26:00,\Device\HarddiskVolume3\dfir\Python\Scripts\vol.exe,,,UnknownOrUserSid,S-1-5-21-2395961029-2893071609-3470587398-1000,,60,1329,0,0,0,0,0,0,0,2400000000,0,0,43,59912087,0,0,0
402,2026-07-14 09:26:00,\Device\HarddiskVolume3\dfir\Python\python.exe,,,UnknownOrUserSid,S-1-5-21-2395961029-2893071609-3470587398-1000,,60,392,0,0,0,0,0,0,0,2400000000,0,4096,4181,54279979453,0,0,1
403,2026-07-14 09:26:00,\Device\HarddiskVolume3\dfir\tools\git\usr\bin\head.exe,,,UnknownOrUserSid,S-1-5-21-2395961029-2893071609-3470587398-1000,,60,1117,0,0,0,0,0,0,0,600000000,0,0,1884,195827343,0,0,0
404,2026-07-14 09:26:00,\Device\HarddiskVolume3\dfir\tools\git\usr\bin\perl.exe,,,UnknownOrUserSid,S-1-5-21-2395961029-2893071609-3470587398-1000,,60,1330,0,0,0,0,0,0,0,600000000,0,0,1877,260337399,0,0,0
405,2026-07-14 09:26:00,\Device\HarddiskVolume3\dfir\tools\git\usr\bin\cp.exe,,,UnknownOrUserSid,S-1-5-21-2395961029-2893071609-3470587398-1000,,60,1101,0,0,0,0,0,0,0,600000000,16470016,61575168,7776,11885314976,0,73,8418
406,2026-07-14 09:26:00,\Device\HarddiskVolume3\dfir\tools\chainsaw\chainsaw.exe,,,UnknownOrUserSid,S-1-5-21-2395961029-2893071609-3470587398-1000,,60,1313,0,0,0,0,0,0,0,1200000000,0,4096,61,4437865755,0,0,1
407,2026-07-14 09:26:00,\Device\HarddiskVolume3\dfir\tools\git\usr\bin\cut.exe,,,UnknownOrUserSid,S-1-5-21-2395961029-2893071609-3470587398-1000,,60,1131,0,0,0,0,0,0,0,1800000000,0,0,765,86145492,0,0,0
408,2026-07-14 09:26:00,\Device\HarddiskVolume3\dfir\tools\git\usr\bin\sort.exe,,,UnknownOrUserSid,S-1-5-21-2395961029-2893071609-3470587398-1000,,60,1123,0,0,0,0,0,0,0,1800000000,0,0,725,94204341,0,0,0
409,2026-07-14 09:26:00,System,,,LocalSystem,S-1-5-18,,4,29,0,0,0,0,0,0,0,36000000000,644096,49881088,1171038,150104820511,20,23,4963
410,2026-07-14 09:26:00,\Device\HarddiskVolume3\Windows\System32\csrss.exe,,,LocalSystem,S-1-5-18,,4,313,0,0,0,0,0,0,0,72000000000,0,32768,53644,7173191112,0,0,8
411,2026-07-14 09:26:00,\Device\HarddiskVolume3\Windows\System32\wininit.exe,,,LocalSystem,S-1-5-18,,4,314,0,0,0,0,0,0,0,36000000000,0,0,120,40348908,0,0,0
412,2026-07-14 09:26:00,\Device\HarddiskVolume3\Windows\System32\services.exe,,,LocalSystem,S-1-5-18,,4,31,0,0,0,0,0,0,0,36000000000,0,12288,21827,2278275620,0,0,3
413,2026-07-14 09:26:00,\Device\HarddiskVolume3\Windows\System32\lsass.exe,,,LocalSystem,S-1-5-18,,4,315,0,0,0,0,0,0,0,36000000000,0,3231744,30673,4856656500,216,0,428
414,2026-07-14 09:26:00,\Device\HarddiskVolume3\Windows\System32\svchost.exe [DcomLaunch],,,LocalSystem,S-1-5-18,,4,30,0,0,0,0,0,0,0,79200320000,0,49152,11584,2370382837,0,0,12
415,2026-07-14 09:26:00,\Device\HarddiskVolume3\Windows\System32\fontdrvhost.exe,,,LocalSystem,S-1-5-18,,4,316,0,0,0,0,0,0,0,11399840000,0,0,211,3820763,0,0,0
416,2026-07-14 09:26:00,\Device\HarddiskVolume3\Windows\System32\svchost.exe [LocalSystemNetworkRestricted],,,LocalSystem,S-1-5-18,,4,323,0,0,0,0,0,0,0,277200960000,65536,5238784,2760,5758351679,0,1,908
417,2026-07-14 09:26:00,\Device\HarddiskVolume3\Windows\System32\svchost.exe [netsvcs],,,LocalSystem,S-1-5-18,,4,317,0,0,0,0,0,0,0,554400320000,0,2412544,11271,3721244868,37,0,394
418,2026-07-14 09:26:00,\Device\HarddiskVolume3\Windows\System32\svchost.exe [GPSvcGroup],,,LocalSystem,S-1-5-18,,4,357,0,0,0,0,0,0,0,19800000000,0,73728,685,239869129,0,0,18
419,2026-07-14 09:26:00,\Device\HarddiskVolume3\Windows\System32\svchost.exe [UserProfileService],,,LocalSystem,S-1-5-18,,4,318,0,0,0,0,0,0,0,36000000000,0,364544,876,368465210,0,0,89
420,2026-07-14 09:26:00,Memory Compression,,,LocalSystem,S-1-5-18,,4,336,0,0,0,0,0,0,0,22800000000,479232,0,7483,1049842924,0,9,0
421,2026-07-14 09:26:00,\Device\HarddiskVolume3\Windows\System32\svchost.exe [utcsvc],,,LocalSystem,S-1-5-18,,4,330,0,0,0,0,0,0,0,36000000000,0,421888,5994,2650326717,15,0,100
422,2026-07-14 09:26:00,\Device\HarddiskVolume3\Windows\System32\svchost.exe [NetSvcs],,,LocalSystem,S-1-5-18,,4,331,0,0,0,0,0,0,0,36000000000,0,0,201,44833339,0,0,0
423,2026-07-14 09:26:00,\Device\HarddiskVolume3\Windows\System32\svchost.exe [appmodel],,,LocalSystem,S-1-5-18,,4,326,0,0,0,0,0,0,0,36000000000,0,12288,1871,479958589,0,0,3
424,2026-07-14 09:26:00,\Device\HarddiskVolume3\Windows\System32\OpenSSH\sshd.exe,,,LocalSystem,S-1-5-18,,4,1059,0,0,0,0,0,0,0,18000000000,0,8192,1360,867201462,0,0,2
425,2026-07-14 09:26:00,\Device\HarddiskVolume3\Windows\System32\AggregatorHost.exe,,,LocalSystem,S-1-5-18,,4,332,0,0,0,0,0,0,0,19200000000,0,126976,351,217862250,0,0,31
426,2026-07-14 09:26:00,\Device\HarddiskVolume3\Program Files (x86)\Microsoft\EdgeUpdate\MicrosoftEdgeUpdate.exe,,,LocalSystem,S-1-5-18,,4,342,0,0,0,0,0,0,0,2400000000,0,24576,81,33522419,0,0,6
427,2026-07-14 09:26:00,\Device\HarddiskVolume3\Windows\System32\svchost.exe [wsappx],,,LocalSystem,S-1-5-18,,4,325,0,0,0,0,0,0,0,6000000000,2870784,286720,715,446974455,0,65,70
428,2026-07-14 09:26:00,\Device\HarddiskVolume3\Windows\System32\svchost.exe [osprivacy],,,LocalSystem,S-1-5-18,,4,346,0,0,0,0,0,0,0,36000000000,0,0,1052,454325511,0,0,0
429,2026-07-14 09:26:00,\Device\HarddiskVolume3\Windows\System32\SecurityHealthService.exe,,,LocalSystem,S-1-5-18,,4,354,0,0,0,0,0,0,0,36000000000,0,61440,18475,2475442547,0,0,15
430,2026-07-14 09:26:00,System Interrupts,,,LocalSystem,S-1-5-18,,4,28,0,0,0,0,0,0,0,36000000000,0,0,0,233665291284,0,0,0
431,2026-07-14 09:26:00,Registry,,,LocalSystem,S-1-5-18,,4,335,0,0,0,0,0,0,0,30600000000,0,6967296,969,567841398,190,0,781
432,2026-07-14 09:26:00,\Device\HarddiskVolume3\Windows\System32\smss.exe,,,LocalSystem,S-1-5-18,,4,312,0,0,0,0,0,0,0,600000000,0,0,1,109675,0,0,0
433,2026-07-14 09:26:00,\Device\HarddiskVolume3\Windows\System32\svchost.exe [wusvcs],,,LocalSystem,S-1-5-18,,4,337,0,0,0,0,0,0,0,600000000,0,90112,135,82397598,0,0,21
434,2026-07-14 09:26:00,\Device\HarddiskVolume3\Windows\System32\SearchIndexer.exe,,,LocalSystem,S-1-5-18,,4,338,0,0,0,0,0,0,0,36000000000,0,12288,1939,646954065,0,0,3
435,2026-07-14 09:26:00,\Device\HarddiskVolume3\Windows\servicing\TrustedInstaller.exe,,,LocalSystem,S-1-5-18,,4,327,0,0,0,0,0,0,0,600000000,0,0,63,4860744,0,0,0
436,2026-07-14 09:26:00,\Device\HarddiskVolume3\Windows\WinSxS\amd64_microsoft-windows-servicingstack_31bf3856ad364e35_10.0.26100.1738_none_a5031b637767a4e7\TiWorker.exe,,,LocalSystem,S-1-5-18,,4,334,0,0,0,0,0,0,0,600000000,0,0,6,1910733,0,0,0
437,2026-07-14 09:26:00,\Device\HarddiskVolume3\Windows\UUS\amd64\MoUsoCoreWorker.exe,,,LocalSystem,S-1-5-18,,4,356,0,0,0,0,0,0,0,21000320000,0,548864,2110,3136638144,36,0,134
438,2026-07-14 09:26:00,\Device\HarddiskVolume3\ProgramData\Microsoft\Windows Defender\Platform\4.18.26060.3008-0\MsMpEng.exe,,,LocalSystem,S-1-5-18,,4,1081,0,0,0,0,0,0,0,36000000000,34108416,26750976,1449663,597392794742,4,4915,3655
439,2026-07-14 09:26:00,\Device\HarddiskVolume3\ProgramData\Microsoft\Windows Defender\Platform\4.18.26060.3008-0\MpDefenderCoreService.exe,,,LocalSystem,S-1-5-18,,4,1078,0,0,0,0,0,0,0,36000000000,0,57344,1429,548066234,0,0,14
440,2026-07-14 09:26:00,\Device\HarddiskVolume3\Windows\System32\svchost.exe [RPCSS],,,NetworkService,S-1-5-20,,9,26,0,0,0,0,0,0,0,36000000000,0,4096,39218,4550100730,0,0,1
441,2026-07-14 09:26:00,\Device\HarddiskVolume3\Windows\System32\svchost.exe [NetworkService],,,NetworkService,S-1-5-20,,9,363,0,0,0,0,0,0,0,180000000000,36864,147456,14994,6405110596,0,2,36
442,2026-07-14 09:26:00,\Device\HarddiskVolume3\Windows\System32\svchost.exe [netprofm],,,NetworkService,S-1-5-20,,9,362,0,0,0,0,0,0,0,36000000000,0,0,3292,884681519,0,0,0
443,2026-07-14 09:26:00,\Device\HarddiskVolume3\Windows\System32\svchost.exe [NetworkServiceNetworkRestricted],,,NetworkService,S-1-5-20,,9,365,0,0,0,0,0,0,0,36000000000,0,0,257,87356113,0,0,0
444,2026-07-14 09:26:00,\Device\HarddiskVolume3\Windows\System32\wbem\WmiPrvSE.exe,,,NetworkService,S-1-5-20,,9,333,0,0,0,0,0,0,0,7200160000,0,45056,5947,1269642440,0,0,11
445,2026-07-14 09:26:00,\Device\HarddiskVolume3\Windows\System32\sppsvc.exe,,,NetworkService,S-1-5-20,,9,361,0,0,0,0,0,0,0,599840000,0,0,181,500684815,0,0,0
446,2026-07-14 09:26:00,\Device\HarddiskVolume3\Windows\System32\svchost.exe [LocalServiceNetworkRestricted],,,LocalService,S-1-5-19,,6,368,0,0,0,0,0,0,0,343200640000,65536,4710912,13335,2893752200,59,1,555
447,2026-07-14 09:26:00,\Device\HarddiskVolume3\Windows\System32\svchost.exe [LocalService],,,LocalService,S-1-5-19,,6,367,0,0,0,0,0,0,0,252000000000,36864,24576,6653,1296579120,0,3,6
448,2026-07-14 09:26:00,\Device\HarddiskVolume3\Windows\System32\svchost.exe [LocalServiceNoNetwork],,,LocalService,S-1-5-19,,6,366,0,0,0,0,0,0,0,72000000000,0,1818624,8260,3476225198,0,0,388
449,2026-07-14 09:26:00,\Device\HarddiskVolume3\Windows\System32\svchost.exe [LocalServiceNoNetworkFirewall],,,LocalService,S-1-5-19,,6,369,0,0,0,0,0,0,0,36000000000,0,0,1706,736496990,0,0,0
450,2026-07-14 09:26:00,\Device\HarddiskVolume3\Windows\System32\svchost.exe [LocalServiceAndNoImpersonation],,,LocalService,S-1-5-19,,6,371,0,0,0,0,0,0,0,36000000000,0,0,1333,403212300,0,0,0
451,2026-07-14 09:26:00,\Device\HarddiskVolume3\ProgramData\Microsoft\Windows Defender\Platform\4.18.26060.3008-0\NisSrv.exe,,,LocalService,S-1-5-19,,6,1093,0,0,0,0,0,0,0,36000000000,0,0,815,320808050,0,0,0
452,2026-07-14 09:26:00,\Device\HarddiskVolume3\Windows\System32\dwm.exe,,,UnknownOrUserSid,S-1-5-90-0-1,,13,33,0,0,0,0,0,0,0,36000000000,0,0,8910,3775721256,0,0,0
505,2026-07-14 10:27:00,Microsoft.AAD.BrokerPlugin_1000.19580.1000.0_neutral_neutral_cw5n1h2txyewy,,,UnknownOrUserSid,S-1-5-21-2395961029-2893071609-3470587398-1000,,60,373,0,49152,1015,264927288,1,0,12,0,0,0,0,0,0,0,0
506,2026-07-14 10:27:00,Microsoft.Windows.StartMenuExperienceHost_10.0.26100.1301_neutral_neutral_cw5n1h2txyewy,,,UnknownOrUserSid,S-1-5-21-2395961029-2893071609-3470587398-1000,,60,284,0,0,219,91798128,0,0,0,36002608569,0,0,541,291325010,0,0,0
507,2026-07-14 10:27:00,MicrosoftWindows.Client.CBS_1000.26100.18.0_x64__cw5n1h2txyewy,,,UnknownOrUserSid,S-1-5-21-2395961029-2893071609-3470587398-1000,,60,295,0,143360,2358,1271517535,0,0,35,0,0,0,0,0,0,0,0
508,2026-07-14 10:27:00,\Device\HarddiskVolume3\Windows\System32\dllhost.exe,,,UnknownOrUserSid,S-1-5-21-2395961029-2893071609-3470587398-1000,,60,351,0,0,0,0,0,0,0,7201080000,0,0,12,3874024,0,0,0
509,2026-07-14 10:27:00,\Device\HarddiskVolume3\Windows\System32\sihost.exe,,,UnknownOrUserSid,S-1-5-21-2395961029-2893071609-3470587398-1000,,60,375,0,0,0,0,0,0,0,36002660000,0,0,1665,2070219953,0,0,0
510,2026-07-14 10:27:00,\Device\HarddiskVolume3\Windows\System32\svchost.exe,,,UnknownOrUserSid,S-1-5-21-2395961029-2893071609-3470587398-1000,,60,376,0,0,0,0,0,0,0,228016580000,0,0,1098,459885987,0,0,0
511,2026-07-14 10:27:00,\Device\HarddiskVolume3\Windows\System32\taskhostw.exe,,,UnknownOrUserSid,S-1-5-21-2395961029-2893071609-3470587398-1000,,60,348,0,0,0,0,0,0,0,10201110000,0,0,47,24579160,0,0,0
512,2026-07-14 10:27:00,\Device\HarddiskVolume3\Windows\System32\ShellHost.exe,,,UnknownOrUserSid,S-1-5-21-2395961029-2893071609-3470587398-1000,,60,378,0,0,0,0,0,0,0,31802020000,0,0,296,137811272,0,0,0
513,2026-07-14 10:27:00,\Device\HarddiskVolume3\Windows\explorer.exe,,,UnknownOrUserSid,S-1-5-21-2395961029-2893071609-3470587398-1000,,60,379,0,0,0,0,0,0,0,36002660000,8192,0,2318,1117089206,0,1,0
514,2026-07-14 10:27:00,Microsoft.Windows.ShellExperienceHost_10.0.26100.1301_neutral_neutral_cw5n1h2txyewy,,,UnknownOrUserSid,S-1-5-21-2395961029-2893071609-3470587398-1000,,60,1056,0,0,181,66538852,0,0,0,0,0,0,0,0,0,0,0
515,2026-07-14 10:27:00,System,,,LocalSystem,S-1-5-18,,4,29,0,0,0,0,0,0,0,36002660000,2954240,7420928,145480,53876521997,46,75,557
516,2026-07-14 10:27:00,\Device\HarddiskVolume3\Windows\System32\csrss.exe,,,LocalSystem,S-1-5-18,,4,313,0,0,0,0,0,0,0,72005320000,0,32768,10241,1115568897,0,0,8
517,2026-07-14 10:27:00,\Device\HarddiskVolume3\Windows\System32\wininit.exe,,,LocalSystem,S-1-5-18,,4,314,0,0,0,0,0,0,0,36002660000,0,0,120,44083121,0,0,0
518,2026-07-14 10:27:00,\Device\HarddiskVolume3\Windows\System32\services.exe,,,LocalSystem,S-1-5-18,,4,31,0,0,0,0,0,0,0,36002660000,2744320,2834432,16591,3131212999,0,226,692
519,2026-07-14 10:27:00,\Device\HarddiskVolume3\Windows\System32\lsass.exe,,,LocalSystem,S-1-5-18,,4,315,0,0,0,0,0,0,0,36002660000,0,8192,6451,1200104548,0,0,2
520,2026-07-14 10:27:00,\Device\HarddiskVolume3\Windows\System32\svchost.exe [DcomLaunch],,,LocalSystem,S-1-5-18,,4,30,0,0,0,0,0,0,0,84005940000,0,24576,12893,2583711461,0,0,6
521,2026-07-14 10:27:00,\Device\HarddiskVolume3\Windows\System32\fontdrvhost.exe,,,LocalSystem,S-1-5-18,,4,316,0,0,0,0,0,0,0,3000160000,0,0,445,22525482,0,0,0
522,2026-07-14 10:27:00,\Device\HarddiskVolume3\Windows\System32\svchost.exe [LocalSystemNetworkRestricted],,,LocalSystem,S-1-5-18,,4,323,0,0,0,0,0,0,0,282019700000,0,1331200,1814,2916590482,0,0,181
523,2026-07-14 10:27:00,\Device\HarddiskVolume3\Windows\System32\svchost.exe [netsvcs],,,LocalSystem,S-1-5-18,,4,317,0,0,0,0,0,0,0,572441940000,1334272,5287936,24166,24910866572,21,29,427
524,2026-07-14 10:27:00,\Device\HarddiskVolume3\Windows\System32\svchost.exe [GPSvcGroup],,,LocalSystem,S-1-5-18,,4,357,0,0,0,0,0,0,0,19201410000,0,16384,652,344202114,0,0,4
525,2026-07-14 10:27:00,\Device\HarddiskVolume3\Windows\System32\svchost.exe [UserProfileService],,,LocalSystem,S-1-5-18,,4,318,0,0,0,0,0,0,0,36002660000,0,8192,205,80695012,0,0,2
526,2026-07-14 10:27:00,Memory Compression,,,LocalSystem,S-1-5-18,,4,336,0,0,0,0,0,0,0,13201260000,0,0,629,26029801,0,0,0
527,2026-07-14 10:27:00,\Device\HarddiskVolume3\Windows\System32\spoolsv.exe,,,LocalSystem,S-1-5-18,,4,329,0,0,0,0,0,0,0,3600160000,0,0,47,13286116,0,0,0
528,2026-07-14 10:27:00,\Device\HarddiskVolume3\Windows\System32\svchost.exe [utcsvc],,,LocalSystem,S-1-5-18,,4,330,0,0,0,0,0,0,0,31802350000,0,659456,2336,2458486237,18,0,159
529,2026-07-14 10:27:00,\Device\HarddiskVolume3\Windows\System32\svchost.exe [NetSvcs],,,LocalSystem,S-1-5-18,,4,331,0,0,0,0,0,0,0,36002660000,0,0,200,52413538,0,0,0
530,2026-07-14 10:27:00,\Device\HarddiskVolume3\Windows\System32\svchost.exe [appmodel],,,LocalSystem,S-1-5-18,,4,326,0,0,0,0,0,0,0,36002660000,36864,53248,3581,527596938,0,2,13
531,2026-07-14 10:27:00,\Device\HarddiskVolume3\Windows\System32\OpenSSH\ssh-agent.exe,,,LocalSystem,S-1-5-18,,4,1057,0,0,0,0,0,0,0,1200320000,0,0,4,1685774,0,0,0
532,2026-07-14 10:27:00,\Device\HarddiskVolume3\Windows\System32\OpenSSH\sshd.exe,,,LocalSystem,S-1-5-18,,4,1059,0,0,0,0,0,0,0,1200320000,0,0,4,1794048,0,0,0
533,2026-07-14 10:27:00,\Device\HarddiskVolume3\Windows\System32\AggregatorHost.exe,,,LocalSystem,S-1-5-18,,4,332,0,0,0,0,0,0,0,14400780000,0,73728,399,328246668,0,0,18
534,2026-07-14 10:27:00,\Device\HarddiskVolume3\Program Files (x86)\Microsoft\EdgeUpdate\MicrosoftEdgeUpdate.exe,,,LocalSystem,S-1-5-18,,4,342,0,0,0,0,0,0,0,3000150000,0,12288,80,26549463,0,0,3
535,2026-07-14 10:27:00,\Device\HarddiskVolume3\Windows\System32\svchost.exe [wsappx],,,LocalSystem,S-1-5-18,,4,325,0,0,0,0,0,0,0,6000310000,0,53248,337,254392511,0,0,13
536,2026-07-14 10:27:00,\Device\HarddiskVolume3\Windows\System32\svchost.exe [osprivacy],,,LocalSystem,S-1-5-18,,4,346,0,0,0,0,0,0,0,36002660000,0,0,139,61484686,0,0,0
537,2026-07-14 10:27:00,\Device\HarddiskVolume3\Windows\System32\SecurityHealthService.exe,,,LocalSystem,S-1-5-18,,4,354,0,0,0,0,0,0,0,36002660000,0,0,763,174361505,0,0,0
538,2026-07-14 10:27:00,\Device\HarddiskVolume3\Windows\System32\wbem\WmiPrvSE.exe,,,LocalSystem,S-1-5-18,,4,333,0,0,0,0,0,0,0,8400630000,16384,12288,2208,323063543,0,1,3
539,2026-07-14 10:27:00,System Interrupts,,,LocalSystem,S-1-5-18,,4,28,0,0,0,0,0,0,0,36002660000,0,0,0,228501056653,0,0,0
540,2026-07-14 10:27:00,Registry,,,LocalSystem,S-1-5-18,,4,335,0,0,0,0,0,0,0,25802190000,0,7221248,746,456459774,100,0,630
541,2026-07-14 10:27:00,\Device\HarddiskVolume3\Windows\System32\smss.exe,,,LocalSystem,S-1-5-18,,4,312,0,0,0,0,0,0,0,600000000,0,0,1,4006823,0,0,0
542,2026-07-14 10:27:00,\Device\HarddiskVolume3\Windows\System32\svchost.exe [wusvcs],,,LocalSystem,S-1-5-18,,4,337,0,0,0,0,0,0,0,600160000,0,98304,160,90393729,0,0,23
543,2026-07-14 10:27:00,\Device\HarddiskVolume3\Windows\System32\SearchIndexer.exe,,,LocalSystem,S-1-5-18,,4,338,0,0,0,0,0,0,0,36002660000,0,0,811,222111182,0,0,0
544,2026-07-14 10:27:00,\Device\HarddiskVolume3\Windows\servicing\TrustedInstaller.exe,,,LocalSystem,S-1-5-18,,4,327,0,0,0,0,0,0,0,1200000000,0,40960,353,82432647,0,0,10
545,2026-07-14 10:27:00,\Device\HarddiskVolume3\Windows\WinSxS\amd64_microsoft-windows-servicingstack_31bf3856ad364e35_10.0.26100.1738_none_a5031b637767a4e7\TiWorker.exe,,,LocalSystem,S-1-5-18,,4,334,0,0,0,0,0,0,0,1200000000,0,151552,193,518052035,0,0,37
546,2026-07-14 10:27:00,\Device\HarddiskVolume3\Windows\UUS\amd64\MoUsoCoreWorker.exe,,,LocalSystem,S-1-5-18,,4,356,0,0,0,0,0,0,0,19800940000,0,348160,1176,1722015910,18,0,85
547,2026-07-14 10:27:00,\Device\HarddiskVolume3\ProgramData\Microsoft\Windows Defender\Platform\4.18.26060.3008-0\MsMpEng.exe,,,LocalSystem,S-1-5-18,,4,1081,0,0,0,0,0,0,0,36002660000,1688576,200704,20228,10954174475,0,60,48
548,2026-07-14 10:27:00,\Device\HarddiskVolume3\ProgramData\Microsoft\Windows Defender\Platform\4.18.26060.3008-0\MpDefenderCoreService.exe,,,LocalSystem,S-1-5-18,,4,1078,0,0,0,0,0,0,0,36002660000,0,49152,1417,555185666,0,0,12
549,2026-07-14 10:27:00,\Device\HarddiskVolume3\Windows\System32\svchost.exe [InvSvcGroup],,,LocalSystem,S-1-5-18,,4,344,0,0,0,0,0,0,0,7800470000,147456,77824,185,227312542,0,3,19
550,2026-07-14 10:27:00,\Device\HarddiskVolume3\Windows\System32\CompatTelRunner.exe,,,LocalSystem,S-1-5-18,,4,1311,0,0,0,0,0,0,0,600160000,743424,4849664,1344,1686579253,1,54,398
551,2026-07-14 10:27:00,\Device\HarddiskVolume3\Windows\System32\svchost.exe [RPCSS],,,NetworkService,S-1-5-20,,9,26,0,0,0,0,0,0,0,36002660000,0,16384,9983,2404473456,0,0,4
552,2026-07-14 10:27:00,\Device\HarddiskVolume3\Windows\System32\svchost.exe [NetworkService],,,NetworkService,S-1-5-20,,9,363,0,0,0,0,0,0,0,180013300000,0,188416,16374,6661095693,0,0,46
553,2026-07-14 10:27:00,\Device\HarddiskVolume3\Windows\System32\svchost.exe [netprofm],,,NetworkService,S-1-5-20,,9,362,0,0,0,0,0,0,0,36002660000,0,0,2757,924506531,0,0,0
554,2026-07-14 10:27:00,\Device\HarddiskVolume3\Windows\System32\svchost.exe [NetworkServiceNetworkRestricted],,,NetworkService,S-1-5-20,,9,365,0,0,0,0,0,0,0,36002660000,0,16384,263,108435141,0,0,4
555,2026-07-14 10:27:00,\Device\HarddiskVolume3\Windows\System32\wbem\WmiPrvSE.exe,,,NetworkService,S-1-5-20,,9,333,0,0,0,0,0,0,0,1200000000,173568,524288,13142,3552584041,0,12,128
556,2026-07-14 10:27:00,\Device\HarddiskVolume3\Windows\System32\svchost.exe [smphost],,,NetworkService,S-1-5-20,,9,1498,0,0,0,0,0,0,0,9000470000,210944,126976,547,267845404,0,25,31
557,2026-07-14 10:27:00,\Device\HarddiskVolume3\Windows\System32\svchost.exe [LocalServiceNetworkRestricted],,,LocalService,S-1-5-19,,6,368,0,0,0,0,0,0,0,351625340000,200704,1590272,5089,2104591773,64,3,332
558,2026-07-14 10:27:00,\Device\HarddiskVolume3\Windows\System32\svchost.exe [LocalService],,,LocalService,S-1-5-19,,6,367,0,0,0,0,0,0,0,252018620000,0,0,2245,738632715,0,0,0
559,2026-07-14 10:27:00,\Device\HarddiskVolume3\Windows\System32\svchost.exe [LocalServiceNoNetwork],,,LocalService,S-1-5-19,,6,366,0,0,0,0,0,0,0,72005320000,32768,1351680,8133,3682367233,0,2,287
560,2026-07-14 10:27:00,\Device\HarddiskVolume3\Windows\System32\svchost.exe [LocalServiceNoNetworkFirewall],,,LocalService,S-1-5-19,,6,369,0,0,0,0,0,0,0,36002660000,0,0,1075,540078517,0,0,0
561,2026-07-14 10:27:00,\Device\HarddiskVolume3\Windows\System32\svchost.exe [LocalServiceAndNoImpersonation],,,LocalService,S-1-5-19,,6,371,0,0,0,0,0,0,0,36002660000,0,0,1328,418997136,0,0,0
562,2026-07-14 10:27:00,\Device\HarddiskVolume3\ProgramData\Microsoft\Windows Defender\Platform\4.18.26060.3008-0\NisSrv.exe,,,LocalService,S-1-5-19,,6,1093,0,0,0,0,0,0,0,36002660000,0,0,546,246085908,0,0,0
563,2026-07-14 10:27:00,\Device\HarddiskVolume3\Windows\System32\dwm.exe,,,UnknownOrUserSid,S-1-5-90-0-1,,13,33,0,0,0,0,0,0,0,36002660000,0,0,1035,669830219,0,0,0
567,2026-07-14 11:27:00,Microsoft.AAD.BrokerPlugin_1000.19580.1000.0_neutral_neutral_cw5n1h2txyewy,,,UnknownOrUserSid,S-1-5-21-2395961029-2893071609-3470587398-1000,,60,373,0,139264,1179,401604987,1,0,34,0,0,0,0,0,0,0,0
568,2026-07-14 11:27:00,Microsoft.Windows.StartMenuExperienceHost_10.0.26100.1301_neutral_neutral_cw5n1h2txyewy,,,UnknownOrUserSid,S-1-5-21-2395961029-2893071609-3470587398-1000,,60,284,0,0,216,108971948,0,0,0,36000843059,0,0,529,262741146,0,0,0
569,2026-07-14 11:27:00,MicrosoftWindows.Client.CBS_1000.26100.18.0_x64__cw5n1h2txyewy,,,UnknownOrUserSid,S-1-5-21-2395961029-2893071609-3470587398-1000,,60,295,0,126976,2474,1228756880,0,0,31,0,0,0,0,0,0,0,0
570,2026-07-14 11:27:00,\Device\HarddiskVolume3\Windows\System32\dllhost.exe,,,UnknownOrUserSid,S-1-5-21-2395961029-2893071609-3470587398-1000,,60,351,0,0,0,0,0,0,0,7200010000,0,0,15,4403480,0,0,0
571,2026-07-14 11:27:00,\Device\HarddiskVolume3\Windows\System32\sihost.exe,,,UnknownOrUserSid,S-1-5-21-2395961029-2893071609-3470587398-1000,,60,375,0,0,0,0,0,0,0,36000780000,0,8192,1741,2026212885,0,0,2
572,2026-07-14 11:27:00,\Device\HarddiskVolume3\Windows\System32\svchost.exe,,,UnknownOrUserSid,S-1-5-21-2395961029-2893071609-3470587398-1000,,60,376,0,0,0,0,0,0,0,226804840000,0,0,1085,479675150,0,0,0
573,2026-07-14 11:27:00,\Device\HarddiskVolume3\Windows\System32\taskhostw.exe,,,UnknownOrUserSid,S-1-5-21-2395961029-2893071609-3470587398-1000,,60,348,0,0,0,0,0,0,0,11400160000,98304,1122304,158,110440477,0,2,40
574,2026-07-14 11:27:00,\Device\HarddiskVolume3\Windows\System32\ShellHost.exe,,,UnknownOrUserSid,S-1-5-21-2395961029-2893071609-3470587398-1000,,60,378,0,0,0,0,0,0,0,31200940000,0,0,267,120997671,0,0,0
575,2026-07-14 11:27:00,\Device\HarddiskVolume3\Windows\explorer.exe,,,UnknownOrUserSid,S-1-5-21-2395961029-2893071609-3470587398-1000,,60,379,0,0,0,0,0,0,0,36000780000,0,0,1736,1028247750,0,0,0
576,2026-07-14 11:27:00,Microsoft.Windows.ShellExperienceHost_10.0.26100.1301_neutral_neutral_cw5n1h2txyewy,,,UnknownOrUserSid,S-1-5-21-2395961029-2893071609-3470587398-1000,,60,1056,0,0,180,66567238,0,0,0,0,0,0,0,0,0,0,0
577,2026-07-14 11:27:00,System,,,LocalSystem,S-1-5-18,,4,29,0,0,0,0,0,0,0,36000780000,2048,2459648,116881,47251837899,0,4,199
578,2026-07-14 11:27:00,\Device\HarddiskVolume3\Windows\System32\csrss.exe,,,LocalSystem,S-1-5-18,,4,313,0,0,0,0,0,0,0,72001560000,0,0,9718,1061809050,0,0,0
579,2026-07-14 11:27:00,\Device\HarddiskVolume3\Windows\System32\wininit.exe,,,LocalSystem,S-1-5-18,,4,314,0,0,0,0,0,0,0,36000780000,0,0,120,52330844,0,0,0
580,2026-07-14 11:27:00,\Device\HarddiskVolume3\Windows\System32\services.exe,,,LocalSystem,S-1-5-18,,4,31,0,0,0,0,0,0,0,36000780000,0,16384,8232,1754179768,0,0,4
581,2026-07-14 11:27:00,\Device\HarddiskVolume3\Windows\System32\lsass.exe,,,LocalSystem,S-1-5-18,,4,315,0,0,0,0,0,0,0,36000780000,0,8192,2551,687904935,0,0,2
582,2026-07-14 11:27:00,\Device\HarddiskVolume3\Windows\System32\svchost.exe [DcomLaunch],,,LocalSystem,S-1-5-18,,4,30,0,0,0,0,0,0,0,82801720000,0,28672,10024,2364454703,0,0,7
583,2026-07-14 11:27:00,\Device\HarddiskVolume3\Windows\System32\fontdrvhost.exe,,,LocalSystem,S-1-5-18,,4,316,0,0,0,0,0,0,0,1799840000,0,0,15,627565,0,0,0
584,2026-07-14 11:27:00,\Device\HarddiskVolume3\Windows\System32\svchost.exe [LocalSystemNetworkRestricted],,,LocalSystem,S-1-5-18,,4,323,0,0,0,0,0,0,0,275406100000,299520,589824,1678,4120650363,0,3,114
585,2026-07-14 11:27:00,\Device\HarddiskVolume3\Windows\System32\svchost.exe [netsvcs],,,LocalSystem,S-1-5-18,,4,317,0,0,0,0,0,0,0,561611850000,0,610304,5405,1993218804,16,0,61
586,2026-07-14 11:27:00,\Device\HarddiskVolume3\Windows\System32\svchost.exe [GPSvcGroup],,,LocalSystem,S-1-5-18,,4,357,0,0,0,0,0,0,0,20400310000,0,32768,675,315799740,0,0,8
587,2026-07-14 11:27:00,\Device\HarddiskVolume3\Windows\System32\svchost.exe [UserProfileService],,,LocalSystem,S-1-5-18,,4,318,0,0,0,0,0,0,0,36000780000,0,0,142,55171180,0,0,0
588,2026-07-14 11:27:00,Memory Compression,,,LocalSystem,S-1-5-18,,4,336,0,0,0,0,0,0,0,8399860000,0,0,83,5040506,0,0,0
589,2026-07-14 11:27:00,\Device\HarddiskVolume3\Windows\System32\svchost.exe [utcsvc],,,LocalSystem,S-1-5-18,,4,330,0,0,0,0,0,0,0,34800630000,0,397312,898,1373764595,8,0,94
590,2026-07-14 11:27:00,\Device\HarddiskVolume3\Windows\System32\svchost.exe [NetSvcs],,,LocalSystem,S-1-5-18,,4,331,0,0,0,0,0,0,0,36000780000,0,0,198,53265010,0,0,0
591,2026-07-14 11:27:00,\Device\HarddiskVolume3\Windows\System32\svchost.exe [appmodel],,,LocalSystem,S-1-5-18,,4,326,0,0,0,0,0,0,0,36000780000,0,16384,219,119584169,0,0,4
592,2026-07-14 11:27:00,\Device\HarddiskVolume3\Windows\System32\AggregatorHost.exe,,,LocalSystem,S-1-5-18,,4,332,0,0,0,0,0,0,0,13800310000,0,81920,76,98564715,0,0,20
593,2026-07-14 11:27:00,\Device\HarddiskVolume3\Program Files (x86)\Microsoft\EdgeUpdate\MicrosoftEdgeUpdate.exe,,,LocalSystem,S-1-5-18,,4,342,0,0,0,0,0,0,0,2400000000,0,12288,81,31546157,0,0,3
594,2026-07-14 11:27:00,\Device\HarddiskVolume3\Windows\System32\svchost.exe [wsappx],,,LocalSystem,S-1-5-18,,4,325,0,0,0,0,0,0,0,4800160000,0,8192,184,145547392,0,0,2
595,2026-07-14 11:27:00,\Device\HarddiskVolume3\Windows\System32\svchost.exe [osprivacy],,,LocalSystem,S-1-5-18,,4,346,0,0,0,0,0,0,0,36000780000,0,0,138,69204349,0,0,0
596,2026-07-14 11:27:00,\Device\HarddiskVolume3\Windows\System32\SecurityHealthService.exe,,,LocalSystem,S-1-5-18,,4,354,0,0,0,0,0,0,0,36000780000,0,0,756,189385942,0,0,0
597,2026-07-14 11:27:00,System Interrupts,,,LocalSystem,S-1-5-18,,4,28,0,0,0,0,0,0,0,36000780000,0,0,0,228159764531,0,0,0
598,2026-07-14 11:27:00,Registry,,,LocalSystem,S-1-5-18,,4,335,0,0,0,0,0,0,0,22800800000,0,3731456,480,281344578,87,0,395
599,2026-07-14 11:27:00,\Device\HarddiskVolume3\Windows\System32\smss.exe,,,LocalSystem,S-1-5-18,,4,312,0,0,0,0,0,0,0,600000000,0,0,1,387542,0,0,0
600,2026-07-14 11:27:00,\Device\HarddiskVolume3\Windows\System32\svchost.exe [wusvcs],,,LocalSystem,S-1-5-18,,4,337,0,0,0,0,0,0,0,600150000,0,167936,139,94493761,0,0,40
601,2026-07-14 11:27:00,\Device\HarddiskVolume3\Windows\System32\SearchIndexer.exe,,,LocalSystem,S-1-5-18,,4,338,0,0,0,0,0,0,0,36000780000,0,0,405,165310323,0,0,0
602,2026-07-14 11:27:00,\Device\HarddiskVolume3\Windows\UUS\amd64\MoUsoCoreWorker.exe,,,LocalSystem,S-1-5-18,,4,356,0,0,0,0,0,0,0,19200630000,0,327680,1174,1774644271,18,0,80
603,2026-07-14 11:27:00,\Device\HarddiskVolume3\ProgramData\Microsoft\Windows Defender\Platform\4.18.26060.3008-0\MsMpEng.exe,,,LocalSystem,S-1-5-18,,4,1081,0,0,0,0,0,0,0,36000780000,0,155648,12321,6287168614,0,0,24
604,2026-07-14 11:27:00,\Device\HarddiskVolume3\ProgramData\Microsoft\Windows Defender\Platform\4.18.26060.3008-0\MpDefenderCoreService.exe,,,LocalSystem,S-1-5-18,,4,1078,0,0,0,0,0,0,0,36000780000,0,20480,1359,611202346,0,0,5
605,2026-07-14 11:27:00,\Device\HarddiskVolume3\Windows\System32\svchost.exe [InvSvcGroup],,,LocalSystem,S-1-5-18,,4,344,0,0,0,0,0,0,0,7800150000,0,0,25,16380847,0,0,0
606,2026-07-14 11:27:00,\Device\HarddiskVolume3\Windows\System32\svchost.exe [RPCSS],,,NetworkService,S-1-5-20,,9,26,0,0,0,0,0,0,0,36000780000,0,0,6756,1616046537,0,0,0
607,2026-07-14 11:27:00,\Device\HarddiskVolume3\Windows\System32\svchost.exe [NetworkService],,,NetworkService,S-1-5-20,,9,363,0,0,0,0,0,0,0,180003900000,0,212992,12586,6213902765,0,0,52
608,2026-07-14 11:27:00,\Device\HarddiskVolume3\Windows\System32\svchost.exe [netprofm],,,NetworkService,S-1-5-20,,9,362,0,0,0,0,0,0,0,36000780000,0,0,2599,929109436,0,0,0
609,2026-07-14 11:27:00,\Device\HarddiskVolume3\Windows\System32\svchost.exe [NetworkServiceNetworkRestricted],,,NetworkService,S-1-5-20,,9,365,0,0,0,0,0,0,0,36000780000,0,16384,266,120528841,0,0,4
610,2026-07-14 11:27:00,\Device\HarddiskVolume3\Windows\System32\wbem\WmiPrvSE.exe,,,NetworkService,S-1-5-20,,9,333,0,0,0,0,0,0,0,1200160000,0,8192,177,102999021,0,0,2
611,2026-07-14 11:27:00,\Device\HarddiskVolume3\Windows\System32\sppsvc.exe,,,NetworkService,S-1-5-20,,9,361,0,0,0,0,0,0,0,1199850000,0,20480,386,992653767,0,0,5
612,2026-07-14 11:27:00,\Device\HarddiskVolume3\Windows\System32\svchost.exe [LocalServiceNetworkRestricted],,,LocalService,S-1-5-19,,6,368,0,0,0,0,0,0,0,348007500000,0,1053184,4526,1971836438,45,0,243
613,2026-07-14 11:27:00,\Device\HarddiskVolume3\Windows\System32\svchost.exe [LocalService],,,LocalService,S-1-5-19,,6,367,0,0,0,0,0,0,0,252005460000,0,0,1926,722475747,0,0,0
614,2026-07-14 11:27:00,\Device\HarddiskVolume3\Windows\System32\svchost.exe [LocalServiceNoNetwork],,,LocalService,S-1-5-19,,6,366,0,0,0,0,0,0,0,72001560000,0,1044480,7914,3808547975,0,0,235
615,2026-07-14 11:27:00,\Device\HarddiskVolume3\Windows\System32\svchost.exe [LocalServiceNoNetworkFirewall],,,LocalService,S-1-5-19,,6,369,0,0,0,0,0,0,0,36000780000,0,0,1028,563729826,0,0,0
616,2026-07-14 11:27:00,\Device\HarddiskVolume3\Windows\System32\svchost.exe [LocalServiceAndNoImpersonation],,,LocalService,S-1-5-19,,6,371,0,0,0,0,0,0,0,36000780000,0,0,1395,456091844,0,0,0
617,2026-07-14 11:27:00,\Device\HarddiskVolume3\ProgramData\Microsoft\Windows Defender\Platform\4.18.26060.3008-0\NisSrv.exe,,,LocalService,S-1-5-19,,6,1093,0,0,0,0,0,0,0,36000780000,0,0,548,248536580,0,0,0
618,2026-07-14 11:27:00,\Device\HarddiskVolume3\Windows\System32\dwm.exe,,,UnknownOrUserSid,S-1-5-90-0-1,,13,33,0,0,0,0,0,0,0,36000780000,0,0,972,646836683,0,0,0
629,2026-07-14 12:27:00,Microsoft.AAD.BrokerPlugin_1000.19580.1000.0_neutral_neutral_cw5n1h2txyewy,,,UnknownOrUserSid,S-1-5-21-2395961029-2893071609-3470587398-1000,,60,373,0,94208,1227,510833410,2,0,23,0,0,0,0,0,0,0,0
630,2026-07-14 12:27:00,Microsoft.Windows.StartMenuExperienceHost_10.0.26100.1301_neutral_neutral_cw5n1h2txyewy,,,UnknownOrUserSid,S-1-5-21-2395961029-2893071609-3470587398-1000,,60,284,0,0,219,99413739,0,0,0,36000255770,0,0,518,245864825,0,0,0
631,2026-07-14 12:27:00,MicrosoftWindows.Client.CBS_1000.26100.18.0_x64__cw5n1h2txyewy,,,UnknownOrUserSid,S-1-5-21-2395961029-2893071609-3470587398-1000,,60,295,0,167936,2302,1124457750,0,0,41,0,0,0,0,0,0,0,0
632,2026-07-14 12:27:00,\Device\HarddiskVolume3\Windows\System32\dllhost.exe,,,UnknownOrUserSid,S-1-5-21-2395961029-2893071609-3470587398-1000,,60,351,0,0,0,0,0,0,0,7199540000,0,0,18,3926583,0,0,0
633,2026-07-14 12:27:00,\Device\HarddiskVolume3\Windows\System32\sihost.exe,,,UnknownOrUserSid,S-1-5-21-2395961029-2893071609-3470587398-1000,,60,375,0,0,0,0,0,0,0,36000310000,0,0,1574,1847994893,0,0,0
634,2026-07-14 12:27:00,\Device\HarddiskVolume3\Windows\System32\svchost.exe,,,UnknownOrUserSid,S-1-5-21-2395961029-2893071609-3470587398-1000,,60,376,0,0,0,0,0,0,0,225601540000,0,8192,1219,652155712,0,0,2
635,2026-07-14 12:27:00,\Device\HarddiskVolume3\Windows\System32\taskhostw.exe,,,UnknownOrUserSid,S-1-5-21-2395961029-2893071609-3470587398-1000,,60,348,0,0,0,0,0,0,0,13200000000,0,0,64,29597941,0,0,0
636,2026-07-14 12:27:00,\Device\HarddiskVolume3\Windows\System32\ShellHost.exe,,,UnknownOrUserSid,S-1-5-21-2395961029-2893071609-3470587398-1000,,60,378,0,0,0,0,0,0,0,30600150000,0,0,242,104609114,0,0,0
637,2026-07-14 12:27:00,\Device\HarddiskVolume3\Windows\explorer.exe,,,UnknownOrUserSid,S-1-5-21-2395961029-2893071609-3470587398-1000,,60,379,0,0,0,0,0,0,0,36000310000,0,0,1592,862362076,0,0,0
638,2026-07-14 12:27:00,Microsoft.Windows.ShellExperienceHost_10.0.26100.1301_neutral_neutral_cw5n1h2txyewy,,,UnknownOrUserSid,S-1-5-21-2395961029-2893071609-3470587398-1000,,60,1056,0,0,180,64212560,0,0,0,0,0,0,0,0,0,0,0
639,2026-07-14 12:27:00,System,,,LocalSystem,S-1-5-18,,4,29,0,0,18,7226998,0,0,0,32400150000,4096,2072576,101278,41051229735,6,8,221
640,2026-07-14 12:27:00,\Device\HarddiskVolume3\Windows\System32\csrss.exe,,,LocalSystem,S-1-5-18,,4,313,0,0,0,0,0,0,0,72000620000,0,73728,10635,1688065655,4,0,10
641,2026-07-14 12:27:00,\Device\HarddiskVolume3\Windows\System32\wininit.exe,,,LocalSystem,S-1-5-18,,4,314,0,0,0,0,0,0,0,36000310000,0,0,518,73215036,0,0,0
642,2026-07-14 12:27:00,\Device\HarddiskVolume3\Windows\System32\services.exe,,,LocalSystem,S-1-5-18,,4,31,0,0,0,0,0,0,0,36000310000,0,20480,9138,1824692904,0,0,5
643,2026-07-14 12:27:00,\Device\HarddiskVolume3\Windows\System32\lsass.exe,,,LocalSystem,S-1-5-18,,4,315,0,0,0,0,0,0,0,36000310000,0,8192,2963,693161625,0,0,2
644,2026-07-14 12:27:00,\Device\HarddiskVolume3\Windows\System32\svchost.exe [DcomLaunch],,,LocalSystem,S-1-5-18,,4,30,0,0,0,0,0,0,0,81600300000,0,24576,9894,2291614240,0,0,6
645,2026-07-14 12:27:00,\Device\HarddiskVolume3\Windows\System32\fontdrvhost.exe,,,LocalSystem,S-1-5-18,,4,316,0,0,0,0,0,0,0,1200160000,0,0,10,267003,0,0,0
646,2026-07-14 12:27:00,\Device\HarddiskVolume3\Windows\System32\svchost.exe [LocalSystemNetworkRestricted],,,LocalSystem,S-1-5-18,,4,323,0,0,0,0,0,0,0,268801360000,640000,1921024,3095,3097011855,0,70,435
647,2026-07-14 12:27:00,\Device\HarddiskVolume3\Windows\System32\svchost.exe [netsvcs],,,LocalSystem,S-1-5-18,,4,317,0,0,0,0,0,0,0,559204640000,0,749568,5272,2088597009,26,0,98
648,2026-07-14 12:27:00,\Device\HarddiskVolume3\Windows\System32\svchost.exe [GPSvcGroup],,,LocalSystem,S-1-5-18,,4,357,0,0,0,0,0,0,0,19200160000,0,81920,659,327800597,0,0,20
649,2026-07-14 12:27:00,\Device\HarddiskVolume3\Windows\System32\svchost.exe [UserProfileService],,,LocalSystem,S-1-5-18,,4,318,0,0,0,0,0,0,0,36000310000,0,0,151,46524362,0,0,0
650,2026-07-14 12:27:00,Memory Compression,,,LocalSystem,S-1-5-18,,4,336,0,0,0,0,0,0,0,8400010000,0,0,79,4149442,0,0,0
651,2026-07-14 12:27:00,\Device\HarddiskVolume3\Windows\System32\svchost.exe [utcsvc],,,LocalSystem,S-1-5-18,,4,330,0,0,0,0,0,0,0,36000310000,0,225280,1157,999331358,5,0,53
652,2026-07-14 12:27:00,\Device\HarddiskVolume3\Windows\System32\svchost.exe [NetSvcs],,,LocalSystem,S-1-5-18,,4,331,0,0,0,0,0,0,0,36000310000,0,0,201,53819693,0,0,0
653,2026-07-14 12:27:00,\Device\HarddiskVolume3\Windows\System32\svchost.exe [appmodel],,,LocalSystem,S-1-5-18,,4,326,0,0,0,0,0,0,0,36000310000,0,36864,224,110836432,0,0,9
654,2026-07-14 12:27:00,\Device\HarddiskVolume3\Windows\System32\AggregatorHost.exe,,,LocalSystem,S-1-5-18,,4,332,0,0,0,0,0,0,0,13799980000,0,73728,82,96111575,0,0,18
655,2026-07-14 12:27:00,\Device\HarddiskVolume3\Program Files (x86)\Microsoft\EdgeUpdate\MicrosoftEdgeUpdate.exe,,,LocalSystem,S-1-5-18,,4,342,0,0,0,0,0,0,0,2400000000,0,12288,81,20199511,0,0,3
656,2026-07-14 12:27:00,\Device\HarddiskVolume3\Windows\System32\svchost.exe [wsappx],,,LocalSystem,S-1-5-18,,4,325,0,0,0,0,0,0,0,3000000000,0,147456,160,126045533,0,0,36
657,2026-07-14 12:27:00,\Device\HarddiskVolume3\Windows\System32\svchost.exe [osprivacy],,,LocalSystem,S-1-5-18,,4,346,0,0,0,0,0,0,0,36000310000,0,0,236,142135549,0,0,0
658,2026-07-14 12:27:00,\Device\HarddiskVolume3\Windows\System32\SecurityHealthService.exe,,,LocalSystem,S-1-5-18,,4,354,0,0,0,0,0,0,0,36000310000,0,0,750,195259349,0,0,0
659,2026-07-14 12:27:00,System Interrupts,,,LocalSystem,S-1-5-18,,4,28,0,0,0,0,0,0,0,36000310000,0,0,11,198514058619,0,0,0
660,2026-07-14 12:27:00,Registry,,,LocalSystem,S-1-5-18,,4,335,0,0,0,0,0,0,0,28200490000,0,3969024,7961,3676426169,92,0,405
661,2026-07-14 12:27:00,\Device\HarddiskVolume3\Windows\System32\smss.exe,,,LocalSystem,S-1-5-18,,4,312,0,0,0,0,0,0,0,600000000,0,0,1,350750,0,0,0
662,2026-07-14 12:27:00,\Device\HarddiskVolume3\Windows\System32\svchost.exe [wusvcs],,,LocalSystem,S-1-5-18,,4,337,0,0,0,0,0,0,0,1200150000,0,61440,271,179860662,0,0,13
663,2026-07-14 12:27:00,\Device\HarddiskVolume3\Windows\System32\SearchIndexer.exe,,,LocalSystem,S-1-5-18,,4,338,0,0,0,0,0,0,0,36000310000,0,0,450,177951696,0,0,0
664,2026-07-14 12:27:00,\Device\HarddiskVolume3\Windows\UUS\amd64\MoUsoCoreWorker.exe,,,LocalSystem,S-1-5-18,,4,356,0,0,0,0,0,0,0,20400310000,0,688128,2293,3379133561,36,0,168
665,2026-07-14 12:27:00,\Device\HarddiskVolume3\ProgramData\Microsoft\Windows Defender\Platform\4.18.26060.3008-0\MsMpEng.exe,,,LocalSystem,S-1-5-18,,4,1081,0,0,0,0,0,0,0,36000310000,170496,57344,12776,6863143957,0,9,14
666,2026-07-14 12:27:00,\Device\HarddiskVolume3\ProgramData\Microsoft\Windows Defender\Platform\4.18.26060.3008-0\MpDefenderCoreService.exe,,,LocalSystem,S-1-5-18,,4,1078,0,0,0,0,0,0,0,36000310000,0,86016,2047,918699417,0,0,21
667,2026-07-14 12:27:00,\Device\HarddiskVolume3\Windows\System32\svchost.exe [InvSvcGroup],,,LocalSystem,S-1-5-18,,4,344,0,0,0,0,0,0,0,10799530000,0,0,27,14635508,0,0,0
668,2026-07-14 12:27:00,\Device\HarddiskVolume3\Windows\System32\svchost.exe [RPCSS],,,NetworkService,S-1-5-20,,9,26,0,0,0,0,0,0,0,36000310000,0,0,6725,1533991947,0,0,0
669,2026-07-14 12:27:00,\Device\HarddiskVolume3\Windows\System32\svchost.exe [NetworkService],,,NetworkService,S-1-5-20,,9,363,0,0,0,0,0,0,0,180001550000,0,135168,11893,5824624503,0,0,33
670,2026-07-14 12:27:00,\Device\HarddiskVolume3\Windows\System32\svchost.exe [netprofm],,,NetworkService,S-1-5-20,,9,362,0,0,0,0,0,0,0,36000310000,0,0,2800,880645260,0,0,0
671,2026-07-14 12:27:00,\Device\HarddiskVolume3\Windows\System32\svchost.exe [NetworkServiceNetworkRestricted],,,NetworkService,S-1-5-20,,9,365,0,0,0,0,0,0,0,36000310000,0,16384,291,133729119,0,0,4
672,2026-07-14 12:27:00,\Device\HarddiskVolume3\Windows\System32\sppsvc.exe,,,NetworkService,S-1-5-20,,9,361,0,0,0,0,0,0,0,600000000,0,0,261,443349926,0,0,0
673,2026-07-14 12:27:00,\Device\HarddiskVolume3\Windows\System32\svchost.exe [LocalServiceNetworkRestricted],,,LocalService,S-1-5-19,,6,368,0,0,0,0,0,0,0,348002150000,0,1152000,4627,1904212054,44,0,255
674,2026-07-14 12:27:00,\Device\HarddiskVolume3\Windows\System32\svchost.exe [LocalService],,,LocalService,S-1-5-19,,6,367,0,0,0,0,0,0,0,252002170000,0,8192,1931,720160321,0,0,2
675,2026-07-14 12:27:00,\Device\HarddiskVolume3\Windows\System32\svchost.exe [LocalServiceNoNetwork],,,LocalService,S-1-5-19,,6,366,0,0,0,0,0,0,0,72000620000,0,1073152,7595,3341685359,0,0,236
676,2026-07-14 12:27:00,\Device\HarddiskVolume3\Windows\System32\svchost.exe [LocalServiceNoNetworkFirewall],,,LocalService,S-1-5-19,,6,369,0,0,0,0,0,0,0,36000310000,0,0,979,556390028,0,0,0
677,2026-07-14 12:27:00,\Device\HarddiskVolume3\Windows\System32\svchost.exe [LocalServiceAndNoImpersonation],,,LocalService,S-1-5-19,,6,371,0,0,0,0,0,0,0,36000310000,0,0,1214,401847470,0,0,0
678,2026-07-14 12:27:00,\Device\HarddiskVolume3\ProgramData\Microsoft\Windows Defender\Platform\4.18.26060.3008-0\NisSrv.exe,,,LocalService,S-1-5-19,,6,1093,0,0,0,0,0,0,0,36000310000,0,0,634,326045459,0,0,0
679,2026-07-14 12:27:00,\Device\HarddiskVolume3\Windows\System32\dwm.exe,,,UnknownOrUserSid,S-1-5-90-0-1,,13,33,0,0,0,0,0,0,0,36000310000,0,0,1039,612597678,0,0,0
691,2026-07-14 13:26:00,Microsoft.AAD.BrokerPlugin_1000.19580.1000.0_neutral_neutral_cw5n1h2txyewy,,,UnknownOrUserSid,S-1-5-21-2395961029-2893071609-3470587398-1000,,60,373,0,94208,1167,440489245,2,0,23,0,0,0,0,0,0,0,0
692,2026-07-14 13:26:00,Microsoft.Windows.StartMenuExperienceHost_10.0.26100.1301_neutral_neutral_cw5n1h2txyewy,,,UnknownOrUserSid,S-1-5-21-2395961029-2893071609-3470587398-1000,,60,284,0,0,220,89599735,0,0,0,36000095281,0,0,531,253141938,0,0,0
693,2026-07-14 13:26:00,MicrosoftWindows.Client.CBS_1000.26100.18.0_x64__cw5n1h2txyewy,,,UnknownOrUserSid,S-1-5-21-2395961029-2893071609-3470587398-1000,,60,295,0,200704,2326,1127664597,0,0,49,0,0,0,0,0,0,0,0
694,2026-07-14 13:26:00,\Device\HarddiskVolume3\Windows\System32\dllhost.exe,,,UnknownOrUserSid,S-1-5-21-2395961029-2893071609-3470587398-1000,,60,351,0,0,0,0,0,0,0,7200000000,0,0,22,6452614,0,0,0
695,2026-07-14 13:26:00,\Device\HarddiskVolume3\Windows\System32\OpenSSH\sshd.exe,,,UnknownOrUserSid,S-1-5-21-2395961029-2893071609-3470587398-1000,,60,1059,0,0,0,0,0,0,0,1200000000,0,0,101,65819839,0,0,0
696,2026-07-14 13:26:00,\Device\HarddiskVolume3\Windows\System32\sihost.exe,,,UnknownOrUserSid,S-1-5-21-2395961029-2893071609-3470587398-1000,,60,375,0,0,0,0,0,0,0,36000160000,0,61440,1604,1955236583,0,0,15
697,2026-07-14 13:26:00,\Device\HarddiskVolume3\Windows\System32\svchost.exe,,,UnknownOrUserSid,S-1-5-21-2395961029-2893071609-3470587398-1000,,60,376,0,0,0,0,0,0,0,223200960000,0,57344,2087,821014884,0,0,14
698,2026-07-14 13:26:00,\Device\HarddiskVolume3\Windows\System32\taskhostw.exe,,,UnknownOrUserSid,S-1-5-21-2395961029-2893071609-3470587398-1000,,60,348,0,0,0,0,0,0,0,10199840000,0,16384,84,35688590,0,0,4
699,2026-07-14 13:26:00,\Device\HarddiskVolume3\Windows\System32\ShellHost.exe,,,UnknownOrUserSid,S-1-5-21-2395961029-2893071609-3470587398-1000,,60,378,0,0,0,0,0,0,0,33600160000,0,0,213,103889407,0,0,0
700,2026-07-14 13:26:00,\Device\HarddiskVolume3\Windows\explorer.exe,,,UnknownOrUserSid,S-1-5-21-2395961029-2893071609-3470587398-1000,,60,379,0,0,0,0,0,0,0,36000160000,90112,0,1792,757431271,0,2,0
701,2026-07-14 13:26:00,\Device\HarddiskVolume3\Windows\System32\ctfmon.exe,,,UnknownOrUserSid,S-1-5-21-2395961029-2893071609-3470587398-1000,,60,328,0,0,0,0,0,0,0,600000000,0,0,71,8242462,0,0,0
702,2026-07-14 13:26:00,\Device\HarddiskVolume3\Windows\System32\smartscreen.exe,,,UnknownOrUserSid,S-1-5-21-2395961029-2893071609-3470587398-1000,,60,382,0,0,0,0,0,0,0,3000000000,0,16384,152,105215301,0,0,4
703,2026-07-14 13:26:00,\Device\HarddiskVolume3\Windows\System32\SecurityHealthSystray.exe,,,UnknownOrUserSid,S-1-5-21-2395961029-2893071609-3470587398-1000,,60,387,0,0,0,0,0,0,0,1800000000,0,0,81,17813286,0,0,0
704,2026-07-14 13:26:00,Microsoft.Windows.ShellExperienceHost_10.0.26100.1301_neutral_neutral_cw5n1h2txyewy,,,UnknownOrUserSid,S-1-5-21-2395961029-2893071609-3470587398-1000,,60,1056,0,16384,454,135413112,0,0,4,166664561,0,16384,716,239831983,0,0,4
705,2026-07-14 13:26:00,\Device\HarddiskVolume3\Windows\System32\conhost.exe,,,UnknownOrUserSid,S-1-5-21-2395961029-2893071609-3470587398-1000,,60,349,0,0,0,0,0,0,0,1200000000,0,8192,5351,714085806,0,0,2
706,2026-07-14 13:26:00,\Device\HarddiskVolume3\Windows\System32\cmd.exe,,,UnknownOrUserSid,S-1-5-21-2395961029-2893071609-3470587398-1000,,60,514,0,0,0,0,0,0,0,600000000,0,8192,18,22519154,0,0,2
707,2026-07-14 13:26:00,\Device\HarddiskVolume3\dfir\tools\git\bin\bash.exe,,,UnknownOrUserSid,S-1-5-21-2395961029-2893071609-3470587398-1000,,60,1108,0,0,0,0,0,0,0,600000000,0,0,23,29080742,0,0,0
708,2026-07-14 13:26:00,\Device\HarddiskVolume3\dfir\tools\git\usr\bin\bash.exe,,,UnknownOrUserSid,S-1-5-21-2395961029-2893071609-3470587398-1000,,60,1099,0,0,0,0,0,0,0,4800000000,0,114688,2123,1158915407,0,0,28
709,2026-07-14 13:26:00,\Device\HarddiskVolume3\dfir\tools\git\usr\bin\timeout.exe,,,UnknownOrUserSid,S-1-5-21-2395961029-2893071609-3470587398-1000,,60,1112,0,0,0,0,0,0,0,1200000000,0,0,72,46101426,0,0,0
710,2026-07-14 13:26:00,\Device\HarddiskVolume3\dfir\Python\Scripts\vol.exe,,,UnknownOrUserSid,S-1-5-21-2395961029-2893071609-3470587398-1000,,60,1329,0,0,0,0,0,0,0,600000000,0,0,11,14893049,0,0,0
711,2026-07-14 13:26:00,\Device\HarddiskVolume3\dfir\Python\python.exe,,,UnknownOrUserSid,S-1-5-21-2395961029-2893071609-3470587398-1000,,60,392,0,0,0,0,0,0,0,600000000,0,24576,891,42638701894,0,0,5
712,2026-07-14 13:26:00,\Device\HarddiskVolume3\dfir\tools\chainsaw\chainsaw.exe,,,UnknownOrUserSid,S-1-5-21-2395961029-2893071609-3470587398-1000,,60,1313,0,0,0,0,0,0,0,600000000,0,0,20,728645244,0,0,0
713,2026-07-14 13:26:00,System,,,LocalSystem,S-1-5-18,,4,29,0,0,100,38431169,0,0,0,17400000000,143872,18864128,310473,47568338551,2,9,4469
714,2026-07-14 13:26:00,\Device\HarddiskVolume3\Windows\System32\csrss.exe,,,LocalSystem,S-1-5-18,,4,313,0,0,0,0,0,0,0,72000320000,0,1761280,27206,8312779163,50,0,182
715,2026-07-14 13:26:00,\Device\HarddiskVolume3\Windows\System32\wininit.exe,,,LocalSystem,S-1-5-18,,4,314,0,0,0,0,0,0,0,36000160000,0,8192,8757,1178033917,0,0,2
716,2026-07-14 13:26:00,\Device\HarddiskVolume3\Windows\System32\services.exe,,,LocalSystem,S-1-5-18,,4,31,0,0,0,0,0,0,0,36000160000,0,20480,11387,1677526244,0,0,5
717,2026-07-14 13:26:00,\Device\HarddiskVolume3\Windows\System32\lsass.exe,,,LocalSystem,S-1-5-18,,4,315,0,0,0,0,0,0,0,36000160000,0,442368,7781,1409553121,28,0,64
718,2026-07-14 13:26:00,\Device\HarddiskVolume3\Windows\System32\svchost.exe [DcomLaunch],,,LocalSystem,S-1-5-18,,4,30,0,0,0,0,0,0,0,80400320000,0,434176,12267,2938446996,24,0,60
719,2026-07-14 13:26:00,\Device\HarddiskVolume3\Windows\System32\fontdrvhost.exe,,,LocalSystem,S-1-5-18,,4,316,0,0,0,0,0,0,0,5400000000,0,0,206,40330342,0,0,0
720,2026-07-14 13:26:00,\Device\HarddiskVolume3\Windows\System32\svchost.exe [LocalSystemNetworkRestricted],,,LocalSystem,S-1-5-18,,4,323,0,0,0,0,0,0,0,263400960000,0,1236992,6050,2808984441,0,0,206
721,2026-07-14 13:26:00,\Device\HarddiskVolume3\Windows\System32\svchost.exe [netsvcs],,,LocalSystem,S-1-5-18,,4,317,0,0,0,0,0,0,0,555002400000,28672,1462272,9220,4577099239,23,3,197
722,2026-07-14 13:26:00,\Device\HarddiskVolume3\Windows\System32\svchost.exe [GPSvcGroup],,,LocalSystem,S-1-5-18,,4,357,0,0,0,0,0,0,0,21000320000,0,139264,907,423185440,0,0,34
723,2026-07-14 13:26:00,\Device\HarddiskVolume3\Windows\System32\svchost.exe [UserProfileService],,,LocalSystem,S-1-5-18,,4,318,0,0,0,0,0,0,0,36000160000,0,40960,262,93077447,0,0,10
724,2026-07-14 13:26:00,Memory Compression,,,LocalSystem,S-1-5-18,,4,336,0,0,0,0,0,0,0,8400000000,0,0,564,108120121,0,0,0
725,2026-07-14 13:26:00,\Device\HarddiskVolume3\Windows\System32\svchost.exe [utcsvc],,,LocalSystem,S-1-5-18,,4,330,0,0,0,0,0,0,0,35400000000,0,1081344,4378,2351954500,4,0,238
726,2026-07-14 13:26:00,\Device\HarddiskVolume3\Windows\System32\svchost.exe [NetSvcs],,,LocalSystem,S-1-5-18,,4,331,0,0,0,0,0,0,0,36000160000,0,0,188,50141534,0,0,0
727,2026-07-14 13:26:00,\Device\HarddiskVolume3\Windows\System32\svchost.exe [appmodel],,,LocalSystem,S-1-5-18,,4,326,0,0,0,0,0,0,0,36000160000,0,24576,377,139511410,0,0,6
728,2026-07-14 13:26:00,\Device\HarddiskVolume3\Windows\System32\OpenSSH\sshd.exe,,,LocalSystem,S-1-5-18,,4,1059,0,0,0,0,0,0,0,5400000000,0,8192,591,226355626,0,0,2
729,2026-07-14 13:26:00,\Device\HarddiskVolume3\Windows\System32\AggregatorHost.exe,,,LocalSystem,S-1-5-18,,4,332,0,0,0,0,0,0,0,11400000000,0,28672,61,61673200,0,0,7
730,2026-07-14 13:26:00,\Device\HarddiskVolume3\Program Files (x86)\Microsoft\EdgeUpdate\MicrosoftEdgeUpdate.exe,,,LocalSystem,S-1-5-18,,4,342,0,0,0,0,0,0,0,3000160000,0,12288,81,26661590,0,0,3
731,2026-07-14 13:26:00,\Device\HarddiskVolume3\Windows\System32\svchost.exe [wsappx],,,LocalSystem,S-1-5-18,,4,325,0,0,0,0,0,0,0,3000160000,0,167936,147,106236719,0,0,41
732,2026-07-14 13:26:00,\Device\HarddiskVolume3\Windows\System32\svchost.exe [osprivacy],,,LocalSystem,S-1-5-18,,4,346,0,0,0,0,0,0,0,36000160000,0,0,1086,554278175,0,0,0
733,2026-07-14 13:26:00,\Device\HarddiskVolume3\Windows\System32\SecurityHealthService.exe,,,LocalSystem,S-1-5-18,,4,354,0,0,0,0,0,0,0,36000160000,0,49152,5111,715144983,0,0,12
734,2026-07-14 13:26:00,System Interrupts,,,LocalSystem,S-1-5-18,,4,28,0,0,0,0,0,0,0,36000160000,0,0,99,112802122433,0,0,0
735,2026-07-14 13:26:00,Registry,,,LocalSystem,S-1-5-18,,4,335,0,0,0,0,0,0,0,25800000000,589824,22918144,87372,33642426862,70,9,5103
736,2026-07-14 13:26:00,\Device\HarddiskVolume3\Windows\System32\smss.exe,,,LocalSystem,S-1-5-18,,4,312,0,0,0,0,0,0,0,600000000,0,0,1,132451,0,0,0
737,2026-07-14 13:26:00,\Device\HarddiskVolume3\Windows\System32\svchost.exe [wusvcs],,,LocalSystem,S-1-5-18,,4,337,0,0,0,0,0,0,0,600000000,0,20480,140,86832978,0,0,4
738,2026-07-14 13:26:00,\Device\HarddiskVolume3\Windows\System32\SearchIndexer.exe,,,LocalSystem,S-1-5-18,,4,338,0,0,0,0,0,0,0,36000160000,0,0,664,224931935,0,0,0
739,2026-07-14 13:26:00,\Device\HarddiskVolume3\Windows\UUS\amd64\MoUsoCoreWorker.exe,,,LocalSystem,S-1-5-18,,4,356,0,0,0,0,0,0,0,21000320000,0,290816,1225,1670521502,18,0,71
740,2026-07-14 13:26:00,\Device\HarddiskVolume3\ProgramData\Microsoft\Windows Defender\Platform\4.18.26060.3008-0\MsMpEng.exe,,,LocalSystem,S-1-5-18,,4,1081,0,0,0,0,0,0,0,36000160000,192512,6811648,297312,83943783540,1,3,944
741,2026-07-14 13:26:00,\Device\HarddiskVolume3\ProgramData\Microsoft\Windows Defender\Platform\4.18.26060.3008-0\MpDefenderCoreService.exe,,,LocalSystem,S-1-5-18,,4,1078,0,0,0,0,0,0,0,36000160000,4796416,700416,81337,42819552716,0,142,171
742,2026-07-14 13:26:00,\Device\HarddiskVolume3\Windows\System32\svchost.exe [InvSvcGroup],,,LocalSystem,S-1-5-18,,4,344,0,0,0,0,0,0,0,10799840000,0,0,27,13353741,0,0,0
743,2026-07-14 13:26:00,\Device\HarddiskVolume3\Windows\System32\svchost.exe [RPCSS],,,NetworkService,S-1-5-20,,9,26,0,0,0,0,0,0,0,36000160000,0,16384,13932,2127265814,0,0,4
744,2026-07-14 13:26:00,\Device\HarddiskVolume3\Windows\System32\svchost.exe [NetworkService],,,NetworkService,S-1-5-20,,9,363,0,0,0,0,0,0,0,180000800000,0,94208,9386,3852103008,0,0,23
745,2026-07-14 13:26:00,\Device\HarddiskVolume3\Windows\System32\svchost.exe [netprofm],,,NetworkService,S-1-5-20,,9,362,0,0,0,0,0,0,0,36000160000,0,0,1817,577438148,0,0,0
746,2026-07-14 13:26:00,\Device\HarddiskVolume3\Windows\System32\svchost.exe [NetworkServiceNetworkRestricted],,,NetworkService,S-1-5-20,,9,365,0,0,0,0,0,0,0,36000160000,0,16384,437,217594203,0,0,4
747,2026-07-14 13:26:00,\Device\HarddiskVolume3\Windows\System32\wbem\WmiPrvSE.exe,,,NetworkService,S-1-5-20,,9,333,0,0,0,0,0,0,0,1800000000,0,73728,209,119321018,0,0,18
748,2026-07-14 13:26:00,\Device\HarddiskVolume3\Windows\System32\svchost.exe [LocalServiceNetworkRestricted],,,LocalService,S-1-5-19,,6,368,0,0,0,0,0,0,0,343801440000,0,1008128,6133,2036920056,25,0,181
749,2026-07-14 13:26:00,\Device\HarddiskVolume3\Windows\System32\svchost.exe [LocalService],,,LocalService,S-1-5-19,,6,367,0,0,0,0,0,0,0,252001120000,0,630784,2638,980659896,23,0,137
750,2026-07-14 13:26:00,\Device\HarddiskVolume3\Windows\System32\svchost.exe [LocalServiceNoNetwork],,,LocalService,S-1-5-19,,6,366,0,0,0,0,0,0,0,72000320000,0,733184,5204,2038143967,0,0,153
751,2026-07-14 13:26:00,\Device\HarddiskVolume3\Windows\System32\svchost.exe [LocalServiceNoNetworkFirewall],,,LocalService,S-1-5-19,,6,369,0,0,0,0,0,0,0,36000160000,0,0,1077,558284947,0,0,0
752,2026-07-14 13:26:00,\Device\HarddiskVolume3\Windows\System32\svchost.exe [LocalServiceAndNoImpersonation],,,LocalService,S-1-5-19,,6,371,0,0,0,0,0,0,0,36000160000,0,0,954,290894037,0,0,0
753,2026-07-14 13:26:00,\Device\HarddiskVolume3\ProgramData\Microsoft\Windows Defender\Platform\4.18.26060.3008-0\NisSrv.exe,,,LocalService,S-1-5-19,,6,1093,0,0,0,0,0,0,0,36000160000,0,16384,1075,506189617,0,0,4
754,2026-07-14 13:26:00,\Device\HarddiskVolume3\Windows\System32\dwm.exe,,,UnknownOrUserSid,S-1-5-90-0-1,,13,33,0,0,0,0,0,0,0,36000160000,0,0,2003,1051557458,0,0,0
817,2026-07-14 14:27:00,Microsoft.AAD.BrokerPlugin_1000.19580.1000.0_neutral_neutral_cw5n1h2txyewy,,,UnknownOrUserSid,S-1-5-21-2395961029-2893071609-3470587398-1000,,60,373,136192,0,3139,1273742562,5,3,0,0,0,0,0,0,0,0,0
818,2026-07-14 14:27:00,Microsoft.Windows.StartMenuExperienceHost_10.0.26100.1301_neutral_neutral_cw5n1h2txyewy,,,UnknownOrUserSid,S-1-5-21-2395961029-2893071609-3470587398-1000,,60,284,0,0,294,102010537,0,0,0,35999935363,192512,0,608,249419630,0,4,0
819,2026-07-14 14:27:00,MicrosoftWindows.Client.CBS_1000.26100.18.0_x64__cw5n1h2txyewy,,,UnknownOrUserSid,S-1-5-21-2395961029-2893071609-3470587398-1000,,60,295,1184256,208896,3911,1372333924,0,73,51,0,0,0,0,0,0,0,0
820,2026-07-14 14:27:00,\Device\HarddiskVolume3\Windows\System32\dllhost.exe,,,UnknownOrUserSid,S-1-5-21-2395961029-2893071609-3470587398-1000,,60,351,0,0,0,0,0,0,0,7199680000,0,0,28,9354278,0,0,0
821,2026-07-14 14:27:00,\Device\HarddiskVolume3\Windows\System32\OpenSSH\sshd.exe,,,UnknownOrUserSid,S-1-5-21-2395961029-2893071609-3470587398-1000,,60,1059,0,0,0,0,0,0,0,6000150000,132096,0,488,298762239,0,2,0
822,2026-07-14 14:27:00,\Device\HarddiskVolume3\Windows\System32\sihost.exe,,,UnknownOrUserSid,S-1-5-21-2395961029-2893071609-3470587398-1000,,60,375,0,0,0,0,0,0,0,35999840000,282624,32768,980,820220185,0,4,8
823,2026-07-14 14:27:00,\Device\HarddiskVolume3\Windows\System32\svchost.exe,,,UnknownOrUserSid,S-1-5-21-2395961029-2893071609-3470587398-1000,,60,376,0,0,0,0,0,0,0,226798720000,44544,94208,4096,2612971373,0,3,23
824,2026-07-14 14:27:00,\Device\HarddiskVolume3\Windows\System32\taskhostw.exe,,,UnknownOrUserSid,S-1-5-21-2395961029-2893071609-3470587398-1000,,60,348,0,0,0,0,0,0,0,18000000000,0,8192,716,162745030,0,0,2
825,2026-07-14 14:27:00,\Device\HarddiskVolume3\Windows\System32\ShellHost.exe,,,UnknownOrUserSid,S-1-5-21-2395961029-2893071609-3470587398-1000,,60,378,0,0,0,0,0,0,0,31199830000,0,0,207,65661098,0,0,0
826,2026-07-14 14:27:00,\Device\HarddiskVolume3\Windows\explorer.exe,,,UnknownOrUserSid,S-1-5-21-2395961029-2893071609-3470587398-1000,,60,379,0,0,0,0,0,0,0,35999840000,1110016,0,1621,614741092,0,11,0
827,2026-07-14 14:27:00,\Device\HarddiskVolume3\Windows\System32\ctfmon.exe,,,UnknownOrUserSid,S-1-5-21-2395961029-2893071609-3470587398-1000,,60,328,0,0,0,0,0,0,0,1200000000,0,0,80,7900822,0,0,0
828,2026-07-14 14:27:00,\Device\HarddiskVolume3\Windows\System32\smartscreen.exe,,,UnknownOrUserSid,S-1-5-21-2395961029-2893071609-3470587398-1000,,60,382,0,0,0,0,0,0,0,3600150000,0,0,200,112734524,0,0,0
829,2026-07-14 14:27:00,\Device\HarddiskVolume3\Windows\System32\SecurityHealthSystray.exe,,,UnknownOrUserSid,S-1-5-21-2395961029-2893071609-3470587398-1000,,60,387,0,0,0,0,0,0,0,1800150000,0,0,86,20288857,0,0,0
830,2026-07-14 14:27:00,Microsoft.Windows.ShellExperienceHost_10.0.26100.1301_neutral_neutral_cw5n1h2txyewy,,,UnknownOrUserSid,S-1-5-21-2395961029-2893071609-3470587398-1000,,60,1056,0,0,467,124222767,0,0,0,166288815,0,0,726,250454003,0,0,0
831,2026-07-14 14:27:00,\Device\HarddiskVolume3\Windows\System32\conhost.exe,,,UnknownOrUserSid,S-1-5-21-2395961029-2893071609-3470587398-1000,,60,349,0,0,0,0,0,0,0,26399990000,0,0,8441,1213354274,0,0,0
832,2026-07-14 14:27:00,\Device\HarddiskVolume3\Windows\System32\cmd.exe,,,UnknownOrUserSid,S-1-5-21-2395961029-2893071609-3470587398-1000,,60,514,0,0,0,0,0,0,0,4200000000,82432,0,211,177201828,0,8,0
833,2026-07-14 14:27:00,\Device\HarddiskVolume3\dfir\tools\git\bin\bash.exe,,,UnknownOrUserSid,S-1-5-21-2395961029-2893071609-3470587398-1000,,60,1108,0,0,0,0,0,0,0,1200000000,0,0,274,98382862,0,0,0
834,2026-07-14 14:27:00,\Device\HarddiskVolume3\dfir\tools\git\usr\bin\bash.exe,,,UnknownOrUserSid,S-1-5-21-2395961029-2893071609-3470587398-1000,,60,1099,0,0,0,0,0,0,0,7800600000,0,143360,2279,1305720396,0,0,35
835,2026-07-14 14:27:00,\Device\HarddiskVolume3\dfir\tools\git\usr\bin\timeout.exe,,,UnknownOrUserSid,S-1-5-21-2395961029-2893071609-3470587398-1000,,60,1112,0,0,0,0,0,0,0,1800150000,0,0,102,72306784,0,0,0
836,2026-07-14 14:27:00,\Device\HarddiskVolume3\Windows\System32\WindowsPowerShell\v1.0\powershell.exe,,,UnknownOrUserSid,S-1-5-21-2395961029-2893071609-3470587398-1000,,60,383,0,0,0,0,0,0,0,8400000000,28672,0,3675,531415557,0,2,0
837,2026-07-14 14:27:00,\Device\HarddiskVolume3\dfir\Python\Scripts\vol.exe,,,UnknownOrUserSid,S-1-5-21-2395961029-2893071609-3470587398-1000,,60,1329,0,0,0,0,0,0,0,600000000,0,0,11,13633362,0,0,0
838,2026-07-14 14:27:00,\Device\HarddiskVolume3\dfir\Python\python.exe,,,UnknownOrUserSid,S-1-5-21-2395961029-2893071609-3470587398-1000,,60,392,0,0,0,0,0,0,0,600000000,0,0,894,14795007181,0,0,0
839,2026-07-14 14:27:00,\Device\HarddiskVolume3\dfir\tools\git\usr\bin\head.exe,,,UnknownOrUserSid,S-1-5-21-2395961029-2893071609-3470587398-1000,,60,1117,0,0,0,0,0,0,0,600000000,2424000512,143360,3511,8859468043,0,4390,35
840,2026-07-14 14:27:00,\Device\HarddiskVolume3\dfir\tools\chainsaw\chainsaw.exe,,,UnknownOrUserSid,S-1-5-21-2395961029-2893071609-3470587398-1000,,60,1313,0,0,0,0,0,0,0,600000000,0,4096,26,5747906235,0,0,1
841,2026-07-14 14:27:00,\Device\HarddiskVolume3\Windows\UUS\amd64\MoNotificationUx.exe,,,UnknownOrUserSid,S-1-5-21-2395961029-2893071609-3470587398-1000,,60,1539,0,0,0,0,0,0,0,7200000000,326656,24576,216,233901820,0,14,6
842,2026-07-14 14:27:00,\Device\HarddiskVolume3\dfir\tools\git\usr\bin\grep.exe,,,UnknownOrUserSid,S-1-5-21-2395961029-2893071609-3470587398-1000,,60,1114,0,0,0,0,0,0,0,600000000,16384,0,254,162239386,0,1,0
843,2026-07-14 14:27:00,System,,,LocalSystem,S-1-5-18,,4,29,0,114688,1891,784629690,2,0,28,9600000000,39097344,325448704,4031277,555779204116,26,809,66042
844,2026-07-14 14:27:00,\Device\HarddiskVolume3\Windows\System32\csrss.exe,,,LocalSystem,S-1-5-18,,4,313,0,0,3,1148611,0,0,0,71399520000,1805312,64454656,31123,9228802982,97,45,2116
845,2026-07-14 14:27:00,\Device\HarddiskVolume3\Windows\System32\wininit.exe,,,LocalSystem,S-1-5-18,,4,314,0,0,0,0,0,0,0,35999840000,279040,516096,17322,3031005183,7,41,59
846,2026-07-14 14:27:00,\Device\HarddiskVolume3\Windows\System32\services.exe,,,LocalSystem,S-1-5-18,,4,31,0,0,0,0,0,0,0,35999840000,0,12288,16234,1640331003,0,0,3
847,2026-07-14 14:27:00,\Device\HarddiskVolume3\Windows\System32\lsass.exe,,,LocalSystem,S-1-5-18,,4,315,0,0,0,0,0,0,0,35999840000,196608,450560,18012,2765041734,32,1,64
848,2026-07-14 14:27:00,\Device\HarddiskVolume3\Windows\System32\svchost.exe [DcomLaunch],,,LocalSystem,S-1-5-18,,4,30,0,0,0,0,0,0,0,82799360000,579584,1531904,22315,4761905987,96,15,207
849,2026-07-14 14:27:00,\Device\HarddiskVolume3\Windows\System32\fontdrvhost.exe,,,LocalSystem,S-1-5-18,,4,316,0,0,0,0,0,0,0,8999850000,0,0,1052,237376363,0,0,0
850,2026-07-14 14:27:00,\Device\HarddiskVolume3\Windows\System32\svchost.exe [LocalSystemNetworkRestricted],,,LocalSystem,S-1-5-18,,4,323,0,0,0,0,0,0,0,268198390000,793088,2637824,8113,7610867835,0,11,447
851,2026-07-14 14:27:00,\Device\HarddiskVolume3\Windows\System32\svchost.exe [netsvcs],,,LocalSystem,S-1-5-18,,4,317,0,0,0,0,0,0,0,575996820000,192553984,650867200,118348,244054539284,61,2086,48177
852,2026-07-14 14:27:00,\Device\HarddiskVolume3\Windows\System32\svchost.exe [GPSvcGroup],,,LocalSystem,S-1-5-18,,4,357,0,0,0,0,0,0,0,18599680000,0,0,3727,427296301,0,0,0
853,2026-07-14 14:27:00,\Device\HarddiskVolume3\Windows\System32\svchost.exe [UserProfileService],,,LocalSystem,S-1-5-18,,4,318,0,0,0,0,0,0,0,35999840000,475136,156160,396,157244810,6,36,39
854,2026-07-14 14:27:00,Memory Compression,,,LocalSystem,S-1-5-18,,4,336,0,0,0,0,0,0,0,25800000000,290816,552960,3327,1262302680,6,11,24
855,2026-07-14 14:27:00,\Device\HarddiskVolume3\Windows\System32\svchost.exe [utcsvc],,,LocalSystem,S-1-5-18,,4,330,0,0,0,0,0,0,0,35999840000,523264,1445888,6931,3088650232,11,6,346
856,2026-07-14 14:27:00,\Device\HarddiskVolume3\Windows\System32\svchost.exe [NetSvcs],,,LocalSystem,S-1-5-18,,4,331,0,0,0,0,0,0,0,35999840000,1360896,270336,497,429428524,6,24,63
857,2026-07-14 14:27:00,\Device\HarddiskVolume3\Windows\System32\svchost.exe [appmodel],,,LocalSystem,S-1-5-18,,4,326,0,0,0,0,0,0,0,35999840000,0,12288,402,137924106,0,0,3
858,2026-07-14 14:27:00,\Device\HarddiskVolume3\Windows\System32\OpenSSH\sshd.exe,,,LocalSystem,S-1-5-18,,4,1059,0,0,0,0,0,0,0,14399840000,57344,0,632,240989003,0,7,0
859,2026-07-14 14:27:00,\Device\HarddiskVolume3\Windows\System32\AggregatorHost.exe,,,LocalSystem,S-1-5-18,,4,332,0,0,0,0,0,0,0,16199840000,0,36864,107,46308514,0,0,9
860,2026-07-14 14:27:00,\Device\HarddiskVolume3\Program Files (x86)\Microsoft\EdgeUpdate\MicrosoftEdgeUpdate.exe,,,LocalSystem,S-1-5-18,,4,342,0,0,0,0,0,0,0,2399850000,519168,4096,100,37395385,0,12,1
861,2026-07-14 14:27:00,\Device\HarddiskVolume3\Windows\System32\taskhostw.exe,,,LocalSystem,S-1-5-18,,4,348,0,0,0,0,0,0,0,600000000,263680,65536,1115,5720172104,0,7,16
862,2026-07-14 14:27:00,\Device\HarddiskVolume3\Windows\System32\svchost.exe [wsappx],,,LocalSystem,S-1-5-18,,4,325,0,0,0,0,0,0,0,10800150000,24576,0,298,166468379,0,1,0
863,2026-07-14 14:27:00,\Device\HarddiskVolume3\Windows\System32\svchost.exe [osprivacy],,,LocalSystem,S-1-5-18,,4,346,0,0,0,0,0,0,0,35999840000,0,0,1370,694649432,0,0,0
864,2026-07-14 14:27:00,\Device\HarddiskVolume3\Windows\System32\SecurityHealthService.exe,,,LocalSystem,S-1-5-18,,4,354,0,0,0,0,0,0,0,35999840000,0,0,4650,635415696,0,0,0
865,2026-07-14 14:27:00,\Device\HarddiskVolume3\Windows\System32\wbem\WmiPrvSE.exe,,,LocalSystem,S-1-5-18,,4,333,0,0,0,0,0,0,0,4200000000,101888,53248,1970,198617220,0,5,13
866,2026-07-14 14:27:00,System Interrupts,,,LocalSystem,S-1-5-18,,4,28,0,0,0,0,0,0,0,35999840000,1335808,196608,12869,235894674138,0,79,48
867,2026-07-14 14:27:00,Registry,,,LocalSystem,S-1-5-18,,4,335,386048,135168,567,293388865,0,20,33,30600000000,36192768,122711040,1139653,190906502726,97,669,10872
868,2026-07-14 14:27:00,\Device\HarddiskVolume3\Windows\System32\smss.exe,,,LocalSystem,S-1-5-18,,4,312,0,0,0,0,0,0,0,599840000,0,163840,5019,1333684394,0,0,25
869,2026-07-14 14:27:00,\Device\HarddiskVolume3\Windows\System32\svchost.exe [wusvcs],,,LocalSystem,S-1-5-18,,4,337,0,0,0,0,0,0,0,1200150000,137216,49152,307,189213192,0,4,10
870,2026-07-14 14:27:00,\Device\HarddiskVolume3\Windows\System32\SearchIndexer.exe,,,LocalSystem,S-1-5-18,,4,338,0,0,0,0,0,0,0,35999840000,87291904,9809920,23693,15470994229,98,407,2387
871,2026-07-14 14:27:00,\Device\HarddiskVolume3\Windows\System32\SearchProtocolHost.exe,,,LocalSystem,S-1-5-18,,4,339,0,0,0,0,0,0,0,2999700000,2653344768,3977051648,629161,276782795829,10,11990,234611
872,2026-07-14 14:27:00,\Device\HarddiskVolume3\Windows\servicing\TrustedInstaller.exe,,,LocalSystem,S-1-5-18,,4,327,0,0,0,0,0,0,0,6600000000,0,32768,115857,6308044175,0,0,8
873,2026-07-14 14:27:00,\Device\HarddiskVolume3\Windows\WinSxS\amd64_microsoft-windows-servicingstack_31bf3856ad364e35_10.0.26100.1738_none_a5031b637767a4e7\TiWorker.exe,,,LocalSystem,S-1-5-18,,4,334,0,0,0,0,0,0,0,3000000000,11648278528,9039142912,415455,761504250547,19,51104,166386
874,2026-07-14 14:27:00,\Device\HarddiskVolume3\Windows\UUS\amd64\MoUsoCoreWorker.exe,,,LocalSystem,S-1-5-18,,4,356,0,0,0,0,0,0,0,21000320000,34662400,66363392,23694,18603456712,217,211,16027
875,2026-07-14 14:27:00,\Device\HarddiskVolume3\Windows\System32\svchost.exe [defragsvc],,,LocalSystem,S-1-5-18,,4,1060,0,0,0,0,0,0,0,1800000000,39151104,110592,736,7509817302,0,497,27
876,2026-07-14 14:27:00,\Device\HarddiskVolume3\ProgramData\Microsoft\Windows Defender\Platform\4.18.26060.3008-0\MsMpEng.exe,,,LocalSystem,S-1-5-18,,4,1081,0,0,0,0,0,0,0,35999840000,172013568,7544832,928462,211606103210,1,336,1134
877,2026-07-14 14:27:00,\Device\HarddiskVolume3\ProgramData\Microsoft\Windows Defender\Platform\4.18.26060.3008-0\MpDefenderCoreService.exe,,,LocalSystem,S-1-5-18,,4,1078,0,0,0,0,0,0,0,35999840000,68390912,421888,94296,61639549672,0,1690,103
878,2026-07-14 14:27:00,\Device\HarddiskVolume3\Windows\UUS\amd64\wuaucltcore.exe,,,LocalSystem,S-1-5-18,,4,463,0,0,0,0,0,0,0,3600000000,1111261184,2748931072,110728,345859964276,47,8529,98683
879,2026-07-14 14:27:00,\Device\HarddiskVolume3\Windows\System32\svchost.exe [InvSvcGroup],,,LocalSystem,S-1-5-18,,4,344,0,0,0,0,0,0,0,10199680000,0,0,33,12649794,0,0,0
880,2026-07-14 14:27:00,\Device\HarddiskVolume3\Windows\System32\svchost.exe [WerSvcGroup],,,LocalSystem,S-1-5-18,,4,340,0,0,0,0,0,0,0,2400300000,135168,884736,545,655934070,0,2,216
881,2026-07-14 14:27:00,\Device\HarddiskVolume3\Windows\System32\vds.exe,,,LocalSystem,S-1-5-18,,4,441,0,0,0,0,0,0,0,3600000000,769024,57344,2473,673710913,0,44,14
882,2026-07-14 14:27:00,\Device\HarddiskVolume3\Windows\System32\wimserv.exe,,,LocalSystem,S-1-5-18,,4,1537,0,0,0,0,0,0,0,600150000,123736064,401989632,9885,7422971730,0,1216,14254
883,2026-07-14 14:27:00,\Device\HarddiskVolume3\$WinREAgent\Scratch\00A58336-F1D3-4883-8521-2FE6E03E1E22\DismHost.exe,,,LocalSystem,S-1-5-18,,4,1536,0,0,0,0,0,0,0,600150000,157414912,936284160,60859,105466903185,59,2238,30338
884,2026-07-14 14:27:00,\Device\HarddiskVolume3\Windows\WinSxS\amd64_microsoft-windows-servicingstack_31bf3856ad364e35_10.0.26100.8648_none_a50ef8e3775e8e5e\TiWorker.exe,,,LocalSystem,S-1-5-18,,4,1538,0,0,0,0,0,0,0,3600000000,5134431232,3438820864,590045,951306199730,1708,73654,303037
885,2026-07-14 14:27:00,\Device\HarddiskVolume3\Windows\System32\svchost.exe [RPCSS],,,NetworkService,S-1-5-20,,9,26,0,0,0,0,0,0,0,35999840000,241664,28672,16379,2842659252,0,7,7
886,2026-07-14 14:27:00,\Device\HarddiskVolume3\Windows\System32\svchost.exe [NetworkService],,,NetworkService,S-1-5-20,,9,363,0,0,0,0,0,0,0,179999200000,28759552,639713280,114916,44464503422,8,546,117079
887,2026-07-14 14:27:00,\Device\HarddiskVolume3\Windows\System32\svchost.exe [netprofm],,,NetworkService,S-1-5-20,,9,362,0,0,0,0,0,0,0,35999840000,0,0,2713,492043250,0,0,0
888,2026-07-14 14:27:00,\Device\HarddiskVolume3\Windows\System32\svchost.exe [NetworkServiceNetworkRestricted],,,NetworkService,S-1-5-20,,9,365,0,0,0,0,0,0,0,35999840000,0,4096,585,246970691,0,0,1
889,2026-07-14 14:27:00,\Device\HarddiskVolume3\Windows\System32\wbem\WmiPrvSE.exe,,,NetworkService,S-1-5-20,,9,333,0,0,0,0,0,0,0,5400310000,87040,53248,2378,762793154,0,8,13
890,2026-07-14 14:27:00,\Device\HarddiskVolume3\Windows\System32\sppsvc.exe,,,NetworkService,S-1-5-20,,9,361,0,0,0,0,0,0,0,1199990000,0,0,623,640162242,0,0,0
891,2026-07-14 14:27:00,\Device\HarddiskVolume3\Windows\System32\svchost.exe [LocalServiceNetworkRestricted],,,LocalService,S-1-5-19,,6,368,0,0,0,0,0,0,0,348597760000,423424,11792896,8276,2436957614,49,11,512
892,2026-07-14 14:27:00,\Device\HarddiskVolume3\Windows\System32\svchost.exe [LocalService],,,LocalService,S-1-5-19,,6,367,0,0,0,0,0,0,0,251998880000,244736,1490944,4816,1357202254,44,16,263
893,2026-07-14 14:27:00,\Device\HarddiskVolume3\Windows\System32\svchost.exe [LocalServiceNoNetwork],,,LocalService,S-1-5-19,,6,366,0,0,0,0,0,0,0,71999680000,0,155648,2900,1075223802,0,0,34
894,2026-07-14 14:27:00,\Device\HarddiskVolume3\Windows\System32\svchost.exe [LocalServiceNoNetworkFirewall],,,LocalService,S-1-5-19,,6,369,0,0,0,0,0,0,0,35999840000,0,0,511,167938652,0,0,0
895,2026-07-14 14:27:00,\Device\HarddiskVolume3\Windows\System32\wbem\WmiPrvSE.exe,,,LocalService,S-1-5-19,,6,333,0,0,0,0,0,0,0,1199850000,0,16384,2185,607038589,0,0,4
896,2026-07-14 14:27:00,\Device\HarddiskVolume3\Windows\System32\svchost.exe [LocalServiceAndNoImpersonation],,,LocalService,S-1-5-19,,6,371,0,0,0,0,0,0,0,35999840000,0,0,816,180754525,0,0,0
897,2026-07-14 14:27:00,\Device\HarddiskVolume3\ProgramData\Microsoft\Windows Defender\Platform\4.18.26060.3008-0\NisSrv.exe,,,LocalService,S-1-5-19,,6,1093,0,0,0,0,0,0,0,35999840000,1132544,28672,4488,2026568142,0,84,7
898,2026-07-14 14:27:00,\Device\HarddiskVolume3\Windows\System32\dwm.exe,,,UnknownOrUserSid,S-1-5-90-0-1,,13,33,0,0,0,0,0,0,0,35999840000,0,0,2409,1013365917,0,0,0
943,2026-07-14 15:27:00,Microsoft.AAD.BrokerPlugin_1000.19580.1000.0_neutral_neutral_cw5n1h2txyewy,,,UnknownOrUserSid,S-1-5-21-2395961029-2893071609-3470587398-1000,,60,373,20480,0,998,163681995,0,1,0,0,0,0,0,0,0,0,0
944,2026-07-14 15:27:00,Microsoft.Windows.StartMenuExperienceHost_10.0.26100.1301_neutral_neutral_cw5n1h2txyewy,,,UnknownOrUserSid,S-1-5-21-2395961029-2893071609-3470587398-1000,,60,284,0,0,224,86130070,0,0,0,36599969805,0,0,554,232650192,0,0,0
945,2026-07-14 15:27:00,MicrosoftWindows.Client.CBS_1000.26100.18.0_x64__cw5n1h2txyewy,,,UnknownOrUserSid,S-1-5-21-2395961029-2893071609-3470587398-1000,,60,295,0,143360,2392,1182301123,0,0,35,0,0,0,0,0,0,0,0
946,2026-07-14 15:27:00,\Device\HarddiskVolume3\Windows\System32\dllhost.exe,,,UnknownOrUserSid,S-1-5-21-2395961029-2893071609-3470587398-1000,,60,351,0,0,0,0,0,0,0,7199840000,0,0,26,8783126,0,0,0
947,2026-07-14 15:27:00,\Device\HarddiskVolume3\Windows\System32\sihost.exe,,,UnknownOrUserSid,S-1-5-21-2395961029-2893071609-3470587398-1000,,60,375,0,0,0,0,0,0,0,36600000000,0,77824,298,177137696,0,0,19
948,2026-07-14 15:27:00,\Device\HarddiskVolume3\Windows\System32\svchost.exe,,,UnknownOrUserSid,S-1-5-21-2395961029-2893071609-3470587398-1000,,60,376,0,0,0,0,0,0,0,230999840000,0,36864,3964,2758995660,0,0,9
949,2026-07-14 15:27:00,\Device\HarddiskVolume3\Windows\System32\taskhostw.exe,,,UnknownOrUserSid,S-1-5-21-2395961029-2893071609-3470587398-1000,,60,348,0,0,0,0,0,0,0,13199840000,0,8192,359,86205414,0,0,2
950,2026-07-14 15:27:00,\Device\HarddiskVolume3\Windows\System32\ShellHost.exe,,,UnknownOrUserSid,S-1-5-21-2395961029-2893071609-3470587398-1000,,60,378,0,0,0,0,0,0,0,33599520000,0,0,161,69706461,0,0,0
951,2026-07-14 15:27:00,\Device\HarddiskVolume3\Windows\explorer.exe,,,UnknownOrUserSid,S-1-5-21-2395961029-2893071609-3470587398-1000,,60,379,0,0,0,0,0,0,0,36600000000,0,0,356,133138336,0,0,0
952,2026-07-14 15:27:00,Microsoft.Windows.ShellExperienceHost_10.0.26100.1301_neutral_neutral_cw5n1h2txyewy,,,UnknownOrUserSid,S-1-5-21-2395961029-2893071609-3470587398-1000,,60,1056,0,0,183,58424648,0,0,0,0,0,0,0,0,0,0,0
953,2026-07-14 15:27:00,\Device\HarddiskVolume3\Windows\System32\conhost.exe,,,UnknownOrUserSid,S-1-5-21-2395961029-2893071609-3470587398-1000,,60,349,0,0,0,0,0,0,0,36600000000,0,0,847,146954602,0,0,0
954,2026-07-14 15:27:00,\Device\HarddiskVolume3\Windows\System32\WindowsPowerShell\v1.0\powershell.exe,,,UnknownOrUserSid,S-1-5-21-2395961029-2893071609-3470587398-1000,,60,383,0,0,0,0,0,0,0,1200000000,0,0,365,51300309,0,0,0
955,2026-07-14 15:27:00,System,,,LocalSystem,S-1-5-18,,4,29,0,0,792,369978616,0,0,0,1199840000,84480,73728,12213,3366156917,0,9,18
956,2026-07-14 15:27:00,\Device\HarddiskVolume3\Windows\System32\csrss.exe,,,LocalSystem,S-1-5-18,,4,313,0,0,0,0,0,0,0,73200000000,249856,4118016,31981,16236399702,94,11,399
957,2026-07-14 15:27:00,\Device\HarddiskVolume3\Windows\System32\wininit.exe,,,LocalSystem,S-1-5-18,,4,314,0,0,0,0,0,0,0,36600000000,16384,471040,6790,712884586,10,2,71
958,2026-07-14 15:27:00,\Device\HarddiskVolume3\Windows\System32\services.exe,,,LocalSystem,S-1-5-18,,4,31,0,0,0,0,0,0,0,36600000000,0,0,4766,671553481,0,0,0
959,2026-07-14 15:27:00,\Device\HarddiskVolume3\Windows\System32\lsass.exe,,,LocalSystem,S-1-5-18,,4,315,0,0,0,0,0,0,0,36600000000,0,155648,7752,1451561062,8,0,20
960,2026-07-14 15:27:00,\Device\HarddiskVolume3\Windows\System32\svchost.exe [DcomLaunch],,,LocalSystem,S-1-5-18,,4,30,0,0,0,0,0,0,0,84599840000,0,761856,12867,3082197544,52,0,109
961,2026-07-14 15:27:00,\Device\HarddiskVolume3\Windows\System32\fontdrvhost.exe,,,LocalSystem,S-1-5-18,,4,316,0,0,0,0,0,0,0,4799840000,0,147456,1302,278826544,8,0,17
962,2026-07-14 15:27:00,\Device\HarddiskVolume3\Windows\System32\svchost.exe [LocalSystemNetworkRestricted],,,LocalSystem,S-1-5-18,,4,323,0,0,0,0,0,0,0,275399680000,233984,1339392,9392,5189496145,0,2,282
963,2026-07-14 15:27:00,\Device\HarddiskVolume3\Windows\System32\svchost.exe [netsvcs],,,LocalSystem,S-1-5-18,,4,317,0,0,0,0,0,0,0,571199680000,0,1392640,10261,5805431454,11,0,238
964,2026-07-14 15:27:00,\Device\HarddiskVolume3\Windows\System32\svchost.exe [GPSvcGroup],,,LocalSystem,S-1-5-18,,4,357,0,0,0,0,0,0,0,21000160000,0,0,11173,1256828133,0,0,0
965,2026-07-14 15:27:00,\Device\HarddiskVolume3\Windows\System32\svchost.exe [UserProfileService],,,LocalSystem,S-1-5-18,,4,318,0,0,0,0,0,0,0,36600000000,327680,61440,306,136843815,0,4,15
966,2026-07-14 15:27:00,Memory Compression,,,LocalSystem,S-1-5-18,,4,336,0,0,0,0,0,0,0,15000000000,8192,0,906,542695683,0,1,0
967,2026-07-14 15:27:00,\Device\HarddiskVolume3\Windows\System32\svchost.exe [utcsvc],,,LocalSystem,S-1-5-18,,4,330,0,0,0,0,0,0,0,32400160000,69632,532480,5914,2799543438,0,3,99
968,2026-07-14 15:27:00,\Device\HarddiskVolume3\Windows\System32\svchost.exe [NetSvcs],,,LocalSystem,S-1-5-18,,4,331,0,0,0,0,0,0,0,36600000000,0,118784,343,297137803,2,0,29
969,2026-07-14 15:27:00,\Device\HarddiskVolume3\Windows\System32\svchost.exe [appmodel],,,LocalSystem,S-1-5-18,,4,326,0,0,0,0,0,0,0,34200000000,0,0,205,44584197,0,0,0
970,2026-07-14 15:27:00,\Device\HarddiskVolume3\Windows\System32\OpenSSH\sshd.exe,,,LocalSystem,S-1-5-18,,4,1059,0,0,0,0,0,0,0,3600000000,0,0,641,147134366,0,0,0
971,2026-07-14 15:27:00,\Device\HarddiskVolume3\Windows\System32\AggregatorHost.exe,,,LocalSystem,S-1-5-18,,4,332,0,0,0,0,0,0,0,13799680000,0,28672,61,24346147,0,0,7
972,2026-07-14 15:27:00,\Device\HarddiskVolume3\Program Files (x86)\Microsoft\EdgeUpdate\MicrosoftEdgeUpdate.exe,,,LocalSystem,S-1-5-18,,4,342,0,0,0,0,0,0,0,2999680000,1966080,98304,372,198493879,0,104,24
973,2026-07-14 15:27:00,\Device\HarddiskVolume3\Windows\System32\svchost.exe [wsappx],,,LocalSystem,S-1-5-18,,4,325,0,0,0,0,0,0,0,2999840000,0,0,10,2851558,0,0,0
974,2026-07-14 15:27:00,\Device\HarddiskVolume3\Windows\System32\svchost.exe [osprivacy],,,LocalSystem,S-1-5-18,,4,346,0,0,0,0,0,0,0,36600000000,0,0,1619,700264930,0,0,0
975,2026-07-14 15:27:00,\Device\HarddiskVolume3\Windows\System32\SecurityHealthService.exe,,,LocalSystem,S-1-5-18,,4,354,0,0,0,0,0,0,0,36600000000,0,0,114,44783929,0,0,0
976,2026-07-14 15:27:00,System Interrupts,,,LocalSystem,S-1-5-18,,4,28,0,0,0,0,0,0,0,36600000000,0,200704,10168,10416775122,0,0,49
977,2026-07-14 15:27:00,Registry,,,LocalSystem,S-1-5-18,,4,335,0,16384,522,270140165,0,0,4,24600160000,1481728,2291712,74720,35434953038,18,30,282
978,2026-07-14 15:27:00,\Device\HarddiskVolume3\Windows\System32\smss.exe,,,LocalSystem,S-1-5-18,,4,312,0,0,0,0,0,0,0,600000000,0,274432,1868,1073155030,0,0,21
979,2026-07-14 15:27:00,\Device\HarddiskVolume3\Windows\System32\svchost.exe [wusvcs],,,LocalSystem,S-1-5-18,,4,337,0,0,0,0,0,0,0,599840000,0,0,1,263851,0,0,0
980,2026-07-14 15:27:00,\Device\HarddiskVolume3\Windows\System32\SearchIndexer.exe,,,LocalSystem,S-1-5-18,,4,338,0,0,0,0,0,0,0,36600000000,0,0,348,147872665,0,0,0
981,2026-07-14 15:27:00,\Device\HarddiskVolume3\Windows\UUS\amd64\MoUsoCoreWorker.exe,,,LocalSystem,S-1-5-18,,4,356,0,0,0,0,0,0,0,18600160000,0,0,233,74201769,0,0,0
982,2026-07-14 15:27:00,\Device\HarddiskVolume3\ProgramData\Microsoft\Windows Defender\Platform\4.18.26060.3008-0\MsMpEng.exe,,,LocalSystem,S-1-5-18,,4,1081,0,0,0,0,0,0,0,36600000000,1173504,581632,15585,7199061519,30,34,142
983,2026-07-14 15:27:00,\Device\HarddiskVolume3\ProgramData\Microsoft\Windows Defender\Platform\4.18.26060.3008-0\MpDefenderCoreService.exe,,,LocalSystem,S-1-5-18,,4,1078,0,0,0,0,0,0,0,36600000000,1341440,270336,37626,16246097739,0,37,66
984,2026-07-14 15:27:00,\Device\HarddiskVolume3\Windows\System32\svchost.exe [InvSvcGroup],,,LocalSystem,S-1-5-18,,4,344,0,0,0,0,0,0,0,8399680000,0,0,38,16624023,0,0,0
985,2026-07-14 15:27:00,\Device\HarddiskVolume3\Windows\System32\svchost.exe [RPCSS],,,NetworkService,S-1-5-20,,9,26,0,0,0,0,0,0,0,36600000000,20480,8192,5682,1319497429,0,1,2
986,2026-07-14 15:27:00,\Device\HarddiskVolume3\Windows\System32\svchost.exe [NetworkService],,,NetworkService,S-1-5-20,,9,363,0,0,0,0,0,0,0,183000000000,221696,802816,9692,2157558451,22,7,104
987,2026-07-14 15:27:00,\Device\HarddiskVolume3\Windows\System32\svchost.exe [netprofm],,,NetworkService,S-1-5-20,,9,362,0,0,0,0,0,0,0,36600000000,0,0,384,128453831,0,0,0
988,2026-07-14 15:27:00,\Device\HarddiskVolume3\Windows\System32\svchost.exe [NetworkServiceNetworkRestricted],,,NetworkService,S-1-5-20,,9,365,0,0,0,0,0,0,0,36600000000,0,0,597,236829759,0,0,0
989,2026-07-14 15:27:00,\Device\HarddiskVolume3\Windows\System32\wbem\WmiPrvSE.exe,,,NetworkService,S-1-5-20,,9,333,0,0,0,0,0,0,0,2400000000,8192,102400,497,301449837,0,1,24
990,2026-07-14 15:27:00,\Device\HarddiskVolume3\Windows\System32\sppsvc.exe,,,NetworkService,S-1-5-20,,9,361,0,0,0,0,0,0,0,600000000,0,0,171,440565995,0,0,0
991,2026-07-14 15:27:00,\Device\HarddiskVolume3\Windows\System32\svchost.exe [LocalServiceNetworkRestricted],,,LocalService,S-1-5-19,,6,368,0,0,0,0,0,0,0,355199680000,1048576,266240,4850,1920432003,8,11,63
992,2026-07-14 15:27:00,\Device\HarddiskVolume3\Windows\System32\svchost.exe [LocalService],,,LocalService,S-1-5-19,,6,367,0,0,0,0,0,0,0,256200000000,52736,1593856,2764,1314827657,57,7,325
993,2026-07-14 15:27:00,\Device\HarddiskVolume3\Windows\System32\svchost.exe [LocalServiceNoNetwork],,,LocalService,S-1-5-19,,6,366,0,0,0,0,0,0,0,73200000000,1867776,2015232,2223,1155392871,0,42,450
994,2026-07-14 15:27:00,\Device\HarddiskVolume3\Windows\System32\svchost.exe [LocalServiceNoNetworkFirewall],,,LocalService,S-1-5-19,,6,369,0,0,0,0,0,0,0,36600000000,0,0,192,69679135,0,0,0
995,2026-07-14 15:27:00,\Device\HarddiskVolume3\Windows\System32\svchost.exe [LocalServiceAndNoImpersonation],,,LocalService,S-1-5-19,,6,371,0,0,0,0,0,0,0,36600000000,0,0,429,130084222,0,0,0
996,2026-07-14 15:27:00,\Device\HarddiskVolume3\ProgramData\Microsoft\Windows Defender\Platform\4.18.26060.3008-0\NisSrv.exe,,,LocalService,S-1-5-19,,6,1093,0,0,0,0,0,0,0,36600000000,191488,159744,6209,2860320859,0,4,24
997,2026-07-14 15:27:00,\Device\HarddiskVolume3\Windows\System32\dwm.exe,,,UnknownOrUserSid,S-1-5-90-0-1,,13,33,0,0,0,0,0,0,0,36600000000,0,0,2246,761083872,0,0,0
1005,2026-07-14 16:28:00,Microsoft.AAD.BrokerPlugin_1000.19580.1000.0_neutral_neutral_cw5n1h2txyewy,,,UnknownOrUserSid,S-1-5-21-2395961029-2893071609-3470587398-1000,,60,373,0,16384,605,223197438,1,0,4,0,0,0,0,0,0,0,0
1006,2026-07-14 16:28:00,Microsoft.Windows.StartMenuExperienceHost_10.0.26100.1301_neutral_neutral_cw5n1h2txyewy,,,UnknownOrUserSid,S-1-5-21-2395961029-2893071609-3470587398-1000,,60,284,0,0,217,62192506,0,0,0,36000000249,0,0,523,174709771,0,0,0
1007,2026-07-14 16:28:00,MicrosoftWindows.Client.CBS_1000.26100.18.0_x64__cw5n1h2txyewy,,,UnknownOrUserSid,S-1-5-21-2395961029-2893071609-3470587398-1000,,60,295,1135616,200704,2908,1428594894,0,78,49,0,0,0,0,0,0,0,0
1008,2026-07-14 16:28:00,\Device\HarddiskVolume3\Windows\System32\dllhost.exe,,,UnknownOrUserSid,S-1-5-21-2395961029-2893071609-3470587398-1000,,60,351,0,0,0,0,0,0,0,7199840000,0,0,33,7970550,0,0,0
1009,2026-07-14 16:28:00,\Device\HarddiskVolume3\Windows\System32\OpenSSH\sshd.exe,,,UnknownOrUserSid,S-1-5-21-2395961029-2893071609-3470587398-1000,,60,1059,0,0,0,0,0,0,0,7200000000,0,0,603,313776177,0,0,0
1010,2026-07-14 16:28:00,\Device\HarddiskVolume3\Windows\System32\sihost.exe,,,UnknownOrUserSid,S-1-5-21-2395961029-2893071609-3470587398-1000,,60,375,0,0,0,0,0,0,0,36000000000,0,81920,652,534669416,0,0,20
1011,2026-07-14 16:28:00,\Device\HarddiskVolume3\Windows\System32\svchost.exe,,,UnknownOrUserSid,S-1-5-21-2395961029-2893071609-3470587398-1000,,60,376,0,0,0,0,0,0,0,224400000000,1563136,159744,20893,4995964683,0,68,39
1012,2026-07-14 16:28:00,\Device\HarddiskVolume3\Windows\System32\taskhostw.exe,,,UnknownOrUserSid,S-1-5-21-2395961029-2893071609-3470587398-1000,,60,348,0,0,0,0,0,0,0,15000000000,0,106496,576,148733943,0,0,26
1013,2026-07-14 16:28:00,\Device\HarddiskVolume3\Windows\System32\ShellHost.exe,,,UnknownOrUserSid,S-1-5-21-2395961029-2893071609-3470587398-1000,,60,378,0,0,0,0,0,0,0,31800000000,0,0,186,51658418,0,0,0
1014,2026-07-14 16:28:00,\Device\HarddiskVolume3\Windows\explorer.exe,,,UnknownOrUserSid,S-1-5-21-2395961029-2893071609-3470587398-1000,,60,379,0,0,0,0,0,0,0,36000000000,0,0,1083,308379653,0,0,0
1015,2026-07-14 16:28:00,\Device\HarddiskVolume3\Windows\System32\ctfmon.exe,,,UnknownOrUserSid,S-1-5-21-2395961029-2893071609-3470587398-1000,,60,328,0,0,0,0,0,0,0,3000000000,0,0,98,11094370,0,0,0
1016,2026-07-14 16:28:00,\Device\HarddiskVolume3\Windows\System32\smartscreen.exe,,,UnknownOrUserSid,S-1-5-21-2395961029-2893071609-3470587398-1000,,60,382,0,0,0,0,0,0,0,10199840000,0,0,3999,563342272,0,0,0
1017,2026-07-14 16:28:00,\Device\HarddiskVolume3\Windows\System32\SecurityHealthSystray.exe,,,UnknownOrUserSid,S-1-5-21-2395961029-2893071609-3470587398-1000,,60,387,0,0,0,0,0,0,0,5999840000,0,0,192,29764707,0,0,0
1018,2026-07-14 16:28:00,Microsoft.Windows.ShellExperienceHost_10.0.26100.1301_neutral_neutral_cw5n1h2txyewy,,,UnknownOrUserSid,S-1-5-21-2395961029-2893071609-3470587398-1000,,60,1056,172032,28672,1386,330047398,0,11,7,667012405,876544,12288,2904,1030274086,0,12,3
1019,2026-07-14 16:28:00,\Device\HarddiskVolume3\Windows\System32\conhost.exe,,,UnknownOrUserSid,S-1-5-21-2395961029-2893071609-3470587398-1000,,60,349,0,0,0,0,0,0,0,43200000000,0,0,9499,1315272675,0,0,0
1020,2026-07-14 16:28:00,\Device\HarddiskVolume3\Windows\System32\cmd.exe,,,UnknownOrUserSid,S-1-5-21-2395961029-2893071609-3470587398-1000,,60,514,0,0,0,0,0,0,0,4200160000,0,8192,346,224358650,0,0,2
1021,2026-07-14 16:28:00,\Device\HarddiskVolume3\dfir\tools\git\bin\bash.exe,,,UnknownOrUserSid,S-1-5-21-2395961029-2893071609-3470587398-1000,,60,1108,0,0,0,0,0,0,0,4200160000,0,4096,1307,297301400,0,0,1
1022,2026-07-14 16:28:00,\Device\HarddiskVolume3\dfir\tools\git\usr\bin\bash.exe,,,UnknownOrUserSid,S-1-5-21-2395961029-2893071609-3470587398-1000,,60,1099,0,0,0,0,0,0,0,26999680000,754688,466944,15144,5095163882,0,37,114
1023,2026-07-14 16:28:00,\Device\HarddiskVolume3\dfir\tools\git\usr\bin\timeout.exe,,,UnknownOrUserSid,S-1-5-21-2395961029-2893071609-3470587398-1000,,60,1112,0,0,0,0,0,0,0,6599840000,43520,12288,929,577876879,0,4,3
1024,2026-07-14 16:28:00,\Device\HarddiskVolume3\dfir\tools\hayabusa\hayabusa.exe,,,UnknownOrUserSid,S-1-5-21-2395961029-2893071609-3470587398-1000,,60,526,0,0,0,0,0,0,0,600000000,5105152,3219456,3157,2136502722,0,619,786
1025,2026-07-14 16:28:00,\Device\HarddiskVolume3\dfir\tools\EZ\net9\EvtxeCmd\EvtxECmd.exe,,,UnknownOrUserSid,S-1-5-21-2395961029-2893071609-3470587398-1000,,60,517,0,0,0,0,0,0,0,1200000000,0,0,194,127662984,0,0,0
1026,2026-07-14 16:28:00,\Device\HarddiskVolume3\Windows\System32\WindowsPowerShell\v1.0\powershell.exe,,,UnknownOrUserSid,S-1-5-21-2395961029-2893071609-3470587398-1000,,60,383,0,0,0,0,0,0,0,10200000000,0,0,2585,217517460,0,0,0
1027,2026-07-14 16:28:00,\Device\HarddiskVolume3\dfir\Python\Scripts\vol.exe,,,UnknownOrUserSid,S-1-5-21-2395961029-2893071609-3470587398-1000,,60,1329,0,0,0,0,0,0,0,2399840000,0,12288,548,329297850,0,0,3
1028,2026-07-14 16:28:00,\Device\HarddiskVolume3\dfir\Python\python.exe,,,UnknownOrUserSid,S-1-5-21-2395961029-2893071609-3470587398-1000,,60,392,0,0,0,0,0,0,0,2399840000,0,4096,1032,8776327611,0,0,1
1029,2026-07-14 16:28:00,\Device\HarddiskVolume3\dfir\tools\git\usr\bin\perl.exe,,,UnknownOrUserSid,S-1-5-21-2395961029-2893071609-3470587398-1000,,60,1330,0,0,0,0,0,0,0,600000000,0,0,35,33154146,0,0,0
1030,2026-07-14 16:28:00,\Device\HarddiskVolume3\dfir\tools\chainsaw\chainsaw.exe,,,UnknownOrUserSid,S-1-5-21-2395961029-2893071609-3470587398-1000,,60,1313,0,0,0,0,0,0,0,1800000000,133120,16384,309,5106576512,0,2,4
1031,2026-07-14 16:28:00,\Device\HarddiskVolume3\dfir\tools\git\mingw64\bin\git.exe,,,UnknownOrUserSid,S-1-5-21-2395961029-2893071609-3470587398-1000,,60,1098,0,0,0,0,0,0,0,600160000,300032,389120,187,215527192,0,23,93
1032,2026-07-14 16:28:00,\Device\HarddiskVolume3\dfir\tools\git\usr\bin\tail.exe,,,UnknownOrUserSid,S-1-5-21-2395961029-2893071609-3470587398-1000,,60,1318,0,0,0,0,0,0,0,600160000,0,0,150,34287345,0,0,0
1033,2026-07-14 16:28:00,\Device\HarddiskVolume3\dfir\tools\git\mingw64\libexec\git-core\git.exe,,,UnknownOrUserSid,S-1-5-21-2395961029-2893071609-3470587398-1000,,60,1326,0,0,0,0,0,0,0,1200320000,132608,458752,75,113622449,0,2,35
1034,2026-07-14 16:28:00,\Device\HarddiskVolume3\dfir\tools\git\mingw64\libexec\git-core\git-remote-https.exe,,,UnknownOrUserSid,S-1-5-21-2395961029-2893071609-3470587398-1000,,60,1328,0,0,0,0,0,0,0,600160000,134144,81920,183,190601490,0,2,20
1035,2026-07-14 16:28:00,System,,,LocalSystem,S-1-5-18,,4,29,61440,94208,1353,555785206,1,1,23,2400000000,62920704,34639872,328628,46115308000,9,1155,8401
1036,2026-07-14 16:28:00,\Device\HarddiskVolume3\Windows\System32\csrss.exe,,,LocalSystem,S-1-5-18,,4,313,567808,16384,595,294311498,0,39,4,70366958404,6973440,6234112,599228,63150477727,101,133,837
1037,2026-07-14 16:28:00,\Device\HarddiskVolume3\Windows\System32\wininit.exe,,,LocalSystem,S-1-5-18,,4,314,0,0,0,0,0,0,0,36000000000,9083392,975872,229703,22498381669,14,139,121
1038,2026-07-14 16:28:00,\Device\HarddiskVolume3\Windows\System32\services.exe,,,LocalSystem,S-1-5-18,,4,31,0,0,0,0,0,0,0,36000000000,0,4096,10484,1235606898,0,0,1
1039,2026-07-14 16:28:00,\Device\HarddiskVolume3\Windows\System32\lsass.exe,,,LocalSystem,S-1-5-18,,4,315,0,0,0,0,0,0,0,36000000000,0,405504,11146,1612384841,24,0,58
1040,2026-07-14 16:28:00,\Device\HarddiskVolume3\Windows\System32\svchost.exe [DcomLaunch],,,LocalSystem,S-1-5-18,,4,30,0,0,0,0,0,0,0,79800000000,0,454656,30930,4428807354,28,0,60
1041,2026-07-14 16:28:00,\Device\HarddiskVolume3\Windows\System32\fontdrvhost.exe,,,LocalSystem,S-1-5-18,,4,316,0,0,0,0,0,0,0,6000160000,0,163840,4053,568829529,12,0,27
1042,2026-07-14 16:28:00,\Device\HarddiskVolume3\Windows\System32\svchost.exe [LocalSystemNetworkRestricted],,,LocalSystem,S-1-5-18,,4,323,0,0,0,0,0,0,0,264600000000,659456,1650688,10863,4573681467,0,11,266
1043,2026-07-14 16:28:00,\Device\HarddiskVolume3\Windows\System32\svchost.exe [netsvcs],,,LocalSystem,S-1-5-18,,4,317,0,0,0,0,0,0,0,556200000000,8201728,3289088,17593,6994396534,20,425,594
1044,2026-07-14 16:28:00,\Device\HarddiskVolume3\Windows\System32\svchost.exe [GPSvcGroup],,,LocalSystem,S-1-5-18,,4,357,0,0,0,0,0,0,0,21000000000,225280,0,9478,1037415662,0,7,0
1045,2026-07-14 16:28:00,\Device\HarddiskVolume3\Windows\System32\svchost.exe [UserProfileService],,,LocalSystem,S-1-5-18,,4,318,0,0,0,0,0,0,0,36000000000,138240,422400,445,162099246,6,3,92
1046,2026-07-14 16:28:00,Memory Compression,,,LocalSystem,S-1-5-18,,4,336,0,0,0,0,0,0,0,10800000000,442368,253952,1746,547451680,0,9,51
1047,2026-07-14 16:28:00,\Device\HarddiskVolume3\Windows\System32\svchost.exe [utcsvc],,,LocalSystem,S-1-5-18,,4,330,0,0,0,0,0,0,0,34200000000,114688,1368064,6451,2824077226,2,2,285
1048,2026-07-14 16:28:00,\Device\HarddiskVolume3\Windows\System32\svchost.exe [NetSvcs],,,LocalSystem,S-1-5-18,,4,331,0,0,0,0,0,0,0,36000000000,271360,151552,2089,675796814,2,5,35
1049,2026-07-14 16:28:00,\Device\HarddiskVolume3\Windows\System32\svchost.exe [appmodel],,,LocalSystem,S-1-5-18,,4,326,0,0,0,0,0,0,0,36000000000,4096,163840,921,930141299,3,1,37
1050,2026-07-14 16:28:00,\Device\HarddiskVolume3\Windows\System32\OpenSSH\sshd.exe,,,LocalSystem,S-1-5-18,,4,1059,0,0,0,0,0,0,0,11400320000,0,8192,1590,408292751,0,0,2
1051,2026-07-14 16:28:00,\Device\HarddiskVolume3\Windows\System32\AggregatorHost.exe,,,LocalSystem,S-1-5-18,,4,332,0,0,0,0,0,0,0,11999680000,0,0,57,19138840,0,0,0
1052,2026-07-14 16:28:00,\Device\HarddiskVolume3\Program Files (x86)\Microsoft\EdgeUpdate\MicrosoftEdgeUpdate.exe,,,LocalSystem,S-1-5-18,,4,342,0,0,0,0,0,0,0,2399840000,0,12288,237,372148993,0,0,3
1053,2026-07-14 16:28:00,\Device\HarddiskVolume3\Windows\System32\svchost.exe [wsappx],,,LocalSystem,S-1-5-18,,4,325,0,0,0,0,0,0,0,3000000000,0,0,30,6280919,0,0,0
1054,2026-07-14 16:28:00,\Device\HarddiskVolume3\Windows\System32\svchost.exe [osprivacy],,,LocalSystem,S-1-5-18,,4,346,0,0,0,0,0,0,0,36000000000,0,0,1469,646930569,0,0,0
1055,2026-07-14 16:28:00,\Device\HarddiskVolume3\Windows\System32\SecurityHealthService.exe,,,LocalSystem,S-1-5-18,,4,354,0,0,0,0,0,0,0,36000000000,0,0,5129,629553219,0,0,0
1056,2026-07-14 16:28:00,System Interrupts,,,LocalSystem,S-1-5-18,,4,28,0,0,0,0,0,0,0,36000000000,0,249856,10325,46563743477,0,0,59
1057,2026-07-14 16:28:00,Registry,,,LocalSystem,S-1-5-18,,4,335,0,0,18,2759751,0,0,0,23733617706,797184,2499584,130132,38325826019,28,25,358
1058,2026-07-14 16:28:00,\Device\HarddiskVolume3\Windows\System32\smss.exe,,,LocalSystem,S-1-5-18,,4,312,0,0,5,1851162,0,0,0,0,0,0,0,0,0,0,0
1059,2026-07-14 16:28:00,\Device\HarddiskVolume3\Windows\System32\svchost.exe [wusvcs],,,LocalSystem,S-1-5-18,,4,337,0,0,0,0,0,0,0,600000000,0,0,1,680827,0,0,0
1060,2026-07-14 16:28:00,\Device\HarddiskVolume3\Windows\System32\SearchIndexer.exe,,,LocalSystem,S-1-5-18,,4,338,0,0,0,0,0,0,0,36000000000,0,0,635,173153662,0,0,0
1061,2026-07-14 16:28:00,\Device\HarddiskVolume3\Windows\UUS\amd64\MoUsoCoreWorker.exe,,,LocalSystem,S-1-5-18,,4,356,0,0,0,0,0,0,0,18600000000,0,0,710,174160706,0,0,0
1062,2026-07-14 16:28:00,\Device\HarddiskVolume3\ProgramData\Microsoft\Windows Defender\Platform\4.18.26060.3008-0\MsMpEng.exe,,,LocalSystem,S-1-5-18,,4,1081,0,0,0,0,0,0,0,36000000000,17905152,6782976,374246,142210687660,31,1378,945
1063,2026-07-14 16:28:00,\Device\HarddiskVolume3\ProgramData\Microsoft\Windows Defender\Platform\4.18.26060.3008-0\MpDefenderCoreService.exe,,,LocalSystem,S-1-5-18,,4,1078,0,0,0,0,0,0,0,36000000000,5929984,2039808,206519,81538170971,0,199,440
1064,2026-07-14 16:28:00,\Device\HarddiskVolume3\Windows\System32\svchost.exe [InvSvcGroup],,,LocalSystem,S-1-5-18,,4,344,0,0,0,0,0,0,0,10799840000,0,0,41,13717456,0,0,0
1065,2026-07-14 16:28:00,\Device\HarddiskVolume3\Windows\System32\svchost.exe [RPCSS],,,NetworkService,S-1-5-20,,9,26,0,0,0,0,0,0,0,36000000000,397824,45056,16594,2159640340,4,14,9
1066,2026-07-14 16:28:00,\Device\HarddiskVolume3\Windows\System32\svchost.exe [NetworkService],,,NetworkService,S-1-5-20,,9,363,0,0,0,0,0,0,0,180000000000,1929216,1171456,27495,3852215670,16,38,171
1067,2026-07-14 16:28:00,\Device\HarddiskVolume3\Windows\System32\svchost.exe [netprofm],,,NetworkService,S-1-5-20,,9,362,0,0,0,0,0,0,0,36000000000,0,0,1478,223715335,0,0,0
1068,2026-07-14 16:28:00,\Device\HarddiskVolume3\Windows\System32\svchost.exe [NetworkServiceNetworkRestricted],,,NetworkService,S-1-5-20,,9,365,0,0,0,0,0,0,0,36000000000,0,131072,723,253370387,3,0,10
1069,2026-07-14 16:28:00,\Device\HarddiskVolume3\Windows\System32\wbem\WmiPrvSE.exe,,,NetworkService,S-1-5-20,,9,333,0,0,0,0,0,0,0,2999840000,0,61440,3185,800856742,0,0,15
1070,2026-07-14 16:28:00,\Device\HarddiskVolume3\Windows\System32\svchost.exe [LocalServiceNetworkRestricted],,,LocalService,S-1-5-19,,6,368,0,0,0,0,0,0,0,344400000000,2031616,356864,7885,1821412477,10,31,75
1071,2026-07-14 16:28:00,\Device\HarddiskVolume3\Windows\System32\svchost.exe [LocalService],,,LocalService,S-1-5-19,,6,367,0,0,0,0,0,0,0,252000000000,3677184,1101824,51014,19755635499,28,44,232
1072,2026-07-14 16:28:00,\Device\HarddiskVolume3\Windows\System32\svchost.exe [LocalServiceNoNetwork],,,LocalService,S-1-5-19,,6,366,0,0,0,0,0,0,0,72000000000,0,0,2513,691096379,0,0,0
1073,2026-07-14 16:28:00,\Device\HarddiskVolume3\Windows\System32\svchost.exe [LocalServiceNoNetworkFirewall],,,LocalService,S-1-5-19,,6,369,0,0,0,0,0,0,0,36000000000,0,0,373,112458789,0,0,0
1074,2026-07-14 16:28:00,\Device\HarddiskVolume3\Windows\System32\svchost.exe [LocalServiceAndNoImpersonation],,,LocalService,S-1-5-19,,6,371,0,0,0,0,0,0,0,36000000000,0,0,1810,256134724,0,0,0
1075,2026-07-14 16:28:00,\Device\HarddiskVolume3\ProgramData\Microsoft\Windows Defender\Platform\4.18.26060.3008-0\NisSrv.exe,,,LocalService,S-1-5-19,,6,1093,0,0,0,0,0,0,0,36000000000,138225152,20533248,738786,307662665740,3,6393,2908
1076,2026-07-14 16:28:00,\Device\HarddiskVolume3\Windows\System32\dwm.exe,,,UnknownOrUserSid,S-1-5-90-0-1,,13,33,0,0,0,0,0,0,0,36000000000,0,0,3058,946464370,0,0,0
1131,2026-07-14 17:27:00,Microsoft.AAD.BrokerPlugin_1000.19580.1000.0_neutral_neutral_cw5n1h2txyewy,,,UnknownOrUserSid,S-1-5-21-2395961029-2893071609-3470587398-1000,,60,373,0,106496,1234,493153681,2,0,26,0,0,0,0,0,0,0,0
1132,2026-07-14 17:27:00,Microsoft.Windows.StartMenuExperienceHost_10.0.26100.1301_neutral_neutral_cw5n1h2txyewy,,,UnknownOrUserSid,S-1-5-21-2395961029-2893071609-3470587398-1000,,60,284,0,0,222,65929874,0,0,0,35999981206,0,0,567,207931214,0,0,0
1133,2026-07-14 17:27:00,MicrosoftWindows.Client.CBS_1000.26100.18.0_x64__cw5n1h2txyewy,,,UnknownOrUserSid,S-1-5-21-2395961029-2893071609-3470587398-1000,,60,295,0,208896,2489,1184786195,0,0,51,0,0,0,0,0,0,0,0
1134,2026-07-14 17:27:00,\Device\HarddiskVolume3\Windows\System32\dllhost.exe,,,UnknownOrUserSid,S-1-5-21-2395961029-2893071609-3470587398-1000,,60,351,0,0,0,0,0,0,0,7200000000,0,0,30,7152361,0,0,0
1135,2026-07-14 17:27:00,\Device\HarddiskVolume3\Windows\System32\sihost.exe,,,UnknownOrUserSid,S-1-5-21-2395961029-2893071609-3470587398-1000,,60,375,0,0,0,0,0,0,0,36000000000,0,73728,196,88313766,0,0,18
1136,2026-07-14 17:27:00,\Device\HarddiskVolume3\Windows\System32\svchost.exe,,,UnknownOrUserSid,S-1-5-21-2395961029-2893071609-3470587398-1000,,60,376,0,0,0,0,0,0,0,225000000000,0,36864,4075,2637926154,0,0,9
1137,2026-07-14 17:27:00,\Device\HarddiskVolume3\Windows\System32\taskhostw.exe,,,UnknownOrUserSid,S-1-5-21-2395961029-2893071609-3470587398-1000,,60,348,0,0,0,0,0,0,0,13800000000,0,8192,376,78983299,0,0,2
1138,2026-07-14 17:27:00,\Device\HarddiskVolume3\Windows\System32\ShellHost.exe,,,UnknownOrUserSid,S-1-5-21-2395961029-2893071609-3470587398-1000,,60,378,0,0,0,0,0,0,0,31799840000,0,0,151,47890221,0,0,0
1139,2026-07-14 17:27:00,\Device\HarddiskVolume3\Windows\explorer.exe,,,UnknownOrUserSid,S-1-5-21-2395961029-2893071609-3470587398-1000,,60,379,0,0,0,0,0,0,0,36000000000,0,0,280,94830499,0,0,0
1140,2026-07-14 17:27:00,Microsoft.Windows.ShellExperienceHost_10.0.26100.1301_neutral_neutral_cw5n1h2txyewy,,,UnknownOrUserSid,S-1-5-21-2395961029-2893071609-3470587398-1000,,60,1056,0,0,180,44638510,0,0,0,0,0,0,0,0,0,0,0
1141,2026-07-14 17:27:00,\Device\HarddiskVolume3\Windows\System32\conhost.exe,,,UnknownOrUserSid,S-1-5-21-2395961029-2893071609-3470587398-1000,,60,349,0,0,0,0,0,0,0,36000000000,0,0,118,42456917,0,0,0
1142,2026-07-14 17:27:00,\Device\HarddiskVolume3\Windows\System32\WindowsPowerShell\v1.0\powershell.exe,,,UnknownOrUserSid,S-1-5-21-2395961029-2893071609-3470587398-1000,,60,383,0,0,0,0,0,0,0,1200160000,0,0,722,72006163,0,0,0
1143,2026-07-14 17:27:00,System,,,LocalSystem,S-1-5-18,,4,29,0,24576,1373,652082534,0,0,6,0,0,0,0,0,0,0,0
1144,2026-07-14 17:27:00,\Device\HarddiskVolume3\Windows\System32\csrss.exe,,,LocalSystem,S-1-5-18,,4,313,0,0,3,1099555,0,0,0,71400000000,0,3899392,33953,14786675442,82,0,395
1145,2026-07-14 17:27:00,\Device\HarddiskVolume3\Windows\System32\wininit.exe,,,LocalSystem,S-1-5-18,,4,314,0,0,0,0,0,0,0,36000000000,0,442368,9026,1049230427,7,0,56
1146,2026-07-14 17:27:00,\Device\HarddiskVolume3\Windows\System32\services.exe,,,LocalSystem,S-1-5-18,,4,31,0,0,0,0,0,0,0,36000000000,0,0,4492,522275766,0,0,0
1147,2026-07-14 17:27:00,\Device\HarddiskVolume3\Windows\System32\lsass.exe,,,LocalSystem,S-1-5-18,,4,315,0,0,0,0,0,0,0,36000000000,0,20480,5930,1019579214,0,0,5
1148,2026-07-14 17:27:00,\Device\HarddiskVolume3\Windows\System32\svchost.exe [DcomLaunch],,,LocalSystem,S-1-5-18,,4,30,0,0,0,0,0,0,0,81000000000,0,24576,10709,2322392972,0,0,6
1149,2026-07-14 17:27:00,\Device\HarddiskVolume3\Windows\System32\fontdrvhost.exe,,,LocalSystem,S-1-5-18,,4,316,0,0,0,0,0,0,0,1800000000,0,0,267,66734382,0,0,0
1150,2026-07-14 17:27:00,\Device\HarddiskVolume3\Windows\System32\svchost.exe [LocalSystemNetworkRestricted],,,LocalSystem,S-1-5-18,,4,323,0,0,0,0,0,0,0,263400000000,0,266240,8572,4017161113,0,0,61
1151,2026-07-14 17:27:00,\Device\HarddiskVolume3\Windows\System32\svchost.exe [netsvcs],,,LocalSystem,S-1-5-18,,4,317,0,0,0,0,0,0,0,557400160000,0,364544,8234,4152233004,0,0,73
1152,2026-07-14 17:27:00,\Device\HarddiskVolume3\Windows\System32\svchost.exe [GPSvcGroup],,,LocalSystem,S-1-5-18,,4,357,0,0,0,0,0,0,0,19200000000,0,0,10086,939794105,0,0,0
1153,2026-07-14 17:27:00,\Device\HarddiskVolume3\Windows\System32\svchost.exe [UserProfileService],,,LocalSystem,S-1-5-18,,4,318,0,0,0,0,0,0,0,36000000000,0,53248,254,99778148,1,0,13
1154,2026-07-14 17:27:00,Memory Compression,,,LocalSystem,S-1-5-18,,4,336,0,0,0,0,0,0,0,9600160000,0,147456,712,374900309,2,0,7
1155,2026-07-14 17:27:00,\Device\HarddiskVolume3\Windows\System32\svchost.exe [utcsvc],,,LocalSystem,S-1-5-18,,4,330,0,0,0,0,0,0,0,34800000000,131072,1486848,6337,2513651818,0,2,333
1156,2026-07-14 17:27:00,\Device\HarddiskVolume3\Windows\System32\svchost.exe [NetSvcs],,,LocalSystem,S-1-5-18,,4,331,0,0,0,0,0,0,0,36000000000,0,299008,595,396095303,8,0,71
1157,2026-07-14 17:27:00,\Device\HarddiskVolume3\Windows\System32\svchost.exe [appmodel],,,LocalSystem,S-1-5-18,,4,326,0,0,0,0,0,0,0,36000000000,0,0,175,36310900,0,0,0
1158,2026-07-14 17:27:00,\Device\HarddiskVolume3\Windows\System32\AggregatorHost.exe,,,LocalSystem,S-1-5-18,,4,332,0,0,0,0,0,0,0,11999840000,0,0,53,15816006,0,0,0
1159,2026-07-14 17:27:00,\Device\HarddiskVolume3\Program Files (x86)\Microsoft\EdgeUpdate\MicrosoftEdgeUpdate.exe,,,LocalSystem,S-1-5-18,,4,342,0,0,0,0,0,0,0,3000000000,0,0,12,2795491,0,0,0
1160,2026-07-14 17:27:00,\Device\HarddiskVolume3\Windows\System32\svchost.exe [wsappx],,,LocalSystem,S-1-5-18,,4,325,0,0,0,0,0,0,0,2999840000,0,0,9,3839331,0,0,0
1161,2026-07-14 17:27:00,\Device\HarddiskVolume3\Windows\System32\svchost.exe [osprivacy],,,LocalSystem,S-1-5-18,,4,346,0,0,0,0,0,0,0,36000000000,0,0,1635,699885418,0,0,0
1162,2026-07-14 17:27:00,\Device\HarddiskVolume3\Windows\System32\SecurityHealthService.exe,,,LocalSystem,S-1-5-18,,4,354,0,0,0,0,0,0,0,36000000000,0,0,115,33909959,0,0,0
1163,2026-07-14 17:27:00,System Interrupts,,,LocalSystem,S-1-5-18,,4,28,0,0,0,0,0,0,0,36000000000,0,229376,11225,1278355236,0,0,55
1164,2026-07-14 17:27:00,Registry,,,LocalSystem,S-1-5-18,,4,335,0,0,15,5403168,0,0,0,22200160000,14336,972800,58050,24722739066,1,5,82
1165,2026-07-14 17:27:00,\Device\HarddiskVolume3\Windows\System32\smss.exe,,,LocalSystem,S-1-5-18,,4,312,0,0,5,1531599,0,0,0,0,0,0,0,0,0,0,0
1166,2026-07-14 17:27:00,\Device\HarddiskVolume3\Windows\System32\svchost.exe [wusvcs],,,LocalSystem,S-1-5-18,,4,337,0,0,0,0,0,0,0,600000000,0,0,1,223905,0,0,0
1167,2026-07-14 17:27:00,\Device\HarddiskVolume3\Windows\System32\SearchIndexer.exe,,,LocalSystem,S-1-5-18,,4,338,0,0,0,0,0,0,0,36000000000,0,0,261,94067674,0,0,0
1168,2026-07-14 17:27:00,\Device\HarddiskVolume3\Windows\UUS\amd64\MoUsoCoreWorker.exe,,,LocalSystem,S-1-5-18,,4,356,0,0,0,0,0,0,0,18600160000,0,0,330,70043917,0,0,0
1169,2026-07-14 17:27:00,\Device\HarddiskVolume3\ProgramData\Microsoft\Windows Defender\Platform\4.18.26060.3008-0\MsMpEng.exe,,,LocalSystem,S-1-5-18,,4,1081,0,0,0,0,0,0,0,36000000000,0,610304,1440,1783826472,30,0,149
1170,2026-07-14 17:27:00,\Device\HarddiskVolume3\ProgramData\Microsoft\Windows Defender\Platform\4.18.26060.3008-0\MpDefenderCoreService.exe,,,LocalSystem,S-1-5-18,,4,1078,0,0,0,0,0,0,0,36000000000,65536,16384,9800,4399858548,0,1,4
1171,2026-07-14 17:27:00,\Device\HarddiskVolume3\Windows\System32\svchost.exe [InvSvcGroup],,,LocalSystem,S-1-5-18,,4,344,0,0,0,0,0,0,0,10800160000,0,0,49,18683320,0,0,0
1172,2026-07-14 17:27:00,\Device\HarddiskVolume3\Windows\System32\svchost.exe [RPCSS],,,NetworkService,S-1-5-20,,9,26,0,0,0,0,0,0,0,36000000000,0,16384,5151,1012906906,0,0,4
1173,2026-07-14 17:27:00,\Device\HarddiskVolume3\Windows\System32\svchost.exe [NetworkService],,,NetworkService,S-1-5-20,,9,363,0,0,0,0,0,0,0,178800000000,44032,651264,9935,1681077691,22,2,88
1174,2026-07-14 17:27:00,\Device\HarddiskVolume3\Windows\System32\svchost.exe [netprofm],,,NetworkService,S-1-5-20,,9,362,0,0,0,0,0,0,0,36000000000,0,0,291,68609021,0,0,0
1175,2026-07-14 17:27:00,\Device\HarddiskVolume3\Windows\System32\svchost.exe [NetworkServiceNetworkRestricted],,,NetworkService,S-1-5-20,,9,365,0,0,0,0,0,0,0,36000000000,0,0,450,139199195,0,0,0
1176,2026-07-14 17:27:00,\Device\HarddiskVolume3\Windows\System32\sppsvc.exe,,,NetworkService,S-1-5-20,,9,361,0,0,0,0,0,0,0,600000000,0,0,2,738993,0,0,0
1177,2026-07-14 17:27:00,\Device\HarddiskVolume3\Windows\System32\svchost.exe [LocalServiceNetworkRestricted],,,LocalService,S-1-5-19,,6,368,0,0,0,0,0,0,0,345600000000,0,49152,3800,1199389088,0,0,12
1178,2026-07-14 17:27:00,\Device\HarddiskVolume3\Windows\System32\svchost.exe [LocalService],,,LocalService,S-1-5-19,,6,367,0,0,0,0,0,0,0,252000000000,65536,897536,2656,885064149,38,1,206
1179,2026-07-14 17:27:00,\Device\HarddiskVolume3\Windows\System32\svchost.exe [LocalServiceNoNetwork],,,LocalService,S-1-5-19,,6,366,0,0,0,0,0,0,0,72000000000,0,0,1115,404678361,0,0,0
1180,2026-07-14 17:27:00,\Device\HarddiskVolume3\Windows\System32\svchost.exe [LocalServiceNoNetworkFirewall],,,LocalService,S-1-5-19,,6,369,0,0,0,0,0,0,0,36000000000,0,0,210,61109064,0,0,0
1181,2026-07-14 17:27:00,\Device\HarddiskVolume3\Windows\System32\svchost.exe [LocalServiceAndNoImpersonation],,,LocalService,S-1-5-19,,6,371,0,0,0,0,0,0,0,36000000000,0,0,276,77076777,0,0,0
1182,2026-07-14 17:27:00,\Device\HarddiskVolume3\ProgramData\Microsoft\Windows Defender\Platform\4.18.26060.3008-0\NisSrv.exe,,,LocalService,S-1-5-19,,6,1093,0,0,0,0,0,0,0,36000000000,395264,151552,4158,1714102517,0,5,22
1183,2026-07-14 17:27:00,\Device\HarddiskVolume3\Windows\System32\dwm.exe,,,UnknownOrUserSid,S-1-5-90-0-1,,13,33,0,0,0,0,0,0,0,36000000000,0,0,2109,590650033,0,0,0
1193,2026-07-14 18:27:00,Microsoft.AAD.BrokerPlugin_1000.19580.1000.0_neutral_neutral_cw5n1h2txyewy,,,UnknownOrUserSid,S-1-5-21-2395961029-2893071609-3470587398-1000,,60,373,0,8192,582,219036122,1,0,2,0,0,0,0,0,0,0,0
1194,2026-07-14 18:27:00,Microsoft.Windows.StartMenuExperienceHost_10.0.26100.1301_neutral_neutral_cw5n1h2txyewy,,,UnknownOrUserSid,S-1-5-21-2395961029-2893071609-3470587398-1000,,60,284,0,0,217,62031659,0,0,0,35999958604,0,0,555,182909865,0,0,0
1195,2026-07-14 18:27:00,MicrosoftWindows.Client.CBS_1000.26100.18.0_x64__cw5n1h2txyewy,,,UnknownOrUserSid,S-1-5-21-2395961029-2893071609-3470587398-1000,,60,295,1707008,356352,3789,2058769153,0,80,87,0,0,0,0,0,0,0,0
1196,2026-07-14 18:27:00,\Device\HarddiskVolume3\Windows\System32\dllhost.exe,,,UnknownOrUserSid,S-1-5-21-2395961029-2893071609-3470587398-1000,,60,351,0,0,0,0,0,0,0,7200000000,0,0,34,10578573,0,0,0
1197,2026-07-14 18:27:00,\Device\HarddiskVolume3\Windows\System32\sihost.exe,,,UnknownOrUserSid,S-1-5-21-2395961029-2893071609-3470587398-1000,,60,375,0,0,0,0,0,0,0,36000000000,0,69632,220,83024830,0,0,17
1198,2026-07-14 18:27:00,\Device\HarddiskVolume3\Windows\System32\svchost.exe,,,UnknownOrUserSid,S-1-5-21-2395961029-2893071609-3470587398-1000,,60,376,0,0,0,0,0,0,0,227400160000,0,45056,3543,2121915205,0,0,11
1199,2026-07-14 18:27:00,\Device\HarddiskVolume3\Windows\System32\taskhostw.exe,,,UnknownOrUserSid,S-1-5-21-2395961029-2893071609-3470587398-1000,,60,348,0,0,0,0,0,0,0,11400000000,0,8192,364,193851093,0,0,2
1200,2026-07-14 18:27:00,\Device\HarddiskVolume3\Windows\System32\ShellHost.exe,,,UnknownOrUserSid,S-1-5-21-2395961029-2893071609-3470587398-1000,,60,378,0,0,0,0,0,0,0,32400000000,0,16384,173,62726859,0,0,3
1201,2026-07-14 18:27:00,\Device\HarddiskVolume3\Windows\explorer.exe,,,UnknownOrUserSid,S-1-5-21-2395961029-2893071609-3470587398-1000,,60,379,0,0,0,0,0,0,0,36000000000,57344,16384,402,123080466,0,1,4
1202,2026-07-14 18:27:00,Microsoft.Windows.ShellExperienceHost_10.0.26100.1301_neutral_neutral_cw5n1h2txyewy,,,UnknownOrUserSid,S-1-5-21-2395961029-2893071609-3470587398-1000,,60,1056,0,0,180,49913083,0,0,0,0,0,0,0,0,0,0,0
1203,2026-07-14 18:27:00,\Device\HarddiskVolume3\Windows\System32\conhost.exe,,,UnknownOrUserSid,S-1-5-21-2395961029-2893071609-3470587398-1000,,60,349,0,0,0,0,0,0,0,36000000000,0,0,116,39760236,0,0,0
1204,2026-07-14 18:27:00,\Device\HarddiskVolume3\Windows\System32\WindowsPowerShell\v1.0\powershell.exe,,,UnknownOrUserSid,S-1-5-21-2395961029-2893071609-3470587398-1000,,60,383,0,0,0,0,0,0,0,1200000000,0,0,722,73525126,0,0,0
1205,2026-07-14 18:27:00,System,,,LocalSystem,S-1-5-18,,4,29,0,135168,825,349639978,0,0,33,0,0,0,0,0,0,0,0
1206,2026-07-14 18:27:00,\Device\HarddiskVolume3\Windows\System32\csrss.exe,,,LocalSystem,S-1-5-18,,4,313,0,0,5,1931405,0,0,0,71400000000,0,4288512,41934,16423080214,84,0,428
1207,2026-07-14 18:27:00,\Device\HarddiskVolume3\Windows\System32\wininit.exe,,,LocalSystem,S-1-5-18,,4,314,551936,40960,553,383664160,0,28,10,35400000000,0,49152,4656,267817698,2,0,8
1208,2026-07-14 18:27:00,\Device\HarddiskVolume3\Windows\System32\services.exe,,,LocalSystem,S-1-5-18,,4,31,0,0,0,0,0,0,0,36000000000,0,12288,4579,534692869,1,0,1
1209,2026-07-14 18:27:00,\Device\HarddiskVolume3\Windows\System32\lsass.exe,,,LocalSystem,S-1-5-18,,4,315,0,0,0,0,0,0,0,36000000000,0,16384,6425,1041444144,0,0,4
1210,2026-07-14 18:27:00,\Device\HarddiskVolume3\Windows\System32\svchost.exe [DcomLaunch],,,LocalSystem,S-1-5-18,,4,30,0,0,0,0,0,0,0,83400160000,0,0,10251,2117025402,0,0,0
1211,2026-07-14 18:27:00,\Device\HarddiskVolume3\Windows\System32\fontdrvhost.exe,,,LocalSystem,S-1-5-18,,4,316,0,0,0,0,0,0,0,2400000000,0,0,399,83056011,0,0,0
1212,2026-07-14 18:27:00,\Device\HarddiskVolume3\Windows\System32\svchost.exe [LocalSystemNetworkRestricted],,,LocalSystem,S-1-5-18,,4,323,0,0,0,0,0,0,0,271200320000,870912,339968,11195,4756151597,3,47,82
1213,2026-07-14 18:27:00,\Device\HarddiskVolume3\Windows\System32\svchost.exe [netsvcs],,,LocalSystem,S-1-5-18,,4,317,0,0,0,0,0,0,0,562200160000,0,471040,10227,5383777997,2,0,96
1214,2026-07-14 18:27:00,\Device\HarddiskVolume3\Windows\System32\svchost.exe [GPSvcGroup],,,LocalSystem,S-1-5-18,,4,357,0,0,0,0,0,0,0,19200160000,0,0,10087,936750594,0,0,0
1215,2026-07-14 18:27:00,\Device\HarddiskVolume3\Windows\System32\svchost.exe [UserProfileService],,,LocalSystem,S-1-5-18,,4,318,0,0,0,0,0,0,0,36000000000,0,139776,324,125205289,1,0,19
1216,2026-07-14 18:27:00,Memory Compression,,,LocalSystem,S-1-5-18,,4,336,0,0,0,0,0,0,0,6600000000,0,36864,383,186001079,0,0,8
1217,2026-07-14 18:27:00,\Device\HarddiskVolume3\Windows\System32\svchost.exe [utcsvc],,,LocalSystem,S-1-5-18,,4,330,0,0,0,0,0,0,0,31800000000,131072,1171456,5651,2229107795,0,2,254
1218,2026-07-14 18:27:00,\Device\HarddiskVolume3\Windows\System32\svchost.exe [NetSvcs],,,LocalSystem,S-1-5-18,,4,331,0,0,0,0,0,0,0,36000000000,0,159744,388,201992291,2,0,39
1219,2026-07-14 18:27:00,\Device\HarddiskVolume3\Windows\System32\svchost.exe [appmodel],,,LocalSystem,S-1-5-18,,4,326,0,0,0,0,0,0,0,36000000000,0,0,544,106624259,0,0,0
1220,2026-07-14 18:27:00,\Device\HarddiskVolume3\Windows\System32\AggregatorHost.exe,,,LocalSystem,S-1-5-18,,4,332,0,0,0,0,0,0,0,15600000000,0,0,66,15961422,0,0,0
1221,2026-07-14 18:27:00,\Device\HarddiskVolume3\Program Files (x86)\Microsoft\EdgeUpdate\MicrosoftEdgeUpdate.exe,,,LocalSystem,S-1-5-18,,4,342,0,0,0,0,0,0,0,2400000000,0,0,8,1830139,0,0,0
1222,2026-07-14 18:27:00,\Device\HarddiskVolume3\Windows\System32\svchost.exe [wsappx],,,LocalSystem,S-1-5-18,,4,325,0,0,0,0,0,0,0,4200000000,0,0,375,36857169,0,0,0
1223,2026-07-14 18:27:00,\Device\HarddiskVolume3\Windows\System32\svchost.exe [osprivacy],,,LocalSystem,S-1-5-18,,4,346,0,0,0,0,0,0,0,36000000000,0,32768,1578,690058506,0,0,7
1224,2026-07-14 18:27:00,\Device\HarddiskVolume3\Windows\System32\SecurityHealthService.exe,,,LocalSystem,S-1-5-18,,4,354,0,0,0,0,0,0,0,36000000000,0,0,104,30977465,0,0,0
1225,2026-07-14 18:27:00,System Interrupts,,,LocalSystem,S-1-5-18,,4,28,0,0,0,0,0,0,0,36000000000,0,270336,10660,1322101614,0,0,64
1226,2026-07-14 18:27:00,Registry,,,LocalSystem,S-1-5-18,,4,335,1155072,172032,1671,994773627,0,52,42,21599840000,4608,1184256,52701,22849909818,0,9,107
1227,2026-07-14 18:27:00,\Device\HarddiskVolume3\Windows\System32\smss.exe,,,LocalSystem,S-1-5-18,,4,312,0,0,0,0,0,0,0,600000000,0,77824,1977,930652245,0,0,19
1228,2026-07-14 18:27:00,\Device\HarddiskVolume3\Windows\System32\svchost.exe [wusvcs],,,LocalSystem,S-1-5-18,,4,337,0,0,0,0,0,0,0,1200000000,0,0,2,896324,0,0,0
1229,2026-07-14 18:27:00,\Device\HarddiskVolume3\Windows\System32\SearchIndexer.exe,,,LocalSystem,S-1-5-18,,4,338,0,0,0,0,0,0,0,36000000000,0,0,290,91812144,0,0,0
1230,2026-07-14 18:27:00,\Device\HarddiskVolume3\Windows\UUS\amd64\MoUsoCoreWorker.exe,,,LocalSystem,S-1-5-18,,4,356,0,0,0,0,0,0,0,22200000000,0,0,311,75961124,0,0,0
1231,2026-07-14 18:27:00,\Device\HarddiskVolume3\ProgramData\Microsoft\Windows Defender\Platform\4.18.26060.3008-0\MsMpEng.exe,,,LocalSystem,S-1-5-18,,4,1081,0,0,0,0,0,0,0,36000000000,0,1048576,2634,3415542595,60,0,256
1232,2026-07-14 18:27:00,\Device\HarddiskVolume3\ProgramData\Microsoft\Windows Defender\Platform\4.18.26060.3008-0\MpDefenderCoreService.exe,,,LocalSystem,S-1-5-18,,4,1078,0,0,0,0,0,0,0,36000000000,65536,110592,11357,4979078256,0,1,27
1233,2026-07-14 18:27:00,\Device\HarddiskVolume3\Windows\System32\svchost.exe [InvSvcGroup],,,LocalSystem,S-1-5-18,,4,344,0,0,0,0,0,0,0,9600160000,0,0,46,18670015,0,0,0
1234,2026-07-14 18:27:00,\Device\HarddiskVolume3\Windows\System32\svchost.exe [RPCSS],,,NetworkService,S-1-5-20,,9,26,0,0,0,0,0,0,0,36000000000,0,8192,4826,951711279,0,0,2
1235,2026-07-14 18:27:00,\Device\HarddiskVolume3\Windows\System32\svchost.exe [NetworkService],,,NetworkService,S-1-5-20,,9,363,0,0,0,0,0,0,0,180000000000,92672,741376,10658,1900550358,36,4,92
1236,2026-07-14 18:27:00,\Device\HarddiskVolume3\Windows\System32\svchost.exe [netprofm],,,NetworkService,S-1-5-20,,9,362,0,0,0,0,0,0,0,36000000000,0,0,253,69049114,0,0,0
1237,2026-07-14 18:27:00,\Device\HarddiskVolume3\Windows\System32\svchost.exe [NetworkServiceNetworkRestricted],,,NetworkService,S-1-5-20,,9,365,0,0,0,0,0,0,0,36000000000,0,4096,467,146926594,0,0,1
1238,2026-07-14 18:27:00,\Device\HarddiskVolume3\Windows\System32\svchost.exe [LocalServiceNetworkRestricted],,,LocalService,S-1-5-19,,6,368,0,0,0,0,0,0,0,349800320000,65536,36864,4196,1370440314,0,1,9
1239,2026-07-14 18:27:00,\Device\HarddiskVolume3\Windows\System32\svchost.exe [LocalService],,,LocalService,S-1-5-19,,6,367,0,0,0,0,0,0,0,252000000000,655360,946688,2379,847794881,41,6,222
1240,2026-07-14 18:27:00,\Device\HarddiskVolume3\Windows\System32\svchost.exe [LocalServiceNoNetwork],,,LocalService,S-1-5-19,,6,366,0,0,0,0,0,0,0,72000000000,0,0,957,343684581,0,0,0
1241,2026-07-14 18:27:00,\Device\HarddiskVolume3\Windows\System32\svchost.exe [LocalServiceNoNetworkFirewall],,,LocalService,S-1-5-19,,6,369,0,0,0,0,0,0,0,36000000000,0,0,176,45527818,0,0,0
1242,2026-07-14 18:27:00,\Device\HarddiskVolume3\Windows\System32\svchost.exe [LocalServiceAndNoImpersonation],,,LocalService,S-1-5-19,,6,371,0,0,0,0,0,0,0,36000000000,0,0,276,85265646,0,0,0
1243,2026-07-14 18:27:00,\Device\HarddiskVolume3\ProgramData\Microsoft\Windows Defender\Platform\4.18.26060.3008-0\NisSrv.exe,,,LocalService,S-1-5-19,,6,1093,0,0,0,0,0,0,0,36000000000,2560,61440,2751,1092779497,0,1,15
1244,2026-07-14 18:27:00,\Device\HarddiskVolume3\Windows\System32\dwm.exe,,,UnknownOrUserSid,S-1-5-90-0-1,,13,33,0,0,0,0,0,0,0,36000000000,0,0,2504,612934723,0,0,0
1255,2026-07-14 19:27:00,Microsoft.AAD.BrokerPlugin_1000.19580.1000.0_neutral_neutral_cw5n1h2txyewy,,,UnknownOrUserSid,S-1-5-21-2395961029-2893071609-3470587398-1000,,60,373,512,106496,1404,555186029,2,1,26,0,0,0,0,0,0,0,0
1256,2026-07-14 19:27:00,Microsoft.Windows.StartMenuExperienceHost_10.0.26100.1301_neutral_neutral_cw5n1h2txyewy,,,UnknownOrUserSid,S-1-5-21-2395961029-2893071609-3470587398-1000,,60,284,0,0,221,64321876,0,0,0,36000040482,0,0,539,171181622,0,0,0
1257,2026-07-14 19:27:00,MicrosoftWindows.Client.CBS_1000.26100.18.0_x64__cw5n1h2txyewy,,,UnknownOrUserSid,S-1-5-21-2395961029-2893071609-3470587398-1000,,60,295,52224,192512,2378,989335128,0,7,47,0,0,0,0,0,0,0,0
1258,2026-07-14 19:27:00,\Device\HarddiskVolume3\Windows\System32\dllhost.exe,,,UnknownOrUserSid,S-1-5-21-2395961029-2893071609-3470587398-1000,,60,351,0,0,0,0,0,0,0,7200000000,0,0,35,7375220,0,0,0
1259,2026-07-14 19:27:00,\Device\HarddiskVolume3\Windows\System32\sihost.exe,,,UnknownOrUserSid,S-1-5-21-2395961029-2893071609-3470587398-1000,,60,375,0,0,0,0,0,0,0,36000000000,0,90112,187,80836933,0,0,22
1260,2026-07-14 19:27:00,\Device\HarddiskVolume3\Windows\System32\svchost.exe,,,UnknownOrUserSid,S-1-5-21-2395961029-2893071609-3470587398-1000,,60,376,0,0,0,0,0,0,0,226800000000,0,8192,4467,2221924903,0,0,2
1261,2026-07-14 19:27:00,\Device\HarddiskVolume3\Windows\System32\taskhostw.exe,,,UnknownOrUserSid,S-1-5-21-2395961029-2893071609-3470587398-1000,,60,348,0,0,0,0,0,0,0,13200300000,0,81920,576,129322830,0,0,20
1262,2026-07-14 19:27:00,\Device\HarddiskVolume3\Windows\System32\ShellHost.exe,,,UnknownOrUserSid,S-1-5-21-2395961029-2893071609-3470587398-1000,,60,378,0,0,0,0,0,0,0,30600150000,0,0,141,46651561,0,0,0
1263,2026-07-14 19:27:00,\Device\HarddiskVolume3\Windows\explorer.exe,,,UnknownOrUserSid,S-1-5-21-2395961029-2893071609-3470587398-1000,,60,379,0,0,0,0,0,0,0,36000000000,0,0,282,80072361,0,0,0
1264,2026-07-14 19:27:00,\Device\HarddiskVolume3\Windows\System32\ctfmon.exe,,,UnknownOrUserSid,S-1-5-21-2395961029-2893071609-3470587398-1000,,60,328,0,0,0,0,0,0,0,600000000,0,0,144,62043921,0,0,0
1265,2026-07-14 19:27:00,\Device\HarddiskVolume3\Windows\System32\smartscreen.exe,,,UnknownOrUserSid,S-1-5-21-2395961029-2893071609-3470587398-1000,,60,382,0,0,0,0,0,0,0,3000000000,0,0,1236,157494267,0,0,0
1266,2026-07-14 19:27:00,\Device\HarddiskVolume3\Windows\System32\SecurityHealthSystray.exe,,,UnknownOrUserSid,S-1-5-21-2395961029-2893071609-3470587398-1000,,60,387,0,0,0,0,0,0,0,1200000000,0,0,4,885110,0,0,0
1267,2026-07-14 19:27:00,Microsoft.Windows.ShellExperienceHost_10.0.26100.1301_neutral_neutral_cw5n1h2txyewy,,,UnknownOrUserSid,S-1-5-21-2395961029-2893071609-3470587398-1000,,60,1056,0,16384,508,116053899,0,0,4,166353943,0,16384,754,228455880,0,0,4
1268,2026-07-14 19:27:00,\Device\HarddiskVolume3\Windows\System32\conhost.exe,,,UnknownOrUserSid,S-1-5-21-2395961029-2893071609-3470587398-1000,,60,349,0,0,0,0,0,0,0,36000000000,0,28672,136,222979489,0,0,7
1269,2026-07-14 19:27:00,\Device\HarddiskVolume3\Windows\System32\WindowsPowerShell\v1.0\powershell.exe,,,UnknownOrUserSid,S-1-5-21-2395961029-2893071609-3470587398-1000,,60,383,0,0,0,0,0,0,0,2400000000,0,0,1084,104340019,0,0,0
1270,2026-07-14 19:27:00,System,,,LocalSystem,S-1-5-18,,4,29,52224,49152,852,402442806,0,7,12,0,0,0,0,0,0,0,0
1271,2026-07-14 19:27:00,\Device\HarddiskVolume3\Windows\System32\csrss.exe,,,LocalSystem,S-1-5-18,,4,313,0,0,397,75202832,0,0,0,70800000000,0,4980736,29267,12453275278,84,0,539
1272,2026-07-14 19:27:00,\Device\HarddiskVolume3\Windows\System32\wininit.exe,,,LocalSystem,S-1-5-18,,4,314,0,0,0,0,0,0,0,36000000000,1519104,1575936,274986,19503217775,11,102,230
1273,2026-07-14 19:27:00,\Device\HarddiskVolume3\Windows\System32\services.exe,,,LocalSystem,S-1-5-18,,4,31,0,0,0,0,0,0,0,36000000000,0,0,4656,529863323,0,0,0
1274,2026-07-14 19:27:00,\Device\HarddiskVolume3\Windows\System32\lsass.exe,,,LocalSystem,S-1-5-18,,4,315,0,0,0,0,0,0,0,36000000000,0,12288,5548,950694383,0,0,3
1275,2026-07-14 19:27:00,\Device\HarddiskVolume3\Windows\System32\svchost.exe [DcomLaunch],,,LocalSystem,S-1-5-18,,4,30,0,0,0,0,0,0,0,82199850000,8192,36864,10731,2254631690,0,1,9
1276,2026-07-14 19:27:00,\Device\HarddiskVolume3\Windows\System32\fontdrvhost.exe,,,LocalSystem,S-1-5-18,,4,316,0,0,0,0,0,0,0,1800150000,8192,0,1081,168078122,0,1,0
1277,2026-07-14 19:27:00,\Device\HarddiskVolume3\Windows\System32\svchost.exe [LocalSystemNetworkRestricted],,,LocalSystem,S-1-5-18,,4,323,0,0,0,0,0,0,0,270000000000,0,233472,8519,3786266135,0,0,52
1278,2026-07-14 19:27:00,\Device\HarddiskVolume3\Windows\System32\svchost.exe [netsvcs],,,LocalSystem,S-1-5-18,,4,317,0,0,0,0,0,0,0,561600150000,518656,614400,10053,3643694686,3,19,129
1279,2026-07-14 19:27:00,\Device\HarddiskVolume3\Windows\System32\svchost.exe [GPSvcGroup],,,LocalSystem,S-1-5-18,,4,357,0,0,0,0,0,0,0,19200150000,110592,69632,8578,829841825,0,2,17
1280,2026-07-14 19:27:00,\Device\HarddiskVolume3\Windows\System32\svchost.exe [UserProfileService],,,LocalSystem,S-1-5-18,,4,318,0,0,0,0,0,0,0,36000000000,0,253952,924,435495694,9,0,59
1281,2026-07-14 19:27:00,Memory Compression,,,LocalSystem,S-1-5-18,,4,336,0,0,0,0,0,0,0,9000150000,0,413696,657,403501710,4,0,48
1282,2026-07-14 19:27:00,\Device\HarddiskVolume3\Windows\System32\svchost.exe [utcsvc],,,LocalSystem,S-1-5-18,,4,330,0,0,0,0,0,0,0,33600000000,131072,1224704,5850,2416051481,0,2,270
1283,2026-07-14 19:27:00,\Device\HarddiskVolume3\Windows\System32\svchost.exe [NetSvcs],,,LocalSystem,S-1-5-18,,4,331,0,0,0,0,0,0,0,36000000000,0,159744,790,325587845,5,0,39
1284,2026-07-14 19:27:00,\Device\HarddiskVolume3\Windows\System32\svchost.exe [appmodel],,,LocalSystem,S-1-5-18,,4,326,0,0,0,0,0,0,0,36000000000,0,90112,371,156483044,5,0,22
1285,2026-07-14 19:27:00,\Device\HarddiskVolume3\Windows\System32\AggregatorHost.exe,,,LocalSystem,S-1-5-18,,4,332,0,0,0,0,0,0,0,12600000000,0,0,53,11454578,0,0,0
1286,2026-07-14 19:27:00,\Device\HarddiskVolume3\Program Files (x86)\Microsoft\EdgeUpdate\MicrosoftEdgeUpdate.exe,,,LocalSystem,S-1-5-18,,4,342,0,0,0,0,0,0,0,2400150000,0,16384,506,477626756,0,0,4
1287,2026-07-14 19:27:00,\Device\HarddiskVolume3\Windows\System32\svchost.exe [wsappx],,,LocalSystem,S-1-5-18,,4,325,0,0,0,0,0,0,0,3000000000,0,0,9,4525063,0,0,0
1288,2026-07-14 19:27:00,\Device\HarddiskVolume3\Windows\System32\svchost.exe [osprivacy],,,LocalSystem,S-1-5-18,,4,346,0,0,0,0,0,0,0,36000000000,0,0,1559,649434176,0,0,0
1289,2026-07-14 19:27:00,\Device\HarddiskVolume3\Windows\System32\SecurityHealthService.exe,,,LocalSystem,S-1-5-18,,4,354,0,0,0,0,0,0,0,36000000000,0,0,210,40190192,0,0,0
1290,2026-07-14 19:27:00,System Interrupts,,,LocalSystem,S-1-5-18,,4,28,0,0,0,0,0,0,0,36000000000,48422912,438217216,17999,114772300548,19,3088,59409
1291,2026-07-14 19:27:00,Registry,,,LocalSystem,S-1-5-18,,4,335,0,8192,533,264259776,0,0,2,22966503943,11264,956416,59493,24805776388,1,8,89
1292,2026-07-14 19:27:00,\Device\HarddiskVolume3\Windows\System32\smss.exe,,,LocalSystem,S-1-5-18,,4,312,0,0,0,0,0,0,0,600000000,0,77824,1853,699024524,0,0,19
1293,2026-07-14 19:27:00,\Device\HarddiskVolume3\Windows\System32\svchost.exe [wusvcs],,,LocalSystem,S-1-5-18,,4,337,0,0,0,0,0,0,0,600000000,0,0,1,641232,0,0,0
1294,2026-07-14 19:27:00,\Device\HarddiskVolume3\Windows\System32\SearchIndexer.exe,,,LocalSystem,S-1-5-18,,4,338,0,0,0,0,0,0,0,36000000000,0,0,292,83663601,0,0,0
1295,2026-07-14 19:27:00,\Device\HarddiskVolume3\Windows\servicing\TrustedInstaller.exe,,,LocalSystem,S-1-5-18,,4,327,0,0,0,0,0,0,0,1200000000,77824,0,194,48029337,0,4,0
1296,2026-07-14 19:27:00,\Device\HarddiskVolume3\Windows\UUS\amd64\MoUsoCoreWorker.exe,,,LocalSystem,S-1-5-18,,4,356,0,0,0,0,0,0,0,17999850000,0,0,221,51162956,0,0,0
1297,2026-07-14 19:27:00,\Device\HarddiskVolume3\Windows\System32\conhost.exe,,,LocalSystem,S-1-5-18,,4,349,0,0,0,0,0,0,0,1800000000,323584,0,713,142285173,0,16,0
1298,2026-07-14 19:27:00,\Device\HarddiskVolume3\ProgramData\Microsoft\Windows Defender\Platform\4.18.26060.3008-0\MsMpEng.exe,,,LocalSystem,S-1-5-18,,4,1081,0,0,0,0,0,0,0,36000000000,0,569344,1709,1773697835,30,0,139
1299,2026-07-14 19:27:00,\Device\HarddiskVolume3\ProgramData\Microsoft\Windows Defender\Platform\4.18.26060.3008-0\MpDefenderCoreService.exe,,,LocalSystem,S-1-5-18,,4,1078,0,0,0,0,0,0,0,36000000000,1391104,110592,10115,4739790370,0,37,27
1300,2026-07-14 19:27:00,\Device\HarddiskVolume3\Windows\System32\svchost.exe [InvSvcGroup],,,LocalSystem,S-1-5-18,,4,344,0,0,0,0,0,0,0,9000150000,0,0,37,10860297,0,0,0
1301,2026-07-14 19:27:00,\Device\HarddiskVolume3\Windows\WinSxS\amd64_microsoft-windows-servicingstack_31bf3856ad364e35_10.0.26100.8648_none_a50ef8e3775e8e5e\TiWorker.exe,,,LocalSystem,S-1-5-18,,4,1538,0,0,0,0,0,0,0,1200000000,0,0,814,112068090,0,0,0
1302,2026-07-14 19:27:00,\Device\HarddiskVolume3\ProgramData\Microsoft\Windows Defender\Platform\4.18.26060.3008-0\MpCmdRun.exe,,,LocalSystem,S-1-5-18,,4,1092,0,0,0,0,0,0,0,1800000000,434176,8192,594,86168259,0,24,2
1303,2026-07-14 19:27:00,\Device\HarddiskVolume3\Windows\System32\svchost.exe [RPCSS],,,NetworkService,S-1-5-20,,9,26,0,0,0,0,0,0,0,36000000000,0,16384,5425,1051747641,0,0,4
1304,2026-07-14 19:27:00,\Device\HarddiskVolume3\Windows\System32\svchost.exe [NetworkService],,,NetworkService,S-1-5-20,,9,363,0,0,0,0,0,0,0,180000000000,73728,663552,12924,3726622837,20,3,88
1305,2026-07-14 19:27:00,\Device\HarddiskVolume3\Windows\System32\svchost.exe [netprofm],,,NetworkService,S-1-5-20,,9,362,0,0,0,0,0,0,0,36000000000,0,0,448,88548897,0,0,0
1306,2026-07-14 19:27:00,\Device\HarddiskVolume3\Windows\System32\svchost.exe [NetworkServiceNetworkRestricted],,,NetworkService,S-1-5-20,,9,365,0,0,0,0,0,0,0,36000000000,0,0,444,138110518,0,0,0
1307,2026-07-14 19:27:00,\Device\HarddiskVolume3\Windows\System32\svchost.exe [LocalServiceNetworkRestricted],,,LocalService,S-1-5-19,,6,368,0,0,0,0,0,0,0,348600300000,0,204800,4026,1331994731,3,0,28
1308,2026-07-14 19:27:00,\Device\HarddiskVolume3\Windows\System32\svchost.exe [LocalService],,,LocalService,S-1-5-19,,6,367,0,0,0,0,0,0,0,252000000000,27610624,3162624,6271,3119506095,46,578,743
1309,2026-07-14 19:27:00,\Device\HarddiskVolume3\Windows\System32\svchost.exe [LocalServiceNoNetwork],,,LocalService,S-1-5-19,,6,366,0,0,0,0,0,0,0,72000000000,0,0,1017,316890543,0,0,0
1310,2026-07-14 19:27:00,\Device\HarddiskVolume3\Windows\System32\svchost.exe [LocalServiceNoNetworkFirewall],,,LocalService,S-1-5-19,,6,369,0,0,0,0,0,0,0,36000000000,0,0,224,57434761,0,0,0
1311,2026-07-14 19:27:00,\Device\HarddiskVolume3\Windows\System32\svchost.exe [LocalServiceAndNoImpersonation],,,LocalService,S-1-5-19,,6,371,0,0,0,0,0,0,0,36000000000,0,0,293,76512641,0,0,0
1312,2026-07-14 19:27:00,\Device\HarddiskVolume3\ProgramData\Microsoft\Windows Defender\Platform\4.18.26060.3008-0\NisSrv.exe,,,LocalService,S-1-5-19,,6,1093,0,0,0,0,0,0,0,36000000000,4326912,53248,4104,1915303213,0,40,13
1313,2026-07-14 19:27:00,\Device\HarddiskVolume3\Windows\System32\dwm.exe,,,UnknownOrUserSid,S-1-5-90-0-1,,13,33,0,0,0,0,0,0,0,36000000000,0,0,2159,581923645,0,0,0
1317,2026-07-14 20:27:00,Microsoft.AAD.BrokerPlugin_1000.19580.1000.0_neutral_neutral_cw5n1h2txyewy,,,UnknownOrUserSid,S-1-5-21-2395961029-2893071609-3470587398-1000,,60,373,0,110592,1575,395154804,1,0,27,0,0,0,0,0,0,0,0
1318,2026-07-14 20:27:00,Microsoft.Windows.StartMenuExperienceHost_10.0.26100.1301_neutral_neutral_cw5n1h2txyewy,,,UnknownOrUserSid,S-1-5-21-2395961029-2893071609-3470587398-1000,,60,284,0,0,383,106331337,0,0,0,34799845066,0,0,729,202930306,0,0,0
1319,2026-07-14 20:27:00,MicrosoftWindows.Client.CBS_1000.26100.18.0_x64__cw5n1h2txyewy,,,UnknownOrUserSid,S-1-5-21-2395961029-2893071609-3470587398-1000,,60,295,625152,200704,2433,1009695473,0,40,49,1200011581,0,0,22,5921058,0,0,0
1320,2026-07-14 20:27:00,\Device\HarddiskVolume3\Windows\System32\dllhost.exe,,,UnknownOrUserSid,S-1-5-21-2395961029-2893071609-3470587398-1000,,60,351,0,0,0,0,0,0,0,7200000000,0,0,30,5956099,0,0,0
1321,2026-07-14 20:27:00,\Device\HarddiskVolume3\Windows\System32\sihost.exe,,,UnknownOrUserSid,S-1-5-21-2395961029-2893071609-3470587398-1000,,60,375,0,0,0,0,0,0,0,35999850000,0,61440,276,71753509,0,0,15
1322,2026-07-14 20:27:00,\Device\HarddiskVolume3\Windows\System32\svchost.exe,,,UnknownOrUserSid,S-1-5-21-2395961029-2893071609-3470587398-1000,,60,376,0,0,0,0,0,0,0,223198650000,0,49152,4499,2779154485,0,0,12
1323,2026-07-14 20:27:00,\Device\HarddiskVolume3\Windows\System32\taskhostw.exe,,,UnknownOrUserSid,S-1-5-21-2395961029-2893071609-3470587398-1000,,60,348,0,0,0,0,0,0,0,12000000000,0,0,668,120072626,0,0,0
1324,2026-07-14 20:27:00,\Device\HarddiskVolume3\Windows\System32\ShellHost.exe,,,UnknownOrUserSid,S-1-5-21-2395961029-2893071609-3470587398-1000,,60,378,0,0,0,0,0,0,0,34199850000,0,0,164,57357677,0,0,0
1325,2026-07-14 20:27:00,\Device\HarddiskVolume3\Windows\explorer.exe,,,UnknownOrUserSid,S-1-5-21-2395961029-2893071609-3470587398-1000,,60,379,0,0,0,0,0,0,0,35999850000,0,0,282,84178366,0,0,0
1326,2026-07-14 20:27:00,\Device\HarddiskVolume3\Windows\System32\smartscreen.exe,,,UnknownOrUserSid,S-1-5-21-2395961029-2893071609-3470587398-1000,,60,382,0,0,0,0,0,0,0,2399850000,57344,228941824,5171,8452833758,0,11,972
1327,2026-07-14 20:27:00,\Device\HarddiskVolume3\Windows\System32\SecurityHealthSystray.exe,,,UnknownOrUserSid,S-1-5-21-2395961029-2893071609-3470587398-1000,,60,387,0,0,0,0,0,0,0,1199850000,0,0,4,883710,0,0,0
1328,2026-07-14 20:27:00,Microsoft.Windows.ShellExperienceHost_10.0.26100.1301_neutral_neutral_cw5n1h2txyewy,,,UnknownOrUserSid,S-1-5-21-2395961029-2893071609-3470587398-1000,,60,1056,0,16384,282,115573137,0,0,4,0,0,0,0,0,0,0,0
1329,2026-07-14 20:27:00,\Device\HarddiskVolume3\Windows\System32\conhost.exe,,,UnknownOrUserSid,S-1-5-21-2395961029-2893071609-3470587398-1000,,60,349,0,0,0,0,0,0,0,35999850000,0,0,124,39745871,0,0,0
1330,2026-07-14 20:27:00,\Device\HarddiskVolume3\Windows\System32\WindowsPowerShell\v1.0\powershell.exe,,,UnknownOrUserSid,S-1-5-21-2395961029-2893071609-3470587398-1000,,60,383,0,0,0,0,0,0,0,2999850000,0,0,1807,137575477,0,0,0
1331,2026-07-14 20:27:00,\Device\HarddiskVolume3\Windows\UUS\amd64\MoNotificationUx.exe,,,UnknownOrUserSid,S-1-5-21-2395961029-2893071609-3470587398-1000,,60,1539,0,0,0,0,0,0,0,8999700000,92018176,23105536,17329,48264948096,7,2593,827
1332,2026-07-14 20:27:00,System,,,LocalSystem,S-1-5-18,,4,29,0,0,512,134999663,0,0,0,0,0,0,0,0,0,0,0
1333,2026-07-14 20:27:00,\Device\HarddiskVolume3\Windows\System32\csrss.exe,,,LocalSystem,S-1-5-18,,4,313,0,0,5,1088692,0,0,0,71399700000,94208,11001856,38048,12677347039,94,20,866
1334,2026-07-14 20:27:00,\Device\HarddiskVolume3\Windows\System32\wininit.exe,,,LocalSystem,S-1-5-18,,4,314,0,0,0,0,0,0,0,35999850000,0,3477504,7464,1125953614,15,0,393
1335,2026-07-14 20:27:00,\Device\HarddiskVolume3\Windows\System32\services.exe,,,LocalSystem,S-1-5-18,,4,31,0,0,0,0,0,0,0,35999850000,0,0,4546,477648442,0,0,0
1336,2026-07-14 20:27:00,\Device\HarddiskVolume3\Windows\System32\lsass.exe,,,LocalSystem,S-1-5-18,,4,315,0,0,0,0,0,0,0,35999850000,0,8192,24544,2262055981,0,0,2
1337,2026-07-14 20:27:00,\Device\HarddiskVolume3\Windows\System32\svchost.exe [DcomLaunch],,,LocalSystem,S-1-5-18,,4,30,0,0,0,0,0,0,0,79199250000,0,24576,25002,4140075305,0,0,6
1338,2026-07-14 20:27:00,\Device\HarddiskVolume3\Windows\System32\fontdrvhost.exe,,,LocalSystem,S-1-5-18,,4,316,0,0,0,0,0,0,0,1800000000,0,0,248,42103356,0,0,0
1339,2026-07-14 20:27:00,\Device\HarddiskVolume3\Windows\System32\svchost.exe [LocalSystemNetworkRestricted],,,LocalSystem,S-1-5-18,,4,323,0,0,0,0,0,0,0,262798350000,42453504,344023040,31432,9895237040,0,694,2749
1340,2026-07-14 20:27:00,\Device\HarddiskVolume3\Windows\System32\svchost.exe [netsvcs],,,LocalSystem,S-1-5-18,,4,317,0,0,0,0,0,0,0,567596850000,7188480,1941504,33795,15228992392,22,364,388
1341,2026-07-14 20:27:00,\Device\HarddiskVolume3\Windows\System32\svchost.exe [GPSvcGroup],,,LocalSystem,S-1-5-18,,4,357,0,0,0,0,0,0,0,19199850000,0,0,5894,541061049,0,0,0
1342,2026-07-14 20:27:00,\Device\HarddiskVolume3\Windows\System32\svchost.exe [UserProfileService],,,LocalSystem,S-1-5-18,,4,318,0,0,0,0,0,0,0,35999850000,65536,201216,402,114088117,7,1,47
1343,2026-07-14 20:27:00,Memory Compression,,,LocalSystem,S-1-5-18,,4,336,0,0,0,0,0,0,0,22799850000,0,610304,2002,904807057,6,0,32
1344,2026-07-14 20:27:00,\Device\HarddiskVolume3\Windows\System32\spoolsv.exe,,,LocalSystem,S-1-5-18,,4,329,0,0,0,0,0,0,0,3599700000,0,0,27,4393666,0,0,0
1345,2026-07-14 20:27:00,\Device\HarddiskVolume3\Windows\System32\svchost.exe [utcsvc],,,LocalSystem,S-1-5-18,,4,330,0,0,0,0,0,0,0,35999850000,65536,1089536,6241,2252572926,0,1,234
1346,2026-07-14 20:27:00,\Device\HarddiskVolume3\Windows\System32\svchost.exe [NetSvcs],,,LocalSystem,S-1-5-18,,4,331,0,0,0,0,0,0,0,35999850000,0,364544,861,1036576404,11,0,89
1347,2026-07-14 20:27:00,\Device\HarddiskVolume3\Windows\System32\svchost.exe [appmodel],,,LocalSystem,S-1-5-18,,4,326,0,0,0,0,0,0,0,35999850000,0,0,184,28253802,0,0,0
1348,2026-07-14 20:27:00,\Device\HarddiskVolume3\Windows\System32\AggregatorHost.exe,,,LocalSystem,S-1-5-18,,4,332,0,0,0,0,0,0,0,12599550000,0,0,57,11687241,0,0,0
1349,2026-07-14 20:27:00,\Device\HarddiskVolume3\Program Files (x86)\Microsoft\EdgeUpdate\MicrosoftEdgeUpdate.exe,,,LocalSystem,S-1-5-18,,4,342,0,0,0,0,0,0,0,2400000000,0,0,10,3629094,0,0,0
1350,2026-07-14 20:27:00,\Device\HarddiskVolume3\Windows\System32\svchost.exe [wsappx],,,LocalSystem,S-1-5-18,,4,325,0,0,0,0,0,0,0,5999850000,1972736,221184,12371,2001239164,0,91,54
1351,2026-07-14 20:27:00,\Device\HarddiskVolume3\Windows\System32\svchost.exe [osprivacy],,,LocalSystem,S-1-5-18,,4,346,0,0,0,0,0,0,0,35999850000,16384,4096,2668,1286252867,0,1,1
1352,2026-07-14 20:27:00,\Device\HarddiskVolume3\Windows\System32\SecurityHealthService.exe,,,LocalSystem,S-1-5-18,,4,354,0,0,0,0,0,0,0,35999850000,0,0,143,34999704,0,0,0
1353,2026-07-14 20:27:00,\Device\HarddiskVolume3\Windows\System32\wbem\WmiPrvSE.exe,,,LocalSystem,S-1-5-18,,4,333,0,0,0,0,0,0,0,21000000000,0,0,9633,709737238,0,0,0
1354,2026-07-14 20:27:00,System Interrupts,,,LocalSystem,S-1-5-18,,4,28,0,0,0,0,0,0,0,35999850000,512,246272,7622,1649277355,0,1,61
1355,2026-07-14 20:27:00,Registry,,,LocalSystem,S-1-5-18,,4,335,0,0,22,6591375,0,0,0,23399250000,33568768,26242560,937725,83239292478,26,329,2421
1356,2026-07-14 20:27:00,\Device\HarddiskVolume3\Windows\System32\smss.exe,,,LocalSystem,S-1-5-18,,4,312,0,0,0,0,0,0,0,600000000,0,151552,2198,776257565,0,0,22
1357,2026-07-14 20:27:00,\Device\HarddiskVolume3\Windows\System32\svchost.exe [wusvcs],,,LocalSystem,S-1-5-18,,4,337,0,0,0,0,0,0,0,1799850000,133120,12288,268,90299488,0,3,3
1358,2026-07-14 20:27:00,\Device\HarddiskVolume3\Windows\System32\SearchIndexer.exe,,,LocalSystem,S-1-5-18,,4,338,0,0,0,0,0,0,0,35999850000,0,0,388,105405904,0,0,0
1359,2026-07-14 20:27:00,\Device\HarddiskVolume3\Windows\servicing\TrustedInstaller.exe,,,LocalSystem,S-1-5-18,,4,327,0,0,0,0,0,0,0,2399850000,0,4096,180,130188684,0,0,1
1360,2026-07-14 20:27:00,\Device\HarddiskVolume3\Windows\UUS\amd64\MoUsoCoreWorker.exe,,,LocalSystem,S-1-5-18,,4,356,0,0,0,0,0,0,0,19799850000,81920,24576,850,537602246,0,1,6
1361,2026-07-14 20:27:00,\Device\HarddiskVolume3\ProgramData\Microsoft\Windows Defender\Platform\4.18.26060.3008-0\MsMpEng.exe,,,LocalSystem,S-1-5-18,,4,1081,0,0,0,0,0,0,0,35999850000,352256,20733952,19150,14721851990,995,14,5062
1362,2026-07-14 20:27:00,\Device\HarddiskVolume3\ProgramData\Microsoft\Windows Defender\Platform\4.18.26060.3008-0\MpDefenderCoreService.exe,,,LocalSystem,S-1-5-18,,4,1078,0,0,0,0,0,0,0,35999850000,305929728,356347904,63084,66202730006,0,6054,3538
1363,2026-07-14 20:27:00,\Device\HarddiskVolume3\Windows\System32\wbem\WmiApSrv.exe,,,LocalSystem,S-1-5-18,,4,1087,0,0,0,0,0,0,0,1200000000,2078720,151552,815,298969680,0,79,30
1364,2026-07-14 20:27:00,\Device\HarddiskVolume3\Windows\UUS\amd64\wuaucltcore.exe,,,LocalSystem,S-1-5-18,,4,463,0,0,0,0,0,0,0,1199850000,136192,37376,1229,402739577,0,4,9
1365,2026-07-14 20:27:00,\Device\HarddiskVolume3\Windows\System32\svchost.exe [InvSvcGroup],,,LocalSystem,S-1-5-18,,4,344,0,0,0,0,0,0,0,10799700000,0,0,42,12669062,0,0,0
1366,2026-07-14 20:27:00,\Device\HarddiskVolume3\Windows\WinSxS\amd64_microsoft-windows-servicingstack_31bf3856ad364e35_10.0.26100.8648_none_a50ef8e3775e8e5e\TiWorker.exe,,,LocalSystem,S-1-5-18,,4,1538,0,0,0,0,0,0,0,2399850000,61440,8192,61983,3476790802,0,1,2
1367,2026-07-14 20:27:00,\Device\HarddiskVolume3\Windows\SoftwareDistribution\Download\Install\Windows-KB890830-x64-V5.143.exe,,,LocalSystem,S-1-5-18,,4,1625,0,0,0,0,0,0,0,599850000,131072,0,183,460867808,0,2,0
1368,2026-07-14 20:27:00,\Device\HarddiskVolume3\Windows\System32\MRT.exe,,,LocalSystem,S-1-5-18,,4,1088,0,0,0,0,0,0,0,599850000,0,0,71,84458657,0,0,0
1369,2026-07-14 20:27:00,\Device\HarddiskVolume3\Windows\System32\svchost.exe [RPCSS],,,NetworkService,S-1-5-20,,9,26,0,0,0,0,0,0,0,35999850000,0,16384,6215,1052877312,0,0,4
1370,2026-07-14 20:27:00,\Device\HarddiskVolume3\Windows\System32\svchost.exe [NetworkService],,,NetworkService,S-1-5-20,,9,363,0,0,0,0,0,0,0,179999250000,3262464,4325376,20198,4269698589,138,220,498
1371,2026-07-14 20:27:00,\Device\HarddiskVolume3\Windows\System32\svchost.exe [netprofm],,,NetworkService,S-1-5-20,,9,362,0,0,0,0,0,0,0,35999850000,0,0,389,85464653,0,0,0
1372,2026-07-14 20:27:00,\Device\HarddiskVolume3\Windows\System32\svchost.exe [NetworkServiceNetworkRestricted],,,NetworkService,S-1-5-20,,9,365,0,0,0,0,0,0,0,35999850000,2106880,278528,11256,3174447686,6,232,22
1373,2026-07-14 20:27:00,\Device\HarddiskVolume3\Windows\System32\wbem\WmiPrvSE.exe,,,NetworkService,S-1-5-20,,9,333,0,0,0,0,0,0,0,1799850000,192512,331776,3709,2029549756,4,3,31
1374,2026-07-14 20:27:00,\Device\HarddiskVolume3\Windows\System32\sppsvc.exe,,,NetworkService,S-1-5-20,,9,361,0,0,0,0,0,0,0,1199850000,225906176,112840704,39869,21738751198,23,860,1235
1375,2026-07-14 20:27:00,\Device\HarddiskVolume3\Windows\System32\svchost.exe [LocalServiceNetworkRestricted],,,LocalService,S-1-5-19,,6,368,0,0,0,0,0,0,0,342597900000,0,36864,5341,1424156313,0,0,9
1376,2026-07-14 20:27:00,\Device\HarddiskVolume3\Windows\System32\svchost.exe [LocalService],,,LocalService,S-1-5-19,,6,367,0,0,0,0,0,0,0,251998950000,225280,1667584,3941,1108435752,65,7,333
1377,2026-07-14 20:27:00,\Device\HarddiskVolume3\Windows\System32\svchost.exe [LocalServiceNoNetwork],,,LocalService,S-1-5-19,,6,366,0,0,0,0,0,0,0,71999700000,0,0,1099,406588725,0,0,0
1378,2026-07-14 20:27:00,\Device\HarddiskVolume3\Windows\System32\svchost.exe [LocalServiceNoNetworkFirewall],,,LocalService,S-1-5-19,,6,369,0,0,0,0,0,0,0,35999850000,0,0,262,58391344,0,0,0
1379,2026-07-14 20:27:00,\Device\HarddiskVolume3\Windows\System32\wbem\WmiPrvSE.exe,,,LocalService,S-1-5-19,,6,333,0,0,0,0,0,0,0,3599700000,606167040,1358393344,85622,334633250234,45,7408,44315
1380,2026-07-14 20:27:00,\Device\HarddiskVolume3\Windows\System32\svchost.exe [LocalServiceAndNoImpersonation],,,LocalService,S-1-5-19,,6,371,0,0,0,0,0,0,0,35999850000,0,0,1410,171594021,0,0,0
1381,2026-07-14 20:27:00,\Device\HarddiskVolume3\ProgramData\Microsoft\Windows Defender\Platform\4.18.26060.3008-0\NisSrv.exe,,,LocalService,S-1-5-19,,6,1093,0,0,0,0,0,0,0,35999850000,2838528,73728,4963,2421624934,0,78,18
1382,2026-07-14 20:27:00,\Device\HarddiskVolume3\Windows\System32\dwm.exe,,,UnknownOrUserSid,S-1-5-90-0-1,,13,33,0,0,0,0,0,0,0,35999850000,0,0,5420,872443441,0,0,0
1443,2026-07-14 21:27:00,Microsoft.AAD.BrokerPlugin_1000.19580.1000.0_neutral_neutral_cw5n1h2txyewy,,,UnknownOrUserSid,S-1-5-21-2395961029-2893071609-3470587398-1000,,60,373,0,8192,650,275313145,1,0,2,0,0,0,0,0,0,0,0
1444,2026-07-14 21:27:00,Microsoft.Windows.StartMenuExperienceHost_10.0.26100.1301_neutral_neutral_cw5n1h2txyewy,,,UnknownOrUserSid,S-1-5-21-2395961029-2893071609-3470587398-1000,,60,284,0,0,221,57654470,0,0,0,35999984519,0,0,561,179276191,0,0,0
1445,2026-07-14 21:27:00,MicrosoftWindows.Client.CBS_1000.26100.18.0_x64__cw5n1h2txyewy,,,UnknownOrUserSid,S-1-5-21-2395961029-2893071609-3470587398-1000,,60,295,16384,69632,2186,789898253,0,1,17,0,0,0,0,0,0,0,0
1446,2026-07-14 21:27:00,\Device\HarddiskVolume3\Windows\System32\dllhost.exe,,,UnknownOrUserSid,S-1-5-21-2395961029-2893071609-3470587398-1000,,60,351,0,0,0,0,0,0,0,7200150000,0,0,30,7069671,0,0,0
1447,2026-07-14 21:27:00,\Device\HarddiskVolume3\Windows\System32\OpenSSH\sshd.exe,,,UnknownOrUserSid,S-1-5-21-2395961029-2893071609-3470587398-1000,,60,1059,0,0,0,0,0,0,0,600150000,0,0,143,63079712,0,0,0
1448,2026-07-14 21:27:00,\Device\HarddiskVolume3\Windows\System32\sihost.exe,,,UnknownOrUserSid,S-1-5-21-2395961029-2893071609-3470587398-1000,,60,375,0,0,0,0,0,0,0,36000000000,0,73728,223,70243983,0,0,18
1449,2026-07-14 21:27:00,\Device\HarddiskVolume3\Windows\System32\svchost.exe,,,UnknownOrUserSid,S-1-5-21-2395961029-2893071609-3470587398-1000,,60,376,0,0,0,0,0,0,0,226200000000,4608,106496,4253,2718949451,1,2,26
1450,2026-07-14 21:27:00,\Device\HarddiskVolume3\Windows\System32\taskhostw.exe,,,UnknownOrUserSid,S-1-5-21-2395961029-2893071609-3470587398-1000,,60,348,0,0,0,0,0,0,0,10200150000,0,28672,504,108780269,0,0,7
1451,2026-07-14 21:27:00,\Device\HarddiskVolume3\Windows\System32\ShellHost.exe,,,UnknownOrUserSid,S-1-5-21-2395961029-2893071609-3470587398-1000,,60,378,0,0,0,0,0,0,0,30600000000,0,143360,222,66637327,0,0,14
1452,2026-07-14 21:27:00,\Device\HarddiskVolume3\Windows\explorer.exe,,,UnknownOrUserSid,S-1-5-21-2395961029-2893071609-3470587398-1000,,60,379,0,0,0,0,0,0,0,36000000000,0,0,290,78779384,0,0,0
1453,2026-07-14 21:27:00,Microsoft.Windows.ShellExperienceHost_10.0.26100.1301_neutral_neutral_cw5n1h2txyewy,,,UnknownOrUserSid,S-1-5-21-2395961029-2893071609-3470587398-1000,,60,1056,0,0,180,40090664,0,0,0,0,0,0,0,0,0,0,0
1454,2026-07-14 21:27:00,\Device\HarddiskVolume3\Windows\System32\conhost.exe,,,UnknownOrUserSid,S-1-5-21-2395961029-2893071609-3470587398-1000,,60,349,0,0,0,0,0,0,0,36600150000,0,0,199,98168428,0,0,0
1455,2026-07-14 21:27:00,\Device\HarddiskVolume3\Windows\System32\cmd.exe,,,UnknownOrUserSid,S-1-5-21-2395961029-2893071609-3470587398-1000,,60,514,0,0,0,0,0,0,0,600150000,0,0,173,87926578,0,0,0
1456,2026-07-14 21:27:00,\Device\HarddiskVolume3\dfir\tools\git\bin\bash.exe,,,UnknownOrUserSid,S-1-5-21-2395961029-2893071609-3470587398-1000,,60,1108,0,0,0,0,0,0,0,600150000,0,0,17,19983307,0,0,0
1457,2026-07-14 21:27:00,\Device\HarddiskVolume3\dfir\tools\git\usr\bin\bash.exe,,,UnknownOrUserSid,S-1-5-21-2395961029-2893071609-3470587398-1000,,60,1099,0,0,0,0,0,0,0,1200300000,16384,0,476,193936223,0,1,0
1458,2026-07-14 21:27:00,\Device\HarddiskVolume3\Windows\System32\WindowsPowerShell\v1.0\powershell.exe,,,UnknownOrUserSid,S-1-5-21-2395961029-2893071609-3470587398-1000,,60,383,0,0,0,0,0,0,0,2399850000,0,0,1446,120828426,0,0,0
1459,2026-07-14 21:27:00,\Device\HarddiskVolume3\dfir\Python\python.exe,,,UnknownOrUserSid,S-1-5-21-2395961029-2893071609-3470587398-1000,,60,392,0,0,0,0,0,0,0,600150000,0,0,27,30159625,0,0,0
1460,2026-07-14 21:27:00,\Device\HarddiskVolume3\dfir\tools\git\usr\bin\head.exe,,,UnknownOrUserSid,S-1-5-21-2395961029-2893071609-3470587398-1000,,60,1117,0,0,0,0,0,0,0,600150000,0,0,1287,35826632593,0,0,0
1461,2026-07-14 21:27:00,\Device\HarddiskVolume3\dfir\tools\git\usr\bin\grep.exe,,,UnknownOrUserSid,S-1-5-21-2395961029-2893071609-3470587398-1000,,60,1114,0,0,0,0,0,0,0,600150000,0,0,10,15125014,0,0,0
1462,2026-07-14 21:27:00,\Device\HarddiskVolume3\dfir\Python\Scripts\sigma.exe,,,UnknownOrUserSid,S-1-5-21-2395961029-2893071609-3470587398-1000,,60,1633,0,0,0,0,0,0,0,600150000,0,0,220,153737287,0,0,0
1463,2026-07-14 21:27:00,System,,,LocalSystem,S-1-5-18,,4,29,0,98304,860,299602502,1,0,24,0,0,0,0,0,0,0,0
1464,2026-07-14 21:27:00,\Device\HarddiskVolume3\Windows\System32\csrss.exe,,,LocalSystem,S-1-5-18,,4,313,0,8192,568,215234962,1,0,2,71400000000,31128576,8826880,87058,22316124297,149,572,932
1465,2026-07-14 21:27:00,\Device\HarddiskVolume3\Windows\System32\wininit.exe,,,LocalSystem,S-1-5-18,,4,314,0,0,0,0,0,0,0,36000000000,12288,65536,13789,1652179864,3,1,12
1466,2026-07-14 21:27:00,\Device\HarddiskVolume3\Windows\System32\services.exe,,,LocalSystem,S-1-5-18,,4,31,0,0,0,0,0,0,0,36000000000,0,0,4455,471319553,0,0,0
1467,2026-07-14 21:27:00,\Device\HarddiskVolume3\Windows\System32\lsass.exe,,,LocalSystem,S-1-5-18,,4,315,0,0,0,0,0,0,0,36000000000,54272,12288,7338,1182567388,0,6,3
1468,2026-07-14 21:27:00,\Device\HarddiskVolume3\Windows\System32\svchost.exe [DcomLaunch],,,LocalSystem,S-1-5-18,,4,30,0,0,0,0,0,0,0,82200000000,595968,897024,19186,3313755838,48,8,135
1469,2026-07-14 21:27:00,\Device\HarddiskVolume3\Windows\System32\fontdrvhost.exe,,,LocalSystem,S-1-5-18,,4,316,0,0,0,0,0,0,0,6600450000,0,184320,4994,1017063409,12,0,24
1470,2026-07-14 21:27:00,\Device\HarddiskVolume3\Windows\System32\svchost.exe [LocalSystemNetworkRestricted],,,LocalSystem,S-1-5-18,,4,323,0,0,0,0,0,0,0,267600000000,7734272,2027520,11482,3348504790,2,363,476
1471,2026-07-14 21:27:00,\Device\HarddiskVolume3\Windows\System32\svchost.exe [netsvcs],,,LocalSystem,S-1-5-18,,4,317,0,0,0,0,0,0,0,565199850000,839680,1966080,17098,6905537345,9,80,296
1472,2026-07-14 21:27:00,\Device\HarddiskVolume3\Windows\System32\svchost.exe [GPSvcGroup],,,LocalSystem,S-1-5-18,,4,357,0,0,0,0,0,0,0,19200000000,0,12288,7402,754142860,0,0,3
1473,2026-07-14 21:27:00,\Device\HarddiskVolume3\Windows\System32\svchost.exe [UserProfileService],,,LocalSystem,S-1-5-18,,4,318,0,0,0,0,0,0,0,36000000000,12800,405504,617,177867258,6,3,58
1474,2026-07-14 21:27:00,Memory Compression,,,LocalSystem,S-1-5-18,,4,336,0,0,0,0,0,0,0,15000000000,47104,274432,2756,1008000254,2,6,27
1475,2026-07-14 21:27:00,\Device\HarddiskVolume3\Windows\System32\svchost.exe [utcsvc],,,LocalSystem,S-1-5-18,,4,330,0,0,0,0,0,0,0,33600000000,520192,1658880,6565,2493610402,0,8,367
1476,2026-07-14 21:27:00,\Device\HarddiskVolume3\Windows\System32\svchost.exe [NetSvcs],,,LocalSystem,S-1-5-18,,4,331,0,0,0,0,0,0,0,36000000000,0,237568,724,456714207,13,0,56
1477,2026-07-14 21:27:00,\Device\HarddiskVolume3\Windows\System32\svchost.exe [appmodel],,,LocalSystem,S-1-5-18,,4,326,0,0,0,0,0,0,0,34200000000,0,0,171,29073041,0,0,0
1478,2026-07-14 21:27:00,\Device\HarddiskVolume3\Windows\System32\OpenSSH\sshd.exe,,,LocalSystem,S-1-5-18,,4,1059,0,0,0,0,0,0,0,4200300000,0,8192,1115,188513783,0,0,2
1479,2026-07-14 21:27:00,\Device\HarddiskVolume3\Windows\System32\AggregatorHost.exe,,,LocalSystem,S-1-5-18,,4,332,0,0,0,0,0,0,0,13200150000,0,0,70,15039872,0,0,0
1480,2026-07-14 21:27:00,\Device\HarddiskVolume3\Program Files (x86)\Microsoft\EdgeUpdate\MicrosoftEdgeUpdate.exe,,,LocalSystem,S-1-5-18,,4,342,0,0,0,0,0,0,0,3000000000,0,0,46,10855395,0,0,0
1481,2026-07-14 21:27:00,\Device\HarddiskVolume3\Windows\System32\taskhostw.exe,,,LocalSystem,S-1-5-18,,4,348,0,0,0,0,0,0,0,1200000000,198144,20480,190,81938241,0,3,5
1482,2026-07-14 21:27:00,\Device\HarddiskVolume3\Windows\System32\svchost.exe [wsappx],,,LocalSystem,S-1-5-18,,4,325,0,0,0,0,0,0,0,10200000000,8243712,491520,7838,1903317073,0,321,119
1483,2026-07-14 21:27:00,\Device\HarddiskVolume3\Windows\System32\svchost.exe [osprivacy],,,LocalSystem,S-1-5-18,,4,346,0,0,0,0,0,0,0,36000000000,0,0,1638,567149728,0,0,0
1484,2026-07-14 21:27:00,\Device\HarddiskVolume3\Windows\System32\SecurityHealthService.exe,,,LocalSystem,S-1-5-18,,4,354,0,0,0,0,0,0,0,36000000000,0,0,109,28574419,0,0,0
1485,2026-07-14 21:27:00,\Device\HarddiskVolume3\Windows\System32\wbem\WmiPrvSE.exe,,,LocalSystem,S-1-5-18,,4,333,0,0,0,0,0,0,0,6600000000,0,0,1134,101201842,0,0,0
1486,2026-07-14 21:27:00,System Interrupts,,,LocalSystem,S-1-5-18,,4,28,0,0,0,0,0,0,0,36000000000,873984,319488,10912,1604901404,0,70,62
1487,2026-07-14 21:27:00,Registry,,,LocalSystem,S-1-5-18,,4,335,0,8192,532,275761280,0,0,2,26400150000,3910144,29853184,167163,42759612440,17,112,2664
1488,2026-07-14 21:27:00,\Device\HarddiskVolume3\Windows\System32\smss.exe,,,LocalSystem,S-1-5-18,,4,312,0,0,0,0,0,0,0,600150000,0,1314816,14929,2600653685,0,0,38
1489,2026-07-14 21:27:00,\Device\HarddiskVolume3\Windows\System32\svchost.exe [wusvcs],,,LocalSystem,S-1-5-18,,4,337,0,0,0,0,0,0,0,600000000,0,0,1,254741,0,0,0
1490,2026-07-14 21:27:00,\Device\HarddiskVolume3\Windows\System32\SearchIndexer.exe,,,LocalSystem,S-1-5-18,,4,338,0,0,0,0,0,0,0,36000000000,0,0,295,88838314,0,0,0
1491,2026-07-14 21:27:00,\Device\HarddiskVolume3\Windows\System32\SearchProtocolHost.exe,,,LocalSystem,S-1-5-18,,4,339,0,0,0,0,0,0,0,599850000,0,0,43,21812398,0,0,0
1492,2026-07-14 21:27:00,\Device\HarddiskVolume3\Windows\servicing\TrustedInstaller.exe,,,LocalSystem,S-1-5-18,,4,327,0,0,0,0,0,0,0,1200000000,0,0,726,44889400,0,0,0
1493,2026-07-14 21:27:00,\Device\HarddiskVolume3\Windows\UUS\amd64\MoUsoCoreWorker.exe,,,LocalSystem,S-1-5-18,,4,356,0,0,0,0,0,0,0,19799850000,90624,77824,557,159924321,1,5,19
1494,2026-07-14 21:27:00,\Device\HarddiskVolume3\Windows\System32\conhost.exe,,,LocalSystem,S-1-5-18,,4,349,0,0,0,0,0,0,0,1200000000,308736,131072,1213,351544782,0,6,32
1495,2026-07-14 21:27:00,\Device\HarddiskVolume3\ProgramData\Microsoft\Windows Defender\Platform\4.18.26060.3008-0\MsMpEng.exe,,,LocalSystem,S-1-5-18,,4,1081,0,0,0,0,0,0,0,36000000000,69632,675840,11218,3377810084,33,2,165
1496,2026-07-14 21:27:00,\Device\HarddiskVolume3\ProgramData\Microsoft\Windows Defender\Platform\4.18.26060.3008-0\MpDefenderCoreService.exe,,,LocalSystem,S-1-5-18,,4,1078,0,0,0,0,0,0,0,36000000000,90972672,843776,111329,77410454499,0,1590,195
1497,2026-07-14 21:27:00,\Device\HarddiskVolume3\Windows\Microsoft.NET\Framework64\v4.0.30319\ngentask.exe,,,LocalSystem,S-1-5-18,,4,1070,0,0,0,0,0,0,0,600000000,0,45056,3366,226901209,0,0,11
1498,2026-07-14 21:27:00,\Device\HarddiskVolume3\Windows\Microsoft.NET\Framework\v4.0.30319\ngentask.exe,,,LocalSystem,S-1-5-18,,4,1080,0,0,0,0,0,0,0,600000000,1539584,184320,702,352582622,0,67,45
1499,2026-07-14 21:27:00,\Device\HarddiskVolume3\Windows\Microsoft.NET\Framework64\v4.0.30319\ngen.exe,,,LocalSystem,S-1-5-18,,4,1079,0,0,0,0,0,0,0,600000000,0,229376,526,478470492,0,0,49
1500,2026-07-14 21:27:00,\Device\HarddiskVolume3\Windows\Microsoft.NET\Framework\v4.0.30319\ngen.exe,,,LocalSystem,S-1-5-18,,4,1065,0,0,0,0,0,0,0,600000000,0,102400,604,244650344,0,0,25
1501,2026-07-14 21:27:00,\Device\HarddiskVolume3\Windows\Microsoft.NET\Framework64\v4.0.30319\mscorsvw.exe,,,LocalSystem,S-1-5-18,,4,1067,0,0,0,0,0,0,0,600000000,24614400,7069696,3310,7519793955,0,385,810
1502,2026-07-14 21:27:00,\Device\HarddiskVolume3\Windows\System32\VSSVC.exe,,,LocalSystem,S-1-5-18,,4,359,0,0,0,0,0,0,0,1800000000,0,0,12,3353325,0,0,0
1503,2026-07-14 21:27:00,\Device\HarddiskVolume3\Windows\System32\svchost.exe [swprv],,,LocalSystem,S-1-5-18,,4,360,0,0,0,0,0,0,0,3600000000,199168,24576,578,105211117,0,4,6
1504,2026-07-14 21:27:00,\Device\HarddiskVolume3\Windows\System32\svchost.exe [InvSvcGroup],,,LocalSystem,S-1-5-18,,4,344,0,0,0,0,0,0,0,11400000000,0,0,54,17787003,0,0,0
1505,2026-07-14 21:27:00,\Device\HarddiskVolume3\Windows\WinSxS\amd64_microsoft-windows-servicingstack_31bf3856ad364e35_10.0.26100.8648_none_a50ef8e3775e8e5e\TiWorker.exe,,,LocalSystem,S-1-5-18,,4,1538,0,0,0,0,0,0,0,1200000000,535040,94208,1500,656754015,0,13,23
1506,2026-07-14 21:27:00,\Device\HarddiskVolume3\Windows\System32\svchost.exe [RPCSS],,,NetworkService,S-1-5-20,,9,26,0,0,0,0,0,0,0,36000000000,0,0,4851,847342574,0,0,0
1507,2026-07-14 21:27:00,\Device\HarddiskVolume3\Windows\System32\svchost.exe [NetworkService],,,NetworkService,S-1-5-20,,9,363,0,0,0,0,0,0,0,180000000000,0,1564672,12566,2054801573,26,0,119
1508,2026-07-14 21:27:00,\Device\HarddiskVolume3\Windows\System32\svchost.exe [netprofm],,,NetworkService,S-1-5-20,,9,362,0,0,0,0,0,0,0,36000000000,0,0,342,73670906,0,0,0
1509,2026-07-14 21:27:00,\Device\HarddiskVolume3\Windows\System32\svchost.exe [NetworkServiceNetworkRestricted],,,NetworkService,S-1-5-20,,9,365,0,0,0,0,0,0,0,36000000000,1671168,163840,13017,3211578575,3,195,15
1510,2026-07-14 21:27:00,\Device\HarddiskVolume3\Windows\System32\wbem\WmiPrvSE.exe,,,NetworkService,S-1-5-20,,9,333,0,0,0,0,0,0,0,3600150000,0,36864,1544,287166818,0,0,9
1511,2026-07-14 21:27:00,\Device\HarddiskVolume3\Windows\System32\sppsvc.exe,,,NetworkService,S-1-5-20,,9,361,0,0,0,0,0,0,0,600000000,0,0,2,657351,0,0,0
1512,2026-07-14 21:27:00,\Device\HarddiskVolume3\Windows\System32\svchost.exe [LocalServiceNetworkRestricted],,,LocalService,S-1-5-19,,6,368,0,0,0,0,0,0,0,348600150000,401408,2600960,5425,1554747561,0,8,121
1513,2026-07-14 21:27:00,\Device\HarddiskVolume3\Windows\System32\svchost.exe [LocalService],,,LocalService,S-1-5-19,,6,367,0,0,0,0,0,0,0,252000000000,77824,1888768,3872,1320640761,56,4,343
1514,2026-07-14 21:27:00,\Device\HarddiskVolume3\Windows\System32\svchost.exe [LocalServiceNoNetwork],,,LocalService,S-1-5-19,,6,366,0,0,0,0,0,0,0,72000000000,0,0,1126,408225437,0,0,0
1515,2026-07-14 21:27:00,\Device\HarddiskVolume3\Windows\System32\svchost.exe [LocalServiceNoNetworkFirewall],,,LocalService,S-1-5-19,,6,369,0,0,0,0,0,0,0,36000000000,0,0,221,49988764,0,0,0
1516,2026-07-14 21:27:00,\Device\HarddiskVolume3\Windows\System32\svchost.exe [LocalServiceAndNoImpersonation],,,LocalService,S-1-5-19,,6,371,0,0,0,0,0,0,0,36000000000,0,0,476,89894065,0,0,0
1517,2026-07-14 21:27:00,\Device\HarddiskVolume3\ProgramData\Microsoft\Windows Defender\Platform\4.18.26060.3008-0\NisSrv.exe,,,LocalService,S-1-5-19,,6,1093,0,0,0,0,0,0,0,36000000000,13516288,274432,42644,18548396011,0,279,67
1518,2026-07-14 21:27:00,\Device\HarddiskVolume3\Windows\System32\dwm.exe,,,UnknownOrUserSid,S-1-5-90-0-1,,13,33,0,0,0,0,0,0,0,36000000000,0,0,2190,527258776,0,0,0
1569,2026-07-14 22:27:00,Microsoft.AAD.BrokerPlugin_1000.19580.1000.0_neutral_neutral_cw5n1h2txyewy,,,UnknownOrUserSid,S-1-5-21-2395961029-2893071609-3470587398-1000,,60,373,0,114688,759,307330921,1,0,28,0,0,0,0,0,0,0,0
1570,2026-07-14 22:27:00,Microsoft.Windows.StartMenuExperienceHost_10.0.26100.1301_neutral_neutral_cw5n1h2txyewy,,,UnknownOrUserSid,S-1-5-21-2395961029-2893071609-3470587398-1000,,60,284,0,0,221,56456092,0,0,0,35999987476,0,0,545,174889884,0,0,0
1571,2026-07-14 22:27:00,MicrosoftWindows.Client.CBS_1000.26100.18.0_x64__cw5n1h2txyewy,,,UnknownOrUserSid,S-1-5-21-2395961029-2893071609-3470587398-1000,,60,295,0,196608,2445,1188057525,0,0,48,0,0,0,0,0,0,0,0
1572,2026-07-14 22:27:00,\Device\HarddiskVolume3\Windows\System32\dllhost.exe,,,UnknownOrUserSid,S-1-5-21-2395961029-2893071609-3470587398-1000,,60,351,0,0,0,0,0,0,0,7200000000,0,0,30,8437281,0,0,0
1573,2026-07-14 22:27:00,\Device\HarddiskVolume3\Windows\System32\OpenSSH\sshd.exe,,,UnknownOrUserSid,S-1-5-21-2395961029-2893071609-3470587398-1000,,60,1059,0,0,0,0,0,0,0,2400000000,0,0,931,132742023,0,0,0
1574,2026-07-14 22:27:00,\Device\HarddiskVolume3\Windows\System32\sihost.exe,,,UnknownOrUserSid,S-1-5-21-2395961029-2893071609-3470587398-1000,,60,375,0,0,0,0,0,0,0,36000000000,0,73728,203,83386781,0,0,18
1575,2026-07-14 22:27:00,\Device\HarddiskVolume3\Windows\System32\svchost.exe,,,UnknownOrUserSid,S-1-5-21-2395961029-2893071609-3470587398-1000,,60,376,0,0,0,0,0,0,0,226800000000,0,36864,5643,2885589604,0,0,9
1576,2026-07-14 22:27:00,\Device\HarddiskVolume3\Windows\System32\taskhostw.exe,,,UnknownOrUserSid,S-1-5-21-2395961029-2893071609-3470587398-1000,,60,348,0,0,0,0,0,0,0,12000000000,0,0,83,25161525,0,0,0
1577,2026-07-14 22:27:00,\Device\HarddiskVolume3\Windows\System32\ShellHost.exe,,,UnknownOrUserSid,S-1-5-21-2395961029-2893071609-3470587398-1000,,60,378,0,0,0,0,0,0,0,31199700000,0,0,160,48330668,0,0,0
1578,2026-07-14 22:27:00,\Device\HarddiskVolume3\Windows\explorer.exe,,,UnknownOrUserSid,S-1-5-21-2395961029-2893071609-3470587398-1000,,60,379,0,0,0,0,0,0,0,36000000000,0,0,666,138424836,0,0,0
1579,2026-07-14 22:27:00,\Device\HarddiskVolume3\Windows\System32\ctfmon.exe,,,UnknownOrUserSid,S-1-5-21-2395961029-2893071609-3470587398-1000,,60,328,0,0,0,0,0,0,0,600150000,0,0,143,73299131,0,0,0
1580,2026-07-14 22:27:00,\Device\HarddiskVolume3\Windows\System32\smartscreen.exe,,,UnknownOrUserSid,S-1-5-21-2395961029-2893071609-3470587398-1000,,60,382,0,0,0,0,0,0,0,3000000000,0,0,3183,373820351,0,0,0
1581,2026-07-14 22:27:00,\Device\HarddiskVolume3\Windows\System32\SecurityHealthSystray.exe,,,UnknownOrUserSid,S-1-5-21-2395961029-2893071609-3470587398-1000,,60,387,0,0,0,0,0,0,0,1800000000,0,0,10,2042131,0,0,0
1582,2026-07-14 22:27:00,Microsoft.Windows.ShellExperienceHost_10.0.26100.1301_neutral_neutral_cw5n1h2txyewy,,,UnknownOrUserSid,S-1-5-21-2395961029-2893071609-3470587398-1000,,60,1056,0,16384,466,111912165,0,0,4,166549916,167936,16384,724,251322969,0,1,4
1583,2026-07-14 22:27:00,\Device\HarddiskVolume3\Windows\System32\conhost.exe,,,UnknownOrUserSid,S-1-5-21-2395961029-2893071609-3470587398-1000,,60,349,0,0,0,0,0,0,0,38400000000,0,0,185,67698324,0,0,0
1584,2026-07-14 22:27:00,\Device\HarddiskVolume3\Windows\System32\cmd.exe,,,UnknownOrUserSid,S-1-5-21-2395961029-2893071609-3470587398-1000,,60,514,0,0,0,0,0,0,0,600000000,0,0,85,58997198,0,0,0
1585,2026-07-14 22:27:00,\Device\HarddiskVolume3\dfir\tools\git\bin\bash.exe,,,UnknownOrUserSid,S-1-5-21-2395961029-2893071609-3470587398-1000,,60,1108,0,0,0,0,0,0,0,600000000,0,0,1656,248338663,0,0,0
1586,2026-07-14 22:27:00,\Device\HarddiskVolume3\dfir\tools\git\usr\bin\bash.exe,,,UnknownOrUserSid,S-1-5-21-2395961029-2893071609-3470587398-1000,,60,1099,0,0,0,0,0,0,0,9000150000,16384,188416,2153,751442633,0,1,46
1587,2026-07-14 22:27:00,\Device\HarddiskVolume3\dfir\tools\git\usr\bin\timeout.exe,,,UnknownOrUserSid,S-1-5-21-2395961029-2893071609-3470587398-1000,,60,1112,0,0,0,0,0,0,0,2400000000,0,16384,184,139158561,0,0,4
1588,2026-07-14 22:27:00,\Device\HarddiskVolume3\dfir\tools\hayabusa\hayabusa.exe,,,UnknownOrUserSid,S-1-5-21-2395961029-2893071609-3470587398-1000,,60,526,0,0,0,0,0,0,0,1200000000,0,40960,176,94111127,0,0,10
1589,2026-07-14 22:27:00,\Device\HarddiskVolume3\Windows\System32\WindowsPowerShell\v1.0\powershell.exe,,,UnknownOrUserSid,S-1-5-21-2395961029-2893071609-3470587398-1000,,60,383,0,0,0,0,0,0,0,4800150000,0,0,2170,187514814,0,0,0
1590,2026-07-14 22:27:00,\Device\HarddiskVolume3\dfir\Python\Scripts\vol.exe,,,UnknownOrUserSid,S-1-5-21-2395961029-2893071609-3470587398-1000,,60,1329,0,0,0,0,0,0,0,1200000000,0,0,101,77433139,0,0,0
1591,2026-07-14 22:27:00,\Device\HarddiskVolume3\dfir\Python\python.exe,,,UnknownOrUserSid,S-1-5-21-2395961029-2893071609-3470587398-1000,,60,392,0,0,0,0,0,0,0,1200000000,0,12288,97,75604401,0,0,3
1592,2026-07-14 22:27:00,\Device\HarddiskVolume3\dfir\tools\git\usr\bin\grep.exe,,,UnknownOrUserSid,S-1-5-21-2395961029-2893071609-3470587398-1000,,60,1114,0,0,0,0,0,0,0,599850000,0,0,332,137893605,0,0,0
1593,2026-07-14 22:27:00,System,,,LocalSystem,S-1-5-18,,4,29,0,77824,1914,679143529,1,0,19,0,0,0,0,0,0,0,0
1594,2026-07-14 22:27:00,\Device\HarddiskVolume3\Windows\System32\csrss.exe,,,LocalSystem,S-1-5-18,,4,313,0,0,3,117385,0,0,0,71566399916,225280,5980160,70423,17404286467,100,5,514
1595,2026-07-14 22:27:00,\Device\HarddiskVolume3\Windows\System32\wininit.exe,,,LocalSystem,S-1-5-18,,4,314,0,0,0,0,0,0,0,36000000000,0,425984,231100,19493191971,6,0,72
1596,2026-07-14 22:27:00,\Device\HarddiskVolume3\Windows\System32\services.exe,,,LocalSystem,S-1-5-18,,4,31,0,0,0,0,0,0,0,36000000000,0,0,7624,921237702,0,0,0
1597,2026-07-14 22:27:00,\Device\HarddiskVolume3\Windows\System32\lsass.exe,,,LocalSystem,S-1-5-18,,4,315,0,0,0,0,0,0,0,36000000000,0,0,6249,1003929666,0,0,0
1598,2026-07-14 22:27:00,\Device\HarddiskVolume3\Windows\System32\svchost.exe [DcomLaunch],,,LocalSystem,S-1-5-18,,4,30,0,0,0,0,0,0,0,82800000000,0,421888,22301,3359570377,24,0,61
1599,2026-07-14 22:27:00,\Device\HarddiskVolume3\Windows\System32\fontdrvhost.exe,,,LocalSystem,S-1-5-18,,4,316,0,0,0,0,0,0,0,3000000000,0,0,2523,215907758,0,0,0
1600,2026-07-14 22:27:00,\Device\HarddiskVolume3\Windows\System32\svchost.exe [LocalSystemNetworkRestricted],,,LocalSystem,S-1-5-18,,4,323,0,0,0,0,0,0,0,269999850000,131072,397312,10106,3880518758,0,2,76
1601,2026-07-14 22:27:00,\Device\HarddiskVolume3\Windows\System32\svchost.exe [netsvcs],,,LocalSystem,S-1-5-18,,4,317,0,0,0,0,0,0,0,561600000000,0,3112960,17123,6865387255,6,0,585
1602,2026-07-14 22:27:00,\Device\HarddiskVolume3\Windows\System32\svchost.exe [GPSvcGroup],,,LocalSystem,S-1-5-18,,4,357,0,0,0,0,0,0,0,19200000000,0,0,9362,895033682,0,0,0
1603,2026-07-14 22:27:00,\Device\HarddiskVolume3\Windows\System32\svchost.exe [UserProfileService],,,LocalSystem,S-1-5-18,,4,318,0,0,0,0,0,0,0,36000000000,0,90624,979,466431117,1,0,22
1604,2026-07-14 22:27:00,Memory Compression,,,LocalSystem,S-1-5-18,,4,336,0,0,0,0,0,0,0,12000000000,0,466944,1705,610076905,4,0,41
1605,2026-07-14 22:27:00,\Device\HarddiskVolume3\Windows\System32\svchost.exe [utcsvc],,,LocalSystem,S-1-5-18,,4,330,0,0,0,0,0,0,0,34800000000,0,1798144,6488,2469041084,0,0,404
1606,2026-07-14 22:27:00,\Device\HarddiskVolume3\Windows\System32\svchost.exe [NetSvcs],,,LocalSystem,S-1-5-18,,4,331,0,0,0,0,0,0,0,36000000000,0,212992,839,440734178,4,0,50
1607,2026-07-14 22:27:00,\Device\HarddiskVolume3\Windows\System32\svchost.exe [appmodel],,,LocalSystem,S-1-5-18,,4,326,0,0,0,0,0,0,0,36000000000,0,0,590,139013512,0,0,0
1608,2026-07-14 22:27:00,\Device\HarddiskVolume3\Windows\System32\OpenSSH\sshd.exe,,,LocalSystem,S-1-5-18,,4,1059,0,0,0,0,0,0,0,3600150000,0,0,445,36954586,0,0,0
1609,2026-07-14 22:27:00,\Device\HarddiskVolume3\Windows\System32\AggregatorHost.exe,,,LocalSystem,S-1-5-18,,4,332,0,0,0,0,0,0,0,13800150000,0,0,57,11921309,0,0,0
1610,2026-07-14 22:27:00,\Device\HarddiskVolume3\Program Files (x86)\Microsoft\EdgeUpdate\MicrosoftEdgeUpdate.exe,,,LocalSystem,S-1-5-18,,4,342,0,0,0,0,0,0,0,2400000000,0,0,8,1823832,0,0,0
1611,2026-07-14 22:27:00,\Device\HarddiskVolume3\Windows\System32\taskhostw.exe,,,LocalSystem,S-1-5-18,,4,348,0,0,0,0,0,0,0,600000000,0,0,1,269808,0,0,0
1612,2026-07-14 22:27:00,\Device\HarddiskVolume3\Windows\System32\svchost.exe [wsappx],,,LocalSystem,S-1-5-18,,4,325,0,0,0,0,0,0,0,5400000000,0,0,1454,115915840,0,0,0
1613,2026-07-14 22:27:00,\Device\HarddiskVolume3\Windows\System32\svchost.exe [osprivacy],,,LocalSystem,S-1-5-18,,4,346,0,0,0,0,0,0,0,36000000000,0,0,1513,506432090,0,0,0
1614,2026-07-14 22:27:00,\Device\HarddiskVolume3\Windows\System32\SecurityHealthService.exe,,,LocalSystem,S-1-5-18,,4,354,0,0,0,0,0,0,0,36000000000,0,0,108,28800080,0,0,0
1615,2026-07-14 22:27:00,System Interrupts,,,LocalSystem,S-1-5-18,,4,28,0,0,0,0,0,0,0,36000000000,0,5853184,16183,28662915878,0,0,1428
1616,2026-07-14 22:27:00,Registry,,,LocalSystem,S-1-5-18,,4,335,0,114688,1165,557300682,1,0,28,23400150000,6512640,23403520,108406,34024375694,1,8,172
1617,2026-07-14 22:27:00,\Device\HarddiskVolume3\Windows\System32\smss.exe,,,LocalSystem,S-1-5-18,,4,312,0,0,0,0,0,0,0,600000000,126976,233472,56809,12224113861,4,5,52
1618,2026-07-14 22:27:00,\Device\HarddiskVolume3\Windows\System32\svchost.exe [wusvcs],,,LocalSystem,S-1-5-18,,4,337,0,0,0,0,0,0,0,600000000,0,0,1,277517,0,0,0
1619,2026-07-14 22:27:00,\Device\HarddiskVolume3\Windows\System32\SearchIndexer.exe,,,LocalSystem,S-1-5-18,,4,338,0,0,0,0,0,0,0,36000000000,0,0,296,91553913,0,0,0
1620,2026-07-14 22:27:00,\Device\HarddiskVolume3\Windows\UUS\amd64\MoUsoCoreWorker.exe,,,LocalSystem,S-1-5-18,,4,356,0,0,0,0,0,0,0,18600000000,0,0,359,99517450,0,0,0
1621,2026-07-14 22:27:00,\Device\HarddiskVolume3\Windows\System32\conhost.exe,,,LocalSystem,S-1-5-18,,4,349,0,0,0,0,0,0,0,1200000000,0,270336,422,603480254,0,0,66
1622,2026-07-14 22:27:00,\Device\HarddiskVolume3\ProgramData\Microsoft\Windows Defender\Platform\4.18.26060.3008-0\MsMpEng.exe,,,LocalSystem,S-1-5-18,,4,1081,0,0,0,0,0,0,0,36000000000,0,630784,1649,1233982652,33,0,154
1623,2026-07-14 22:27:00,\Device\HarddiskVolume3\ProgramData\Microsoft\Windows Defender\Platform\4.18.26060.3008-0\MpDefenderCoreService.exe,,,LocalSystem,S-1-5-18,,4,1078,0,0,0,0,0,0,0,36000000000,45224960,1056768,120684,133282835730,0,858,236
1624,2026-07-14 22:27:00,\Device\HarddiskVolume3\Windows\Microsoft.NET\Framework64\v4.0.30319\ngentask.exe,,,LocalSystem,S-1-5-18,,4,1070,0,0,0,0,0,0,0,600000000,0,0,360,24526950,0,0,0
1625,2026-07-14 22:27:00,\Device\HarddiskVolume3\Windows\Microsoft.NET\Framework\v4.0.30319\ngentask.exe,,,LocalSystem,S-1-5-18,,4,1080,0,0,0,0,0,0,0,600000000,0,61440,162,206143119,0,0,15
1626,2026-07-14 22:27:00,\Device\HarddiskVolume3\Windows\Microsoft.NET\Framework64\v4.0.30319\ngen.exe,,,LocalSystem,S-1-5-18,,4,1079,0,0,0,0,0,0,0,600000000,0,0,744,116197191,0,0,0
1627,2026-07-14 22:27:00,\Device\HarddiskVolume3\Windows\Microsoft.NET\Framework\v4.0.30319\ngen.exe,,,LocalSystem,S-1-5-18,,4,1065,0,0,0,0,0,0,0,600000000,0,0,141,68251618,0,0,0
1628,2026-07-14 22:27:00,\Device\HarddiskVolume3\Windows\Microsoft.NET\Framework64\v4.0.30319\mscorsvw.exe,,,LocalSystem,S-1-5-18,,4,1067,0,0,0,0,0,0,0,600000000,0,16384,213,106448693,0,0,4
1629,2026-07-14 22:27:00,\Device\HarddiskVolume3\Windows\System32\svchost.exe [InvSvcGroup],,,LocalSystem,S-1-5-18,,4,344,0,0,0,0,0,0,0,7800000000,0,0,37,10962966,0,0,0
1630,2026-07-14 22:27:00,\Device\HarddiskVolume3\Windows\System32\svchost.exe [RPCSS],,,NetworkService,S-1-5-20,,9,26,0,0,0,0,0,0,0,36000000000,0,8192,9026,1270359074,0,0,2
1631,2026-07-14 22:27:00,\Device\HarddiskVolume3\Windows\System32\svchost.exe [NetworkService],,,NetworkService,S-1-5-20,,9,363,0,0,0,0,0,0,0,180000000000,0,565248,28156,3614274226,20,0,88
1632,2026-07-14 22:27:00,\Device\HarddiskVolume3\Windows\System32\svchost.exe [netprofm],,,NetworkService,S-1-5-20,,9,362,0,0,0,0,0,0,0,36000000000,0,0,380,71241921,0,0,0
1633,2026-07-14 22:27:00,\Device\HarddiskVolume3\Windows\System32\svchost.exe [NetworkServiceNetworkRestricted],,,NetworkService,S-1-5-20,,9,365,0,0,0,0,0,0,0,36000000000,0,0,982,279294047,0,0,0
1634,2026-07-14 22:27:00,\Device\HarddiskVolume3\Windows\System32\wbem\WmiPrvSE.exe,,,NetworkService,S-1-5-20,,9,333,0,0,0,0,0,0,0,2400000000,2070528,380928,5217,2170880731,0,91,91
1635,2026-07-14 22:27:00,\Device\HarddiskVolume3\Windows\System32\sppsvc.exe,,,NetworkService,S-1-5-20,,9,361,0,0,0,0,0,0,0,1200000000,0,0,3,734789,0,0,0
1636,2026-07-14 22:27:00,\Device\HarddiskVolume3\Windows\System32\svchost.exe [LocalServiceNetworkRestricted],,,LocalService,S-1-5-19,,6,368,0,0,0,0,0,0,0,347399850000,786432,167936,5053,1315972051,3,12,19
1637,2026-07-14 22:27:00,\Device\HarddiskVolume3\Windows\System32\svchost.exe [LocalService],,,LocalService,S-1-5-19,,6,367,0,0,0,0,0,0,0,252000000000,48642560,8126976,212416,64533964844,63,690,1237
1638,2026-07-14 22:27:00,\Device\HarddiskVolume3\Windows\System32\svchost.exe [LocalServiceNoNetwork],,,LocalService,S-1-5-19,,6,366,0,0,0,0,0,0,0,72000000000,0,0,1591,485021242,0,0,0
1639,2026-07-14 22:27:00,\Device\HarddiskVolume3\Windows\System32\svchost.exe [LocalServiceNoNetworkFirewall],,,LocalService,S-1-5-19,,6,369,0,0,0,0,0,0,0,36000000000,0,0,265,61722279,0,0,0
1640,2026-07-14 22:27:00,\Device\HarddiskVolume3\Windows\System32\svchost.exe [LocalServiceAndNoImpersonation],,,LocalService,S-1-5-19,,6,371,0,0,0,0,0,0,0,36000000000,0,0,1151,159822705,0,0,0
1641,2026-07-14 22:27:00,\Device\HarddiskVolume3\ProgramData\Microsoft\Windows Defender\Platform\4.18.26060.3008-0\NisSrv.exe,,,LocalService,S-1-5-19,,6,1093,0,0,0,0,0,0,0,36000000000,13091840,1556480,122400,155870679505,0,312,380
1642,2026-07-14 22:27:00,\Device\HarddiskVolume3\Windows\System32\dwm.exe,,,UnknownOrUserSid,S-1-5-90-0-1,,13,33,0,0,0,0,0,0,0,36000000000,0,0,2442,552357541,0,0,0
1695,2026-07-14 23:27:00,Microsoft.AAD.BrokerPlugin_1000.19580.1000.0_neutral_neutral_cw5n1h2txyewy,,,UnknownOrUserSid,S-1-5-21-2395961029-2893071609-3470587398-1000,,60,373,0,12288,657,286863371,1,0,3,0,0,0,0,0,0,0,0
1696,2026-07-14 23:27:00,Microsoft.Windows.StartMenuExperienceHost_10.0.26100.1301_neutral_neutral_cw5n1h2txyewy,,,UnknownOrUserSid,S-1-5-21-2395961029-2893071609-3470587398-1000,,60,284,0,0,221,60773727,0,0,0,35999924208,0,0,563,181318663,0,0,0
1697,2026-07-14 23:27:00,MicrosoftWindows.Client.CBS_1000.26100.18.0_x64__cw5n1h2txyewy,,,UnknownOrUserSid,S-1-5-21-2395961029-2893071609-3470587398-1000,,60,295,0,196608,2302,977729565,0,0,48,0,0,0,0,0,0,0,0
1698,2026-07-14 23:27:00,\Device\HarddiskVolume3\Windows\System32\dllhost.exe,,,UnknownOrUserSid,S-1-5-21-2395961029-2893071609-3470587398-1000,,60,351,0,0,0,0,0,0,0,7200000000,0,0,26,6771829,0,0,0
1699,2026-07-14 23:27:00,\Device\HarddiskVolume3\Windows\System32\sihost.exe,,,UnknownOrUserSid,S-1-5-21-2395961029-2893071609-3470587398-1000,,60,375,0,0,0,0,0,0,0,36000000000,0,90112,183,110846584,0,0,22
1700,2026-07-14 23:27:00,\Device\HarddiskVolume3\Windows\System32\svchost.exe,,,UnknownOrUserSid,S-1-5-21-2395961029-2893071609-3470587398-1000,,60,376,0,0,0,0,0,0,0,225600000000,0,36864,3684,2154402151,0,0,9
1701,2026-07-14 23:27:00,\Device\HarddiskVolume3\Windows\System32\taskhostw.exe,,,UnknownOrUserSid,S-1-5-21-2395961029-2893071609-3470587398-1000,,60,348,0,0,0,0,0,0,0,9000000000,0,0,50,17249838,0,0,0
1702,2026-07-14 23:27:00,\Device\HarddiskVolume3\Windows\System32\ShellHost.exe,,,UnknownOrUserSid,S-1-5-21-2395961029-2893071609-3470587398-1000,,60,378,0,0,0,0,0,0,0,32400000000,0,8192,435,98230782,0,0,2
1703,2026-07-14 23:27:00,\Device\HarddiskVolume3\Windows\explorer.exe,,,UnknownOrUserSid,S-1-5-21-2395961029-2893071609-3470587398-1000,,60,379,0,0,0,0,0,0,0,36000000000,0,0,319,85434524,0,0,0
1704,2026-07-14 23:27:00,Microsoft.Windows.ShellExperienceHost_10.0.26100.1301_neutral_neutral_cw5n1h2txyewy,,,UnknownOrUserSid,S-1-5-21-2395961029-2893071609-3470587398-1000,,60,1056,0,0,184,49879788,0,0,0,0,0,0,0,0,0,0,0
1705,2026-07-14 23:27:00,\Device\HarddiskVolume3\Windows\System32\conhost.exe,,,UnknownOrUserSid,S-1-5-21-2395961029-2893071609-3470587398-1000,,60,349,0,0,0,0,0,0,0,36000000000,0,0,119,41370321,0,0,0
1706,2026-07-14 23:27:00,\Device\HarddiskVolume3\Windows\System32\WindowsPowerShell\v1.0\powershell.exe,,,UnknownOrUserSid,S-1-5-21-2395961029-2893071609-3470587398-1000,,60,383,0,0,0,0,0,0,0,1200000000,0,0,722,69182971,0,0,0
1707,2026-07-14 23:27:00,System,,,LocalSystem,S-1-5-18,,4,29,0,8192,349,133093493,0,0,2,0,0,0,0,0,0,0,0
1708,2026-07-14 23:27:00,\Device\HarddiskVolume3\Windows\System32\csrss.exe,,,LocalSystem,S-1-5-18,,4,313,0,0,6,2238704,0,0,0,71400000000,0,7057408,27653,11954559425,85,0,579
1709,2026-07-14 23:27:00,\Device\HarddiskVolume3\Windows\System32\wininit.exe,,,LocalSystem,S-1-5-18,,4,314,0,0,0,0,0,0,0,36000000000,0,102400,9116,1279545150,3,0,21
1710,2026-07-14 23:27:00,\Device\HarddiskVolume3\Windows\System32\services.exe,,,LocalSystem,S-1-5-18,,4,31,0,0,0,0,0,0,0,36000000000,0,0,4626,533442302,0,0,0
1711,2026-07-14 23:27:00,\Device\HarddiskVolume3\Windows\System32\lsass.exe,,,LocalSystem,S-1-5-18,,4,315,0,0,0,0,0,0,0,36000000000,0,0,5552,1011154567,0,0,0
1712,2026-07-14 23:27:00,\Device\HarddiskVolume3\Windows\System32\svchost.exe [DcomLaunch],,,LocalSystem,S-1-5-18,,4,30,0,0,0,0,0,0,0,81000000000,0,24576,8704,1891840113,0,0,6
1713,2026-07-14 23:27:00,\Device\HarddiskVolume3\Windows\System32\fontdrvhost.exe,,,LocalSystem,S-1-5-18,,4,316,0,0,0,0,0,0,0,1800000000,0,0,240,51557167,0,0,0
1714,2026-07-14 23:27:00,\Device\HarddiskVolume3\Windows\System32\svchost.exe [LocalSystemNetworkRestricted],,,LocalSystem,S-1-5-18,,4,323,0,0,0,0,0,0,0,268200000000,0,262144,9436,3081127859,0,0,63
1715,2026-07-14 23:27:00,\Device\HarddiskVolume3\Windows\System32\svchost.exe [netsvcs],,,LocalSystem,S-1-5-18,,4,317,0,0,0,0,0,0,0,559200000000,233984,446464,8092,4511008537,2,2,72
1716,2026-07-14 23:27:00,\Device\HarddiskVolume3\Windows\System32\svchost.exe [GPSvcGroup],,,LocalSystem,S-1-5-18,,4,357,0,0,0,0,0,0,0,20400000000,0,0,10806,1053438400,0,0,0
1717,2026-07-14 23:27:00,\Device\HarddiskVolume3\Windows\System32\svchost.exe [UserProfileService],,,LocalSystem,S-1-5-18,,4,318,0,0,0,0,0,0,0,36000000000,0,40960,246,97160659,1,0,10
1718,2026-07-14 23:27:00,Memory Compression,,,LocalSystem,S-1-5-18,,4,336,0,0,0,0,0,0,0,15600000000,0,180224,1068,655394470,0,0,30
1719,2026-07-14 23:27:00,\Device\HarddiskVolume3\Windows\System32\svchost.exe [utcsvc],,,LocalSystem,S-1-5-18,,4,330,0,0,0,0,0,0,0,31200000000,0,1503232,6281,2506824438,0,0,353
1720,2026-07-14 23:27:00,\Device\HarddiskVolume3\Windows\System32\svchost.exe [NetSvcs],,,LocalSystem,S-1-5-18,,4,331,0,0,0,0,0,0,0,36000000000,0,155648,771,327975469,3,0,38
1721,2026-07-14 23:27:00,\Device\HarddiskVolume3\Windows\System32\svchost.exe [appmodel],,,LocalSystem,S-1-5-18,,4,326,0,0,0,0,0,0,0,36000000000,0,65536,331,122359328,1,0,14
1722,2026-07-14 23:27:00,\Device\HarddiskVolume3\Windows\System32\AggregatorHost.exe,,,LocalSystem,S-1-5-18,,4,332,0,0,0,0,0,0,0,12600000000,0,0,54,12889112,0,0,0
1723,2026-07-14 23:27:00,\Device\HarddiskVolume3\Program Files (x86)\Microsoft\EdgeUpdate\MicrosoftEdgeUpdate.exe,,,LocalSystem,S-1-5-18,,4,342,0,0,0,0,0,0,0,2400000000,0,0,8,1835397,0,0,0
1724,2026-07-14 23:27:00,\Device\HarddiskVolume3\Windows\System32\svchost.exe [wsappx],,,LocalSystem,S-1-5-18,,4,325,0,0,0,0,0,0,0,3000000000,0,0,10,3196698,0,0,0
1725,2026-07-14 23:27:00,\Device\HarddiskVolume3\Windows\System32\svchost.exe [osprivacy],,,LocalSystem,S-1-5-18,,4,346,0,0,0,0,0,0,0,36000000000,0,0,1721,617217295,0,0,0
1726,2026-07-14 23:27:00,\Device\HarddiskVolume3\Windows\System32\SecurityHealthService.exe,,,LocalSystem,S-1-5-18,,4,354,0,0,0,0,0,0,0,36000000000,0,0,113,33920127,0,0,0
1727,2026-07-14 23:27:00,System Interrupts,,,LocalSystem,S-1-5-18,,4,28,0,0,0,0,0,0,0,36000000000,0,81920,10507,1132343954,0,0,19
1728,2026-07-14 23:27:00,Registry,,,LocalSystem,S-1-5-18,,4,335,0,0,451,86332267,0,0,0,24000000000,2048,890880,56383,25308407781,0,4,80
1729,2026-07-14 23:27:00,\Device\HarddiskVolume3\Windows\System32\smss.exe,,,LocalSystem,S-1-5-18,,4,312,0,0,0,0,0,0,0,600000000,0,73728,2261,861529201,0,0,18
1730,2026-07-14 23:27:00,\Device\HarddiskVolume3\Windows\System32\svchost.exe [wusvcs],,,LocalSystem,S-1-5-18,,4,337,0,0,0,0,0,0,0,600000000,0,0,1,244229,0,0,0
1731,2026-07-14 23:27:00,\Device\HarddiskVolume3\Windows\System32\SearchIndexer.exe,,,LocalSystem,S-1-5-18,,4,338,0,0,0,0,0,0,0,36000000000,0,0,293,94004620,0,0,0
1732,2026-07-14 23:27:00,\Device\HarddiskVolume3\Windows\UUS\amd64\MoUsoCoreWorker.exe,,,LocalSystem,S-1-5-18,,4,356,0,0,0,0,0,0,0,17400000000,0,0,249,55814864,0,0,0
1733,2026-07-14 23:27:00,\Device\HarddiskVolume3\ProgramData\Microsoft\Windows Defender\Platform\4.18.26060.3008-0\MsMpEng.exe,,,LocalSystem,S-1-5-18,,4,1081,0,0,0,0,0,0,0,36000000000,0,606208,1425,1160680012,33,0,148
1734,2026-07-14 23:27:00,\Device\HarddiskVolume3\ProgramData\Microsoft\Windows Defender\Platform\4.18.26060.3008-0\MpDefenderCoreService.exe,,,LocalSystem,S-1-5-18,,4,1078,0,0,0,0,0,0,0,36000000000,0,32768,8978,3438576578,0,0,8
1735,2026-07-14 23:27:00,\Device\HarddiskVolume3\Windows\System32\svchost.exe [InvSvcGroup],,,LocalSystem,S-1-5-18,,4,344,0,0,0,0,0,0,0,10200000000,0,0,42,15903251,0,0,0
1736,2026-07-14 23:27:00,\Device\HarddiskVolume3\Windows\System32\svchost.exe [RPCSS],,,NetworkService,S-1-5-20,,9,26,0,0,0,0,0,0,0,36000000000,0,0,5201,978906840,0,0,0
1737,2026-07-14 23:27:00,\Device\HarddiskVolume3\Windows\System32\svchost.exe [NetworkService],,,NetworkService,S-1-5-20,,9,363,0,0,0,0,0,0,0,180000000000,0,344064,9919,1637105207,18,0,52
1738,2026-07-14 23:27:00,\Device\HarddiskVolume3\Windows\System32\svchost.exe [netprofm],,,NetworkService,S-1-5-20,,9,362,0,0,0,0,0,0,0,36000000000,0,0,272,63471805,0,0,0
1739,2026-07-14 23:27:00,\Device\HarddiskVolume3\Windows\System32\svchost.exe [NetworkServiceNetworkRestricted],,,NetworkService,S-1-5-20,,9,365,0,0,0,0,0,0,0,36000000000,0,0,512,148751467,0,0,0
1740,2026-07-14 23:27:00,\Device\HarddiskVolume3\Windows\System32\sppsvc.exe,,,NetworkService,S-1-5-20,,9,361,0,0,0,0,0,0,0,600000000,0,0,2,539616,0,0,0
1741,2026-07-14 23:27:00,\Device\HarddiskVolume3\Windows\System32\svchost.exe [LocalServiceNetworkRestricted],,,LocalService,S-1-5-19,,6,368,0,0,0,0,0,0,0,348000000000,0,8192,3776,1163689609,0,0,2
1742,2026-07-14 23:27:00,\Device\HarddiskVolume3\Windows\System32\svchost.exe [LocalService],,,LocalService,S-1-5-19,,6,367,0,0,0,0,0,0,0,252000000000,0,1032704,3807,1504499863,44,0,240
1743,2026-07-14 23:27:00,\Device\HarddiskVolume3\Windows\System32\svchost.exe [LocalServiceNoNetwork],,,LocalService,S-1-5-19,,6,366,0,0,0,0,0,0,0,72000000000,0,0,1062,345793989,0,0,0
1744,2026-07-14 23:27:00,\Device\HarddiskVolume3\Windows\System32\svchost.exe [LocalServiceNoNetworkFirewall],,,LocalService,S-1-5-19,,6,369,0,0,0,0,0,0,0,36000000000,0,0,228,64210102,0,0,0
1745,2026-07-14 23:27:00,\Device\HarddiskVolume3\Windows\System32\svchost.exe [LocalServiceAndNoImpersonation],,,LocalService,S-1-5-19,,6,371,0,0,0,0,0,0,0,36000000000,0,0,284,82739600,0,0,0
1746,2026-07-14 23:27:00,\Device\HarddiskVolume3\ProgramData\Microsoft\Windows Defender\Platform\4.18.26060.3008-0\NisSrv.exe,,,LocalService,S-1-5-19,,6,1093,0,0,0,0,0,0,0,36000000000,0,65536,2536,880467556,0,0,16
1747,2026-07-14 23:27:00,\Device\HarddiskVolume3\Windows\System32\dwm.exe,,,UnknownOrUserSid,S-1-5-90-0-1,,13,33,0,0,0,0,0,0,0,36000000000,0,0,2096,601397846,0,0,0
1757,2026-07-15 00:27:00,Microsoft.AAD.BrokerPlugin_1000.19580.1000.0_neutral_neutral_cw5n1h2txyewy,,,UnknownOrUserSid,S-1-5-21-2395961029-2893071609-3470587398-1000,,60,373,0,57344,611,240356887,1,0,14,0,0,0,0,0,0,0,0
1758,2026-07-15 00:27:00,Microsoft.Windows.StartMenuExperienceHost_10.0.26100.1301_neutral_neutral_cw5n1h2txyewy,,,UnknownOrUserSid,S-1-5-21-2395961029-2893071609-3470587398-1000,,60,284,0,0,287,73726608,0,0,0,35999963637,282624,24576,1257,358568166,0,9,6
1759,2026-07-15 00:27:00,MicrosoftWindows.Client.CBS_1000.26100.18.0_x64__cw5n1h2txyewy,,,UnknownOrUserSid,S-1-5-21-2395961029-2893071609-3470587398-1000,,60,295,0,212992,4934,1504824338,0,0,52,0,0,0,0,0,0,0,0
1760,2026-07-15 00:27:00,\Device\HarddiskVolume3\Windows\System32\dllhost.exe,,,UnknownOrUserSid,S-1-5-21-2395961029-2893071609-3470587398-1000,,60,351,0,0,0,0,0,0,0,9599840000,0,0,197,25145407,0,0,0
1761,2026-07-15 00:27:00,\Device\HarddiskVolume3\Windows\System32\sihost.exe,,,UnknownOrUserSid,S-1-5-21-2395961029-2893071609-3470587398-1000,,60,375,0,0,0,0,0,0,0,35999840000,0,77824,243,111002526,0,0,19
1762,2026-07-15 00:27:00,\Device\HarddiskVolume3\Windows\System32\svchost.exe,,,UnknownOrUserSid,S-1-5-21-2395961029-2893071609-3470587398-1000,,60,376,0,0,0,0,0,0,0,223198720000,509440,147456,13781,4582686695,0,23,36
1763,2026-07-15 00:27:00,\Device\HarddiskVolume3\Windows\System32\taskhostw.exe,,,UnknownOrUserSid,S-1-5-21-2395961029-2893071609-3470587398-1000,,60,348,0,0,0,0,0,0,0,13799840000,0,86016,951,321251271,0,0,21
1764,2026-07-15 00:27:00,\Device\HarddiskVolume3\Windows\System32\ShellHost.exe,,,UnknownOrUserSid,S-1-5-21-2395961029-2893071609-3470587398-1000,,60,378,0,0,0,0,0,0,0,32999840000,0,0,3778,395732971,0,0,0
1765,2026-07-15 00:27:00,\Device\HarddiskVolume3\Windows\explorer.exe,,,UnknownOrUserSid,S-1-5-21-2395961029-2893071609-3470587398-1000,,60,379,0,0,0,0,0,0,0,35999840000,0,0,425,87962309,0,0,0
1766,2026-07-15 00:27:00,\Device\HarddiskVolume3\Windows\System32\ctfmon.exe,,,UnknownOrUserSid,S-1-5-21-2395961029-2893071609-3470587398-1000,,60,328,0,0,0,0,0,0,0,5399680000,0,0,57,7926752,0,0,0
1767,2026-07-15 00:27:00,\Device\HarddiskVolume3\Windows\System32\smartscreen.exe,,,UnknownOrUserSid,S-1-5-21-2395961029-2893071609-3470587398-1000,,60,382,0,0,0,0,0,0,0,3600000000,126976,135168,8584,1005520076,0,8,33
1768,2026-07-15 00:27:00,\Device\HarddiskVolume3\Windows\System32\SecurityHealthSystray.exe,,,UnknownOrUserSid,S-1-5-21-2395961029-2893071609-3470587398-1000,,60,387,0,0,0,0,0,0,0,4199680000,0,0,234,46157484,0,0,0
1769,2026-07-15 00:27:00,Microsoft.Windows.ShellExperienceHost_10.0.26100.1301_neutral_neutral_cw5n1h2txyewy,,,UnknownOrUserSid,S-1-5-21-2395961029-2893071609-3470587398-1000,,60,1056,135168,16384,538,137856491,0,3,4,166229298,86016,16384,791,256217054,0,5,4
1770,2026-07-15 00:27:00,\Device\HarddiskVolume3\Windows\System32\conhost.exe,,,UnknownOrUserSid,S-1-5-21-2395961029-2893071609-3470587398-1000,,60,349,0,0,0,0,0,0,0,37200000000,0,0,186,51373181,0,0,0
1771,2026-07-15 00:27:00,\Device\HarddiskVolume3\Windows\System32\cmd.exe,,,UnknownOrUserSid,S-1-5-21-2395961029-2893071609-3470587398-1000,,60,514,0,0,0,0,0,0,0,600000000,0,0,5,679077,0,0,0
1772,2026-07-15 00:27:00,\Device\HarddiskVolume3\dfir\tools\git\bin\bash.exe,,,UnknownOrUserSid,S-1-5-21-2395961029-2893071609-3470587398-1000,,60,1108,0,0,0,0,0,0,0,600000000,0,12288,60,37454954,0,0,3
1773,2026-07-15 00:27:00,\Device\HarddiskVolume3\dfir\tools\git\usr\bin\bash.exe,,,UnknownOrUserSid,S-1-5-21-2395961029-2893071609-3470587398-1000,,60,1099,0,0,0,0,0,0,0,6000800000,0,204800,28977,3518356749,0,0,50
1774,2026-07-15 00:27:00,\Device\HarddiskVolume3\dfir\tools\git\usr\bin\timeout.exe,,,UnknownOrUserSid,S-1-5-21-2395961029-2893071609-3470587398-1000,,60,1112,0,0,0,0,0,0,0,1200160000,0,16384,164,130663474,0,0,4
1775,2026-07-15 00:27:00,\Device\HarddiskVolume3\Windows\System32\WindowsPowerShell\v1.0\powershell.exe,,,UnknownOrUserSid,S-1-5-21-2395961029-2893071609-3470587398-1000,,60,383,0,0,0,0,0,0,0,7200000000,0,0,3987,329568716,0,0,0
1776,2026-07-15 00:27:00,\Device\HarddiskVolume3\dfir\Python\Scripts\vol.exe,,,UnknownOrUserSid,S-1-5-21-2395961029-2893071609-3470587398-1000,,60,1329,0,0,0,0,0,0,0,600160000,0,0,63,66761013,0,0,0
1777,2026-07-15 00:27:00,\Device\HarddiskVolume3\dfir\Python\python.exe,,,UnknownOrUserSid,S-1-5-21-2395961029-2893071609-3470587398-1000,,60,392,0,0,0,0,0,0,0,600160000,0,0,12,15044777,0,0,0
1778,2026-07-15 00:27:00,\Device\HarddiskVolume3\dfir\tools\chainsaw\chainsaw.exe,,,UnknownOrUserSid,S-1-5-21-2395961029-2893071609-3470587398-1000,,60,1313,0,0,0,0,0,0,0,600000000,0,0,415,190375824,0,0,0
1779,2026-07-15 00:27:00,\Device\HarddiskVolume3\Windows\UUS\amd64\MoNotificationUx.exe,,,UnknownOrUserSid,S-1-5-21-2395961029-2893071609-3470587398-1000,,60,1539,0,0,0,0,0,0,0,12600000000,326144,2031616,1807,976668503,0,12,496
1780,2026-07-15 00:27:00,\Device\HarddiskVolume3\Windows\System32\PickerHost.exe,,,UnknownOrUserSid,S-1-5-21-2395961029-2893071609-3470587398-1000,,60,1666,0,0,0,0,0,0,0,5400000000,0,12288,185,147004711,0,0,3
1781,2026-07-15 00:27:00,System,,,LocalSystem,S-1-5-18,,4,29,0,16384,931,302611391,1,0,4,0,0,0,0,0,0,0,0
1782,2026-07-15 00:27:00,\Device\HarddiskVolume3\Windows\System32\csrss.exe,,,LocalSystem,S-1-5-18,,4,313,0,0,0,0,0,0,0,71999680000,929280,7549440,229489,30533019152,116,33,848
1783,2026-07-15 00:27:00,\Device\HarddiskVolume3\Windows\System32\wininit.exe,,,LocalSystem,S-1-5-18,,4,314,0,0,0,0,0,0,0,35999840000,0,888832,5820,441706870,7,0,12
1784,2026-07-15 00:27:00,\Device\HarddiskVolume3\Windows\System32\services.exe,,,LocalSystem,S-1-5-18,,4,31,0,0,0,0,0,0,0,35999840000,196608,135168,13660,1881038335,0,1,33
1785,2026-07-15 00:27:00,\Device\HarddiskVolume3\Windows\System32\lsass.exe,,,LocalSystem,S-1-5-18,,4,315,0,0,0,0,0,0,0,35999840000,153600,12288,17838,2221702121,0,8,3
1786,2026-07-15 00:27:00,\Device\HarddiskVolume3\Windows\System32\svchost.exe [DcomLaunch],,,LocalSystem,S-1-5-18,,4,30,0,0,0,0,0,0,0,79199360000,40960,65536,43318,5989277780,0,1,16
1787,2026-07-15 00:27:00,\Device\HarddiskVolume3\Windows\System32\fontdrvhost.exe,,,LocalSystem,S-1-5-18,,4,316,0,0,0,0,0,0,0,5399840000,0,8192,2743,413957994,0,0,2
1788,2026-07-15 00:27:00,\Device\HarddiskVolume3\Windows\System32\svchost.exe [LocalSystemNetworkRestricted],,,LocalSystem,S-1-5-18,,4,323,0,0,0,0,0,0,0,277798240000,1204736,909312,24197,6380304779,0,31,213
1789,2026-07-15 00:27:00,\Device\HarddiskVolume3\Windows\System32\svchost.exe [netsvcs],,,LocalSystem,S-1-5-18,,4,317,0,0,0,0,0,0,0,555597760000,1222656,1748992,26592,10147077683,11,31,241
1790,2026-07-15 00:27:00,\Device\HarddiskVolume3\Windows\System32\svchost.exe [GPSvcGroup],,,LocalSystem,S-1-5-18,,4,357,0,0,0,0,0,0,0,22199680000,0,0,6183,584246816,0,0,0
1791,2026-07-15 00:27:00,\Device\HarddiskVolume3\Windows\System32\svchost.exe [UserProfileService],,,LocalSystem,S-1-5-18,,4,318,0,0,0,0,0,0,0,35999840000,65536,623104,640,195041756,20,1,108
1792,2026-07-15 00:27:00,Memory Compression,,,LocalSystem,S-1-5-18,,4,336,0,0,0,0,0,0,0,16199840000,0,0,4717,2573202036,0,0,0
1793,2026-07-15 00:27:00,\Device\HarddiskVolume3\Windows\System32\spoolsv.exe,,,LocalSystem,S-1-5-18,,4,329,0,0,0,0,0,0,0,2999840000,0,0,44,6409523,0,0,0
1794,2026-07-15 00:27:00,\Device\HarddiskVolume3\Windows\System32\svchost.exe [utcsvc],,,LocalSystem,S-1-5-18,,4,330,0,0,0,0,0,0,0,33600160000,131072,1355776,6499,2550243767,0,2,285
1795,2026-07-15 00:27:00,\Device\HarddiskVolume3\Windows\System32\svchost.exe [NetSvcs],,,LocalSystem,S-1-5-18,,4,331,0,0,0,0,0,0,0,35999840000,0,344064,1922,722977538,11,0,84
1796,2026-07-15 00:27:00,\Device\HarddiskVolume3\Windows\System32\svchost.exe [appmodel],,,LocalSystem,S-1-5-18,,4,326,0,0,0,0,0,0,0,35999840000,0,0,2758,363935577,0,0,0
1797,2026-07-15 00:27:00,\Device\HarddiskVolume3\Windows\System32\AggregatorHost.exe,,,LocalSystem,S-1-5-18,,4,332,0,0,0,0,0,0,0,14999840000,0,0,113,26169279,0,0,0
1798,2026-07-15 00:27:00,\Device\HarddiskVolume3\Program Files (x86)\Microsoft\EdgeUpdate\MicrosoftEdgeUpdate.exe,,,LocalSystem,S-1-5-18,,4,342,0,0,0,0,0,0,0,2999840000,0,0,16,3604214,0,0,0
1799,2026-07-15 00:27:00,\Device\HarddiskVolume3\Windows\System32\svchost.exe [wsappx],,,LocalSystem,S-1-5-18,,4,325,0,0,0,0,0,0,0,3000000000,0,0,10,3323895,0,0,0
1800,2026-07-15 00:27:00,\Device\HarddiskVolume3\Windows\System32\svchost.exe [osprivacy],,,LocalSystem,S-1-5-18,,4,346,0,0,0,0,0,0,0,35999840000,5787648,425984,14632,3821856591,0,103,69
1801,2026-07-15 00:27:00,\Device\HarddiskVolume3\Windows\System32\SecurityHealthService.exe,,,LocalSystem,S-1-5-18,,4,354,0,0,0,0,0,0,0,35999840000,126976,0,1407,309904991,0,4,0
1802,2026-07-15 00:27:00,System Interrupts,,,LocalSystem,S-1-5-18,,4,28,0,0,0,0,0,0,0,35999840000,489984,15958016,11180,51870995917,12,35,629
1803,2026-07-15 00:27:00,Registry,,,LocalSystem,S-1-5-18,,4,335,0,188416,1036,533539703,0,0,46,24166069298,18001408,11792896,168783,43775515769,57,246,544
1804,2026-07-15 00:27:00,\Device\HarddiskVolume3\Windows\System32\smss.exe,,,LocalSystem,S-1-5-18,,4,312,0,0,7,1603080,0,0,0,0,0,0,0,0,0,0,0
1805,2026-07-15 00:27:00,\Device\HarddiskVolume3\Windows\System32\svchost.exe [wusvcs],,,LocalSystem,S-1-5-18,,4,337,0,0,0,0,0,0,0,1800000000,0,16384,139,47815574,0,0,4
1806,2026-07-15 00:27:00,\Device\HarddiskVolume3\Windows\System32\SearchIndexer.exe,,,LocalSystem,S-1-5-18,,4,338,0,0,0,0,0,0,0,35999840000,0,0,1412,238658089,0,0,0
1807,2026-07-15 00:27:00,\Device\HarddiskVolume3\Windows\servicing\TrustedInstaller.exe,,,LocalSystem,S-1-5-18,,4,327,0,0,0,0,0,0,0,1200000000,0,36864,963,172828508,0,0,9
1808,2026-07-15 00:27:00,\Device\HarddiskVolume3\Windows\UUS\amd64\MoUsoCoreWorker.exe,,,LocalSystem,S-1-5-18,,4,356,0,0,0,0,0,0,0,22199840000,0,0,651,142840580,0,0,0
1809,2026-07-15 00:27:00,\Device\HarddiskVolume3\ProgramData\Microsoft\Windows Defender\Platform\4.18.26060.3008-0\MsMpEng.exe,,,LocalSystem,S-1-5-18,,4,1081,0,0,0,0,0,0,0,35999840000,459776,2326528,5496,4395682865,153,33,568
1810,2026-07-15 00:27:00,\Device\HarddiskVolume3\ProgramData\Microsoft\Windows Defender\Platform\4.18.26060.3008-0\MpDefenderCoreService.exe,,,LocalSystem,S-1-5-18,,4,1078,0,0,0,0,0,0,0,35999840000,24700928,712704,173130,51885617689,0,252,162
1811,2026-07-15 00:27:00,\Device\HarddiskVolume3\Windows\System32\msiexec.exe,,,LocalSystem,S-1-5-18,,4,358,0,0,0,0,0,0,0,3000000000,65536,8192,93,59793650,0,1,2
1812,2026-07-15 00:27:00,\Device\HarddiskVolume3\Windows\System32\svchost.exe [InvSvcGroup],,,LocalSystem,S-1-5-18,,4,344,0,0,0,0,0,0,0,10799840000,188416,0,113,511738178,0,10,0
1813,2026-07-15 00:27:00,\Device\HarddiskVolume3\Windows\System32\svchost.exe [WerSvcGroup],,,LocalSystem,S-1-5-18,,4,340,0,0,0,0,0,0,0,1200000000,0,0,24,4614766,0,0,0
1814,2026-07-15 00:27:00,\Device\HarddiskVolume3\Windows\WinSxS\amd64_microsoft-windows-servicingstack_31bf3856ad364e35_10.0.26100.8648_none_a50ef8e3775e8e5e\TiWorker.exe,,,LocalSystem,S-1-5-18,,4,1538,0,0,0,0,0,0,0,1200000000,0,36864,778,88577261,0,0,9
1815,2026-07-15 00:27:00,\Device\HarddiskVolume3\Windows\System32\svchost.exe [RPCSS],,,NetworkService,S-1-5-20,,9,26,0,0,0,0,0,0,0,35999840000,477696,40960,7297,1484012680,0,8,10
1816,2026-07-15 00:27:00,\Device\HarddiskVolume3\Windows\System32\svchost.exe [NetworkService],,,NetworkService,S-1-5-20,,9,363,0,0,0,0,0,0,0,179999200000,73728,1339392,18837,2881175073,56,7,139
1817,2026-07-15 00:27:00,\Device\HarddiskVolume3\Windows\System32\svchost.exe [netprofm],,,NetworkService,S-1-5-20,,9,362,0,0,0,0,0,0,0,35999840000,0,0,844,132288623,0,0,0
1818,2026-07-15 00:27:00,\Device\HarddiskVolume3\Windows\System32\svchost.exe [NetworkServiceNetworkRestricted],,,NetworkService,S-1-5-20,,9,365,0,0,0,0,0,0,0,35999840000,0,0,1517,385904997,0,0,0
1819,2026-07-15 00:27:00,\Device\HarddiskVolume3\Windows\System32\wbem\WmiPrvSE.exe,,,NetworkService,S-1-5-20,,9,333,0,0,0,0,0,0,0,2400160000,0,24576,242,102703985,0,0,5
1820,2026-07-15 00:27:00,\Device\HarddiskVolume3\Windows\System32\sppsvc.exe,,,NetworkService,S-1-5-20,,9,361,0,0,0,0,0,0,0,1799840000,16384,8192,130,56076617,0,3,2
1821,2026-07-15 00:27:00,\Device\HarddiskVolume3\Windows\System32\SppExtComObj.Exe,,,NetworkService,S-1-5-20,,9,364,0,0,0,0,0,0,0,1799840000,565248,1110016,1550,5167515919,2,27,96
1822,2026-07-15 00:27:00,\Device\HarddiskVolume3\Windows\System32\slui.exe,,,NetworkService,S-1-5-20,,9,501,0,0,0,0,0,0,0,1200320000,971776,90112,285,229408997,0,33,22
1823,2026-07-15 00:27:00,\Device\HarddiskVolume3\Windows\System32\svchost.exe [LocalServiceNetworkRestricted],,,LocalService,S-1-5-19,,6,368,0,0,0,0,0,0,0,351597600000,393216,143360,23972,6090652802,0,11,34
1824,2026-07-15 00:27:00,\Device\HarddiskVolume3\Windows\System32\svchost.exe [LocalService],,,LocalService,S-1-5-19,,6,367,0,0,0,0,0,0,0,269398880000,940032,2757120,13189,4745310555,72,48,438
1825,2026-07-15 00:27:00,\Device\HarddiskVolume3\Windows\System32\svchost.exe [LocalServiceNoNetwork],,,LocalService,S-1-5-19,,6,366,0,0,0,0,0,0,0,71999680000,0,0,1177,393718532,0,0,0
1826,2026-07-15 00:27:00,\Device\HarddiskVolume3\Windows\System32\svchost.exe [LocalServiceNoNetworkFirewall],,,LocalService,S-1-5-19,,6,369,0,0,0,0,0,0,0,35999840000,0,0,215,47517037,0,0,0
1827,2026-07-15 00:27:00,\Device\HarddiskVolume3\Windows\System32\svchost.exe [LocalServiceAndNoImpersonation],,,LocalService,S-1-5-19,,6,371,0,0,0,0,0,0,0,35999840000,0,57344,4010,628826090,0,0,14
1828,2026-07-15 00:27:00,\Device\HarddiskVolume3\ProgramData\Microsoft\Windows Defender\Platform\4.18.26060.3008-0\NisSrv.exe,,,LocalService,S-1-5-19,,6,1093,0,0,0,0,0,0,0,35999840000,26169344,6557696,198265,67011404272,1,382,902
1829,2026-07-15 00:27:00,\Device\HarddiskVolume3\Windows\System32\dwm.exe,,,UnknownOrUserSid,S-1-5-90-0-1,,13,33,0,0,0,0,0,0,0,35999840000,67072,8192,31498,5008284329,0,5,2
1883,2026-07-15 00:32:00,Microsoft.AAD.BrokerPlugin_1000.19580.1000.0_neutral_neutral_cw5n1h2txyewy,,,UnknownOrUserSid,S-1-5-21-2395961029-2893071609-3470587398-1000,,60,373,0,4096,695,291307128,1,0,1,0,0,0,0,0,0,0,0
1884,2026-07-15 00:32:00,Microsoft.Windows.StartMenuExperienceHost_10.0.26100.1301_neutral_neutral_cw5n1h2txyewy,,,UnknownOrUserSid,S-1-5-21-2395961029-2893071609-3470587398-1000,,60,284,0,0,9,2546006,0,0,0,1823470462,0,0,229,39069250,0,0,0
1885,2026-07-15 00:32:00,MicrosoftWindows.Client.CBS_1000.26100.18.0_x64__cw5n1h2txyewy,,,UnknownOrUserSid,S-1-5-21-2395961029-2893071609-3470587398-1000,,60,295,0,0,32,7166030,0,0,0,0,0,0,0,0,0,0,0
1886,2026-07-15 00:32:00,\Device\HarddiskVolume3\Windows\System32\sihost.exe,,,UnknownOrUserSid,S-1-5-21-2395961029-2893071609-3470587398-1000,,60,375,0,0,0,0,0,0,0,1800000000,0,0,10,2595761,0,0,0
1887,2026-07-15 00:32:00,\Device\HarddiskVolume3\Windows\System32\svchost.exe,,,UnknownOrUserSid,S-1-5-21-2395961029-2893071609-3470587398-1000,,60,376,0,0,0,0,0,0,0,12000160000,0,28672,272,128716637,0,0,7
1888,2026-07-15 00:32:00,\Device\HarddiskVolume3\Windows\System32\taskhostw.exe,,,UnknownOrUserSid,S-1-5-21-2395961029-2893071609-3470587398-1000,,60,348,0,0,0,0,0,0,0,1199840000,0,0,13,6978568,0,0,0
1889,2026-07-15 00:32:00,\Device\HarddiskVolume3\Windows\System32\ShellHost.exe,,,UnknownOrUserSid,S-1-5-21-2395961029-2893071609-3470587398-1000,,60,378,0,0,0,0,0,0,0,1800000000,0,0,11,4816248,0,0,0
1890,2026-07-15 00:32:00,\Device\HarddiskVolume3\Windows\explorer.exe,,,UnknownOrUserSid,S-1-5-21-2395961029-2893071609-3470587398-1000,,60,379,0,0,0,0,0,0,0,1800000000,0,0,11,4788215,0,0,0
1891,2026-07-15 00:32:00,Microsoft.Windows.ShellExperienceHost_10.0.26100.1301_neutral_neutral_cw5n1h2txyewy,,,UnknownOrUserSid,S-1-5-21-2395961029-2893071609-3470587398-1000,,60,1056,0,0,9,3391522,0,0,0,0,0,0,0,0,0,0,0
1892,2026-07-15 00:32:00,\Device\HarddiskVolume3\Windows\System32\conhost.exe,,,UnknownOrUserSid,S-1-5-21-2395961029-2893071609-3470587398-1000,,60,349,0,0,0,0,0,0,0,3000160000,0,0,730,46514891,0,0,0
1893,2026-07-15 00:32:00,\Device\HarddiskVolume3\Windows\UUS\amd64\MoNotificationUx.exe,,,UnknownOrUserSid,S-1-5-21-2395961029-2893071609-3470587398-1000,,60,1539,0,0,0,0,0,0,0,1200000000,0,0,4,1003196,0,0,0
1894,2026-07-15 00:32:00,\Device\HarddiskVolume3\Windows\System32\PickerHost.exe,,,UnknownOrUserSid,S-1-5-21-2395961029-2893071609-3470587398-1000,,60,1666,0,0,0,0,0,0,0,1199840000,0,0,7,1838199,0,0,0
1895,2026-07-15 00:32:00,System,,,LocalSystem,S-1-5-18,,4,29,0,0,9,2546006,0,0,0,1200160000,2009088,23532544,604410,53160114037,15,61,1573
1896,2026-07-15 00:32:00,\Device\HarddiskVolume3\Windows\System32\csrss.exe,,,LocalSystem,S-1-5-18,,4,313,0,0,0,0,0,0,0,6000320000,378880,114688,11941,1823963069,3,18,19
1897,2026-07-15 00:32:00,\Device\HarddiskVolume3\Windows\System32\wininit.exe,,,LocalSystem,S-1-5-18,,4,314,0,0,0,0,0,0,0,3000160000,11264,16384,512,50858102,3,2,1
1898,2026-07-15 00:32:00,\Device\HarddiskVolume3\Windows\System32\winlogon.exe,,,LocalSystem,S-1-5-18,,4,32,0,0,0,0,0,0,0,1200160000,1024512,122880,358,168210575,0,107,30
1899,2026-07-15 00:32:00,\Device\HarddiskVolume3\Windows\System32\services.exe,,,LocalSystem,S-1-5-18,,4,31,0,0,0,0,0,0,0,3000160000,35840,8192,9211,391555153,0,3,2
1900,2026-07-15 00:32:00,\Device\HarddiskVolume3\Windows\System32\lsass.exe,,,LocalSystem,S-1-5-18,,4,315,0,0,0,0,0,0,0,3000160000,0,0,1420,132363247,0,0,0
1901,2026-07-15 00:32:00,\Device\HarddiskVolume3\Windows\System32\svchost.exe [DcomLaunch],,,LocalSystem,S-1-5-18,,4,30,0,0,0,0,0,0,0,7200480000,155648,0,2977,485944156,0,3,0
1902,2026-07-15 00:32:00,\Device\HarddiskVolume3\Windows\System32\svchost.exe [LocalSystemNetworkRestricted],,,LocalSystem,S-1-5-18,,4,323,0,0,0,0,0,0,0,28801920000,8192,172032,1582,1520681356,0,1,31
1903,2026-07-15 00:32:00,\Device\HarddiskVolume3\Windows\System32\svchost.exe [netsvcs],,,LocalSystem,S-1-5-18,,4,317,0,0,0,0,0,0,0,49202720000,539648,1798144,4019,1346953792,13,33,380
1904,2026-07-15 00:32:00,\Device\HarddiskVolume3\Windows\System32\svchost.exe [GPSvcGroup],,,LocalSystem,S-1-5-18,,4,357,0,0,0,0,0,0,0,600160000,0,0,3,1576100,0,0,0
1905,2026-07-15 00:32:00,\Device\HarddiskVolume3\Windows\System32\svchost.exe [UserProfileService],,,LocalSystem,S-1-5-18,,4,318,0,0,0,0,0,0,0,3000160000,53248,208896,123,42564839,2,4,18
1906,2026-07-15 00:32:00,Memory Compression,,,LocalSystem,S-1-5-18,,4,336,0,0,0,0,0,0,0,3000160000,434176,225280,518,115059453,2,7,6
1907,2026-07-15 00:32:00,\Device\HarddiskVolume3\Windows\System32\spoolsv.exe,,,LocalSystem,S-1-5-18,,4,329,0,0,0,0,0,0,0,3000160000,0,0,28,5033499,0,0,0
1908,2026-07-15 00:32:00,\Device\HarddiskVolume3\Windows\System32\svchost.exe [utcsvc],,,LocalSystem,S-1-5-18,,4,330,0,0,0,0,0,0,0,3000160000,20480,172032,300,195630060,1,1,37
1909,2026-07-15 00:32:00,\Device\HarddiskVolume3\Windows\System32\svchost.exe [NetSvcs],,,LocalSystem,S-1-5-18,,4,331,0,0,0,0,0,0,0,3000160000,32768,36864,152,40596628,0,2,7
1910,2026-07-15 00:32:00,\Device\HarddiskVolume3\Windows\System32\svchost.exe [appmodel],,,LocalSystem,S-1-5-18,,4,326,0,0,0,0,0,0,0,3000160000,0,0,74,15660431,0,0,0
1911,2026-07-15 00:32:00,\Device\HarddiskVolume3\Windows\System32\AggregatorHost.exe,,,LocalSystem,S-1-5-18,,4,332,0,0,0,0,0,0,0,3000160000,0,0,24,5187324,0,0,0
1912,2026-07-15 00:32:00,\Device\HarddiskVolume3\Windows\System32\svchost.exe [wsappx],,,LocalSystem,S-1-5-18,,4,325,0,0,0,0,0,0,0,3000160000,0,57344,6064,3059860648,0,0,14
1913,2026-07-15 00:32:00,\Device\HarddiskVolume3\Windows\System32\svchost.exe [osprivacy],,,LocalSystem,S-1-5-18,,4,346,0,0,0,0,0,0,0,3000160000,110592,0,134,77606599,0,2,0
1914,2026-07-15 00:32:00,\Device\HarddiskVolume3\Windows\System32\SecurityHealthService.exe,,,LocalSystem,S-1-5-18,,4,354,0,0,0,0,0,0,0,3000160000,0,0,76,14362545,0,0,0
1915,2026-07-15 00:32:00,\Device\HarddiskVolume3\Windows\System32\wbem\WmiPrvSE.exe,,,LocalSystem,S-1-5-18,,4,333,0,0,0,0,0,0,0,1200160000,0,4096,3385,238749573,0,0,1
1916,2026-07-15 00:32:00,System Interrupts,,,LocalSystem,S-1-5-18,,4,28,0,0,0,0,0,0,0,3000160000,0,40960,458,52578291006,0,0,9
1917,2026-07-15 00:32:00,Registry,,,LocalSystem,S-1-5-18,,4,335,0,4096,602,218799555,1,0,1,2400160000,0,4408832,3972,1940068073,6,0,72
1918,2026-07-15 00:32:00,\Device\HarddiskVolume3\Windows\System32\svchost.exe [wusvcs],,,LocalSystem,S-1-5-18,,4,337,0,0,0,0,0,0,0,599840000,0,0,6,1348340,0,0,0
1919,2026-07-15 00:32:00,\Device\HarddiskVolume3\Windows\System32\SearchIndexer.exe,,,LocalSystem,S-1-5-18,,4,338,0,0,0,0,0,0,0,3000160000,282624,780800,804,735386910,9,15,105
1920,2026-07-15 00:32:00,\Device\HarddiskVolume3\Windows\System32\SearchProtocolHost.exe,,,LocalSystem,S-1-5-18,,4,339,0,0,0,0,0,0,0,600000000,225792,45056,413,192313173,0,18,11
1921,2026-07-15 00:32:00,\Device\HarddiskVolume3\Windows\servicing\TrustedInstaller.exe,,,LocalSystem,S-1-5-18,,4,327,0,0,0,0,0,0,0,2400320000,0,24576,854,107551417,0,0,6
1922,2026-07-15 00:32:00,\Device\HarddiskVolume3\Windows\UUS\amd64\MoUsoCoreWorker.exe,,,LocalSystem,S-1-5-18,,4,356,0,0,0,0,0,0,0,599840000,0,0,32,16699366,0,0,0
1923,2026-07-15 00:32:00,\Device\HarddiskVolume3\ProgramData\Microsoft\Windows Defender\Platform\4.18.26060.3008-0\MsMpEng.exe,,,LocalSystem,S-1-5-18,,4,1081,0,0,0,0,0,0,0,3000160000,820736,495616,3735,2081394238,33,28,121
1924,2026-07-15 00:32:00,\Device\HarddiskVolume3\ProgramData\Microsoft\Windows Defender\Platform\4.18.26060.3008-0\MpDefenderCoreService.exe,,,LocalSystem,S-1-5-18,,4,1078,0,0,0,0,0,0,0,3000160000,0,0,795,305288449,0,0,0
1925,2026-07-15 00:32:00,\Device\HarddiskVolume3\Windows\System32\svchost.exe [InvSvcGroup],,,LocalSystem,S-1-5-18,,4,344,0,0,0,0,0,0,0,1200160000,0,0,6,3676747,0,0,0
1926,2026-07-15 00:32:00,\Device\HarddiskVolume3\Windows\WinSxS\amd64_microsoft-windows-servicingstack_31bf3856ad364e35_10.0.26100.8648_none_a50ef8e3775e8e5e\TiWorker.exe,,,LocalSystem,S-1-5-18,,4,1538,0,0,0,0,0,0,0,2400320000,66850304,883289600,148745,343071575163,17,5631,171798
1927,2026-07-15 00:32:00,\Device\HarddiskVolume3\Windows\System32\LogonUI.exe,,,LocalSystem,S-1-5-18,,4,523,0,0,0,0,0,0,0,1200160000,2451456,61440,2166,839053832,0,147,15
1928,2026-07-15 00:32:00,\Device\HarddiskVolume3\Windows\System32\svchost.exe [RPCSS],,,NetworkService,S-1-5-20,,9,26,0,0,0,0,0,0,0,3000160000,0,0,2193,340384116,0,0,0
1929,2026-07-15 00:32:00,\Device\HarddiskVolume3\Windows\System32\svchost.exe [NetworkService],,,NetworkService,S-1-5-20,,9,363,0,0,0,0,0,0,0,13800640000,0,331776,2020,453299846,18,0,36
1930,2026-07-15 00:32:00,\Device\HarddiskVolume3\Windows\System32\svchost.exe [netprofm],,,NetworkService,S-1-5-20,,9,362,0,0,0,0,0,0,0,3000160000,0,0,533,79608089,0,0,0
1931,2026-07-15 00:32:00,\Device\HarddiskVolume3\Windows\System32\svchost.exe [NetworkServiceNetworkRestricted],,,NetworkService,S-1-5-20,,9,365,0,0,0,0,0,0,0,3000160000,0,0,135,28998752,0,0,0
1932,2026-07-15 00:32:00,\Device\HarddiskVolume3\Windows\System32\wbem\WmiPrvSE.exe,,,NetworkService,S-1-5-20,,9,333,0,0,0,0,0,0,0,1800160000,0,0,976,177057112,0,0,0
1933,2026-07-15 00:32:00,\Device\HarddiskVolume3\Windows\System32\sppsvc.exe,,,NetworkService,S-1-5-20,,9,361,0,0,0,0,0,0,0,600000000,700928,20480,578,174095186,0,45,5
1934,2026-07-15 00:32:00,\Device\HarddiskVolume3\Windows\System32\svchost.exe [LocalServiceNetworkRestricted],,,LocalService,S-1-5-19,,6,368,0,0,0,0,0,0,0,30601600000,1977344,17838080,2139,908263068,8,38,639
1935,2026-07-15 00:32:00,\Device\HarddiskVolume3\Windows\System32\svchost.exe [LocalService],,,LocalService,S-1-5-19,,6,367,0,0,0,0,0,0,0,24001280000,12288,356352,1296,262668616,3,3,40
1936,2026-07-15 00:32:00,\Device\HarddiskVolume3\Windows\System32\svchost.exe [LocalServiceNoNetwork],,,LocalService,S-1-5-19,,6,366,0,0,0,0,0,0,0,6000320000,619008,8192,1114,162236237,0,34,2
1937,2026-07-15 00:32:00,\Device\HarddiskVolume3\Windows\System32\svchost.exe [LocalServiceNoNetworkFirewall],,,LocalService,S-1-5-19,,6,369,0,0,0,0,0,0,0,3000160000,0,0,32,8304477,0,0,0
1938,2026-07-15 00:32:00,\Device\HarddiskVolume3\Windows\System32\svchost.exe [LocalServiceAndNoImpersonation],,,LocalService,S-1-5-19,,6,371,0,0,0,0,0,0,0,3000160000,0,0,23,6943177,0,0,0
1939,2026-07-15 00:32:00,\Device\HarddiskVolume3\ProgramData\Microsoft\Windows Defender\Platform\4.18.26060.3008-0\NisSrv.exe,,,LocalService,S-1-5-19,,6,1093,0,0,0,0,0,0,0,3000160000,6185472,0,2743,2080123994,0,92,0
1940,2026-07-15 00:32:00,\Device\HarddiskVolume3\Windows\System32\dwm.exe,,,UnknownOrUserSid,S-1-5-90-0-1,,13,33,0,0,0,0,0,0,0,3000160000,90112,0,49471,13831288580,0,4,0
1945,2026-07-15 00:34:00,System,,,LocalSystem,S-1-5-18,,4,29,0,0,0,0,0,0,0,664840000,340992,12278784,138000,109094894308,3,31,220
1946,2026-07-15 00:34:00,\Device\HarddiskVolume3\Windows\System32\csrss.exe,,,LocalSystem,S-1-5-18,,4,313,0,0,0,0,0,0,0,1329680000,106403840,69632,6934,4260198917,0,2790,17
1947,2026-07-15 00:34:00,\Device\HarddiskVolume3\Windows\System32\wininit.exe,,,LocalSystem,S-1-5-18,,4,314,0,0,0,0,0,0,0,664840000,0,0,47,4467951,0,0,0
1948,2026-07-15 00:34:00,\Device\HarddiskVolume3\Windows\System32\winlogon.exe,,,LocalSystem,S-1-5-18,,4,32,0,0,0,0,0,0,0,664840000,0,0,137,13088131,0,0,0
1949,2026-07-15 00:34:00,\Device\HarddiskVolume3\Windows\System32\services.exe,,,LocalSystem,S-1-5-18,,4,31,0,0,0,0,0,0,0,664840000,1462784,380928,6359,944091867,0,244,93
1950,2026-07-15 00:34:00,\Device\HarddiskVolume3\Windows\System32\lsass.exe,,,LocalSystem,S-1-5-18,,4,315,0,0,0,0,0,0,0,664840000,1114112,36864,4674,575881341,0,68,9
1951,2026-07-15 00:34:00,\Device\HarddiskVolume3\Windows\System32\svchost.exe [DcomLaunch],,,LocalSystem,S-1-5-18,,4,30,0,0,0,0,0,0,0,1994520000,599552,0,9949,679777679,0,23,0
1952,2026-07-15 00:34:00,\Device\HarddiskVolume3\Windows\System32\svchost.exe [appmodel],,,LocalSystem,S-1-5-18,,4,326,0,0,0,0,0,0,0,664840000,364544,536576,7152,5170985315,48,21,131
1953,2026-07-15 00:34:00,\Device\HarddiskVolume3\Windows\System32\svchost.exe [netsvcs],,,LocalSystem,S-1-5-18,,4,317,0,0,0,0,0,0,0,10507440000,38711296,14902272,45530,19401433664,91,1959,1514
1954,2026-07-15 00:34:00,\Device\HarddiskVolume3\Windows\System32\svchost.exe [LocalSystemNetworkRestricted],,,LocalSystem,S-1-5-18,,4,323,0,0,0,0,0,0,0,7313240000,101891072,91136,6572,5372018099,0,3945,24
1955,2026-07-15 00:34:00,\Device\HarddiskVolume3\Windows\System32\LogonUI.exe,,,LocalSystem,S-1-5-18,,4,523,0,0,0,0,0,0,0,664840000,21259776,65536,4075,1487778079,1,1279,14
1956,2026-07-15 00:34:00,\Device\HarddiskVolume3\Windows\System32\svchost.exe [GPSvcGroup],,,LocalSystem,S-1-5-18,,4,357,0,0,0,0,0,0,0,664840000,0,0,53,4420290,0,0,0
1957,2026-07-15 00:34:00,\Device\HarddiskVolume3\Windows\System32\svchost.exe [UserProfileService],,,LocalSystem,S-1-5-18,,4,318,0,0,0,0,0,0,0,664840000,0,0,24,2050191,0,0,0
1958,2026-07-15 00:34:00,\Device\HarddiskVolume3\Windows\servicing\TrustedInstaller.exe,,,LocalSystem,S-1-5-18,,4,327,0,0,0,0,0,0,0,664840000,0,0,184,21924540,0,0,0
1959,2026-07-15 00:34:00,\Device\HarddiskVolume3\Windows\System32\svchost.exe [netsvcsRedirectionGuard],,,LocalSystem,S-1-5-18,,4,1775,0,0,0,0,0,0,0,664840000,0,0,16,1666154,0,0,0
1960,2026-07-15 00:34:00,\Device\HarddiskVolume3\Windows\WinSxS\amd64_microsoft-windows-servicingstack_31bf3856ad364e35_10.0.26100.8648_none_a50ef8e3775e8e5e\TiWorker.exe,,,LocalSystem,S-1-5-18,,4,1538,0,0,0,0,0,0,0,664840000,562637824,52972032,22987,103670558872,17,7774,5766
1961,2026-07-15 00:34:00,\Device\HarddiskVolume3\Windows\System32\dllhost.exe,,,LocalSystem,S-1-5-18,,4,351,0,0,0,0,0,0,0,664840000,0,0,29,2370806,0,0,0
1962,2026-07-15 00:34:00,\Device\HarddiskVolume3\Windows\System32\taskhostw.exe,,,LocalSystem,S-1-5-18,,4,348,0,0,0,0,0,0,0,664840000,19470848,126976,7604,4607989816,4,3740,17
1963,2026-07-15 00:34:00,\Device\HarddiskVolume3\Windows\System32\spoolsv.exe,,,LocalSystem,S-1-5-18,,4,329,0,0,0,0,0,0,0,664840000,61391872,50196480,15385,11968613131,0,1158,6071
1964,2026-07-15 00:34:00,\Device\HarddiskVolume3\Windows\System32\svchost.exe [utcsvc],,,LocalSystem,S-1-5-18,,4,330,0,0,0,0,0,0,0,664840000,33796096,4526080,5939,5292765386,11,531,211
1965,2026-07-15 00:34:00,\Device\HarddiskVolume3\Windows\System32\svchost.exe [NetSvcs],,,LocalSystem,S-1-5-18,,4,331,0,0,0,0,0,0,0,664840000,0,0,466,46313424,0,0,0
1966,2026-07-15 00:34:00,\Device\HarddiskVolume3\ProgramData\Microsoft\Windows Defender\Platform\4.18.26060.3008-0\MsMpEng.exe,,,LocalSystem,S-1-5-18,,4,1081,0,0,0,0,0,0,0,664840000,290614272,327049216,13677,27299448464,0,1056,1623
1967,2026-07-15 00:34:00,\Device\HarddiskVolume3\ProgramData\Microsoft\Windows Defender\Platform\4.18.26060.3008-0\MpDefenderCoreService.exe,,,LocalSystem,S-1-5-18,,4,1078,0,0,0,0,0,0,0,664840000,4951552,180224,986,842355988,0,192,44
1968,2026-07-15 00:34:00,\Device\HarddiskVolume3\Windows\System32\OpenSSH\ssh-agent.exe,,,LocalSystem,S-1-5-18,,4,1057,0,0,0,0,0,0,0,664840000,0,0,22,2109409,0,0,0
1969,2026-07-15 00:34:00,\Device\HarddiskVolume3\Windows\System32\svchost.exe [osprivacy],,,LocalSystem,S-1-5-18,,4,346,0,0,0,0,0,0,0,664840000,365056,0,1321,975956176,0,26,0
1970,2026-07-15 00:34:00,\Device\HarddiskVolume3\Windows\System32\svchost.exe [wsappx],,,LocalSystem,S-1-5-18,,4,325,0,0,0,0,0,0,0,1329680000,21145600,63004672,17411,45854749451,1055,1178,9217
1971,2026-07-15 00:34:00,\Device\HarddiskVolume3\Windows\System32\OpenSSH\sshd.exe,,,LocalSystem,S-1-5-18,,4,1059,0,0,0,0,0,0,0,664840000,1838592,16384,304,81814194,0,71,4
1972,2026-07-15 00:34:00,\Device\HarddiskVolume3\Windows\System32\AggregatorHost.exe,,,LocalSystem,S-1-5-18,,4,332,0,0,0,0,0,0,0,664840000,3372032,53248,947,291565395,0,192,13
1973,2026-07-15 00:34:00,\Device\HarddiskVolume3\Windows\System32\svchost.exe [PrintScanBrokerService],,,LocalSystem,S-1-5-18,,4,1776,0,0,0,0,0,0,0,65000000,299520,0,139,66984925,0,26,0
1974,2026-07-15 00:34:00,System Interrupts,,,LocalSystem,S-1-5-18,,4,28,0,0,0,0,0,0,0,664840000,0,0,0,28024609446,0,0,0
1975,2026-07-15 00:34:00,Registry,,,LocalSystem,S-1-5-18,,4,335,0,0,0,0,0,0,0,599840000,0,18468864,1710,511097284,6,0,1750
1976,2026-07-15 00:34:00,\Device\HarddiskVolume3\Windows\System32\smss.exe,,,LocalSystem,S-1-5-18,,4,312,0,0,0,0,0,0,0,599840000,0,0,1,210240,0,0,0
1977,2026-07-15 00:34:00,\Device\HarddiskVolume3\Windows\System32\svchost.exe [AppReadiness],,,LocalSystem,S-1-5-18,,4,324,0,0,0,0,0,0,0,599840000,73728,0,148,73386723,0,4,0
1978,2026-07-15 00:34:00,\Device\HarddiskVolume3\Windows\System32\fontdrvhost.exe,,,UnknownOrUserSid,S-1-5-96-0-0,,1700,316,0,0,0,0,0,0,0,664840000,1118720,4096,1086,127199385,0,27,1
1979,2026-07-15 00:34:00,\Device\HarddiskVolume3\Windows\System32\fontdrvhost.exe,,,UnknownOrUserSid,S-1-5-96-0-1,,1686,316,0,0,0,0,0,0,0,664840000,1712640,0,1035,135776136,0,49,0
1980,2026-07-15 00:34:00,\Device\HarddiskVolume3\Windows\System32\svchost.exe [RPCSS],,,NetworkService,S-1-5-20,,9,26,0,0,0,0,0,0,0,664840000,86016,0,8457,1800113008,0,7,0
1981,2026-07-15 00:34:00,\Device\HarddiskVolume3\Windows\System32\svchost.exe [netprofm],,,NetworkService,S-1-5-20,,9,362,0,0,0,0,0,0,0,664840000,794624,0,2005,313379530,0,44,0
1982,2026-07-15 00:34:00,\Device\HarddiskVolume3\Windows\System32\svchost.exe [NetworkService],,,NetworkService,S-1-5-20,,9,363,0,0,0,0,0,0,0,2659360000,3292160,4313088,1658,446234718,0,63,41
1983,2026-07-15 00:34:00,\Device\HarddiskVolume3\Windows\System32\svchost.exe [NetworkServiceNetworkRestricted],,,NetworkService,S-1-5-20,,9,365,0,0,0,0,0,0,0,664840000,20480,0,2895,688686294,0,2,0
1984,2026-07-15 00:34:00,\Device\HarddiskVolume3\Windows\System32\sppsvc.exe,,,NetworkService,S-1-5-20,,9,361,0,0,0,0,0,0,0,664840000,28644864,5681152,3041,4718053645,2,800,109
1985,2026-07-15 00:34:00,\Device\HarddiskVolume3\Windows\System32\SppExtComObj.Exe,,,NetworkService,S-1-5-20,,9,364,0,0,0,0,0,0,0,65000000,681472,0,244,121838274,0,69,0
1986,2026-07-15 00:34:00,\Device\HarddiskVolume3\Windows\System32\svchost.exe [LocalServiceNetworkRestricted],,,LocalService,S-1-5-19,,6,368,0,0,0,0,0,0,0,4653880000,6339584,5980160,4520,12036289690,90,155,332
1987,2026-07-15 00:34:00,\Device\HarddiskVolume3\Windows\System32\svchost.exe [LocalService],,,LocalService,S-1-5-19,,6,367,0,0,0,0,0,0,0,1994520000,233472,73728,873,133682490,1,14,18
1988,2026-07-15 00:34:00,\Device\HarddiskVolume3\Windows\System32\svchost.exe [LocalServiceRedirectionGuard],,,LocalService,S-1-5-19,,6,1777,0,0,0,0,0,0,0,664840000,0,0,71,9632147,0,0,0
1989,2026-07-15 00:34:00,\Device\HarddiskVolume3\Windows\System32\svchost.exe [LocalServiceNoNetwork],,,LocalService,S-1-5-19,,6,366,0,0,0,0,0,0,0,1329680000,1114624,86016,1529,314338570,0,53,6
1990,2026-07-15 00:34:00,\Device\HarddiskVolume3\Windows\System32\svchost.exe [LocalServiceHttp],,,LocalService,S-1-5-19,,6,1778,0,0,0,0,0,0,0,664840000,0,0,519,122265772,0,0,0
1991,2026-07-15 00:34:00,\Device\HarddiskVolume3\Windows\System32\svchost.exe [LocalServiceNoNetworkFirewall],,,LocalService,S-1-5-19,,6,369,0,0,0,0,0,0,0,664840000,892928,32768,7500,41343936438,0,94,8
1992,2026-07-15 00:34:00,\Device\HarddiskVolume3\Windows\System32\svchost.exe [WSAIFabricSvcGroup],,,LocalService,S-1-5-19,,6,1779,0,0,0,0,0,0,0,664840000,0,0,843,240802946,0,0,0
1993,2026-07-15 00:34:00,\Device\HarddiskVolume3\Windows\System32\svchost.exe [WuqiSvcGroup],,,LocalService,S-1-5-19,,6,1780,0,0,0,0,0,0,0,664840000,258048,0,107,56124975,0,14,0
1994,2026-07-15 00:34:00,\Device\HarddiskVolume3\ProgramData\Microsoft\Windows Defender\Platform\4.18.26060.3008-0\NisSrv.exe,,,LocalService,S-1-5-19,,6,1093,0,0,0,0,0,0,0,599840000,16384,40960,633,193542736,0,4,10
1995,2026-07-15 00:34:00,\Device\HarddiskVolume3\Windows\System32\dwm.exe,,,UnknownOrUserSid,S-1-5-90-0-1,,13,33,0,0,0,0,0,0,0,664840000,19301376,28672,32935,9157335905,0,1007,7
2007,2026-07-15 01:36:00,System,,,LocalSystem,S-1-5-18,,4,29,0,0,0,0,0,0,0,36597190000,193446400,18558464,794211,221061569064,6,3368,2313
2008,2026-07-15 01:36:00,Registry,,,LocalSystem,S-1-5-18,,4,335,0,0,0,0,0,0,0,31797350000,0,16355328,2100,886821419,199,0,1868
2009,2026-07-15 01:36:00,\Device\HarddiskVolume3\Windows\System32\smss.exe,,,LocalSystem,S-1-5-18,,4,312,0,0,0,0,0,0,0,1797030000,0,0,3,2406548,0,0,0
2010,2026-07-15 01:36:00,\Device\HarddiskVolume3\Windows\System32\csrss.exe,,,LocalSystem,S-1-5-18,,4,313,0,0,0,0,0,0,0,73194380000,1719808,24576,28963,3956236503,0,43,6
2011,2026-07-15 01:36:00,\Device\HarddiskVolume3\Windows\System32\wininit.exe,,,LocalSystem,S-1-5-18,,4,314,0,0,0,0,0,0,0,10797030000,49152,0,128,80513502,0,3,0
2012,2026-07-15 01:36:00,\Device\HarddiskVolume3\Windows\System32\winlogon.exe,,,LocalSystem,S-1-5-18,,4,32,0,0,0,0,0,0,0,9597190000,40960,4096,168,40769742,0,4,1
2013,2026-07-15 01:36:00,\Device\HarddiskVolume3\Windows\System32\services.exe,,,LocalSystem,S-1-5-18,,4,31,0,0,0,0,0,0,0,36597190000,2754048,2551808,25947,2977123064,0,362,241
2014,2026-07-15 01:36:00,\Device\HarddiskVolume3\Windows\System32\lsass.exe,,,LocalSystem,S-1-5-18,,4,315,0,0,0,0,0,0,0,36597190000,4368384,2891776,35961,5252177136,202,174,348
2015,2026-07-15 01:36:00,\Device\HarddiskVolume3\Windows\System32\svchost.exe [DcomLaunch],,,LocalSystem,S-1-5-18,,4,30,0,0,0,0,0,0,0,74991570000,547328,0,10671,1762141923,0,15,0
2016,2026-07-15 01:36:00,\Device\HarddiskVolume3\Windows\System32\LogonUI.exe,,,LocalSystem,S-1-5-18,,4,523,0,0,0,0,0,0,0,36597190000,13741568,131072,4682,4577568852,1,937,32
2017,2026-07-15 01:36:00,\Device\HarddiskVolume3\Windows\System32\svchost.exe [netsvcs],,,LocalSystem,S-1-5-18,,4,317,0,0,0,0,0,0,0,431957530000,251749888,650717184,159991,102368438926,136,32266,69871
2018,2026-07-15 01:36:00,\Device\HarddiskVolume3\Windows\System32\svchost.exe [LocalSystemNetworkRestricted],,,LocalSystem,S-1-5-18,,4,323,0,0,0,0,0,0,0,246574710000,113261568,5681152,8885,8864514508,1,4497,792
2019,2026-07-15 01:36:00,\Device\HarddiskVolume3\Windows\System32\svchost.exe [appmodel],,,LocalSystem,S-1-5-18,,4,326,0,0,0,0,0,0,0,36597190000,389120,450560,1558,375897884,4,23,110
2020,2026-07-15 01:36:00,\Device\HarddiskVolume3\Windows\System32\svchost.exe [UserProfileService],,,LocalSystem,S-1-5-18,,4,318,0,0,0,0,0,0,0,36597190000,2539520,253952,1094,483135360,2,71,62
2021,2026-07-15 01:36:00,\Device\HarddiskVolume3\Windows\System32\svchost.exe [GPSvcGroup],,,LocalSystem,S-1-5-18,,4,357,0,0,0,0,0,0,0,13796870000,101888,8192,486,213707550,0,11,2
2022,2026-07-15 01:36:00,\Device\HarddiskVolume3\Windows\servicing\TrustedInstaller.exe,,,LocalSystem,S-1-5-18,,4,327,0,0,0,0,0,0,0,2397190000,0,8192,4135,270125790,0,0,2
2023,2026-07-15 01:36:00,\Device\HarddiskVolume3\Windows\System32\svchost.exe [netsvcsRedirectionGuard],,,LocalSystem,S-1-5-18,,4,1775,0,0,0,0,0,0,0,61197350000,667648,12288,638,246651112,0,34,3
2024,2026-07-15 01:36:00,\Device\HarddiskVolume3\Windows\System32\dllhost.exe,,,LocalSystem,S-1-5-18,,4,351,0,0,0,0,0,0,0,597190000,0,0,12,2188950,0,0,0
2025,2026-07-15 01:36:00,\Device\HarddiskVolume3\Windows\System32\spoolsv.exe,,,LocalSystem,S-1-5-18,,4,329,0,0,0,0,0,0,0,7797190000,16384,0,100,21736713,0,1,0
2026,2026-07-15 01:36:00,\Device\HarddiskVolume3\Windows\System32\svchost.exe [utcsvc],,,LocalSystem,S-1-5-18,,4,330,0,0,0,0,0,0,0,36597190000,30244864,8822784,8984,10667555501,32,412,372
2027,2026-07-15 01:36:00,\Device\HarddiskVolume3\Windows\System32\svchost.exe [NetSvcs],,,LocalSystem,S-1-5-18,,4,331,0,0,0,0,0,0,0,36597190000,0,0,764,123737118,0,0,0
2028,2026-07-15 01:36:00,\Device\HarddiskVolume3\ProgramData\Microsoft\Windows Defender\Platform\4.18.26060.3008-0\MpDefenderCoreService.exe,,,LocalSystem,S-1-5-18,,4,1078,0,0,0,0,0,0,0,36597190000,1491456,77824,1039,715310049,0,56,19
2029,2026-07-15 01:36:00,\Device\HarddiskVolume3\Windows\System32\OpenSSH\ssh-agent.exe,,,LocalSystem,S-1-5-18,,4,1057,0,0,0,0,0,0,0,5997190000,0,0,37,8078826,0,0,0
2030,2026-07-15 01:36:00,\Device\HarddiskVolume3\ProgramData\Microsoft\Windows Defender\Platform\4.18.26060.3008-0\MsMpEng.exe,,,LocalSystem,S-1-5-18,,4,1081,0,0,0,0,0,0,0,36597190000,987337728,362102784,665937,482554565236,1,21465,4141
2031,2026-07-15 01:36:00,\Device\HarddiskVolume3\Windows\System32\OpenSSH\sshd.exe,,,LocalSystem,S-1-5-18,,4,1059,0,0,0,0,0,0,0,17997350000,32768,0,1195,717106238,0,1,0
2032,2026-07-15 01:36:00,\Device\HarddiskVolume3\Windows\System32\svchost.exe [osprivacy],,,LocalSystem,S-1-5-18,,4,346,0,0,0,0,0,0,0,11997190000,578048,45056,376,213774827,3,35,11
2033,2026-07-15 01:36:00,\Device\HarddiskVolume3\Windows\System32\svchost.exe [wsappx],,,LocalSystem,S-1-5-18,,4,325,0,0,0,0,0,0,0,11994220000,1424896,28672,725,463858126,0,70,7
2034,2026-07-15 01:36:00,\Device\HarddiskVolume3\Windows\System32\AggregatorHost.exe,,,LocalSystem,S-1-5-18,,4,332,0,0,0,0,0,0,0,28197030000,2752000,192512,793,1185341527,0,42,47
2035,2026-07-15 01:36:00,\Device\HarddiskVolume3\Windows\WinSxS\amd64_microsoft-windows-servicingstack_31bf3856ad364e35_10.0.26100.8648_none_a50ef8e3775e8e5e\TiWorker.exe,,,LocalSystem,S-1-5-18,,4,1538,0,0,0,0,0,0,0,2397190000,52328448,6729728,8087,24516773507,0,1216,671
2036,2026-07-15 01:36:00,\Device\HarddiskVolume3\Windows\System32\wbem\WmiPrvSE.exe,,,LocalSystem,S-1-5-18,,4,333,0,0,0,0,0,0,0,5399840000,283136,28672,1993,232234251,0,22,7
2037,2026-07-15 01:36:00,System Interrupts,,,LocalSystem,S-1-5-18,,4,28,0,0,0,0,0,0,0,36597190000,0,0,0,1760353121623,0,0,0
2038,2026-07-15 01:36:00,\Device\HarddiskVolume3\Program Files (x86)\Microsoft\EdgeUpdate\MicrosoftEdgeUpdate.exe,,,LocalSystem,S-1-5-18,,4,342,0,0,0,0,0,0,0,7799680000,1683456,8192,550,217882567,0,100,2
2039,2026-07-15 01:36:00,\Device\HarddiskVolume3\Windows\System32\svchost.exe [InvSvcGroup],,,LocalSystem,S-1-5-18,,4,344,0,0,0,0,0,0,0,32400000000,225280,0,264,150212635,0,9,0
2040,2026-07-15 01:36:00,\Device\HarddiskVolume3\Windows\System32\svchost.exe [wusvcs],,,LocalSystem,S-1-5-18,,4,337,0,0,0,0,0,0,0,3600160000,3349504,311296,3184,5403691073,0,91,70
2041,2026-07-15 01:36:00,\Device\HarddiskVolume3\Windows\UUS\amd64\MoUsoCoreWorker.exe,,,LocalSystem,S-1-5-18,,4,356,0,0,0,0,0,0,0,3600160000,13216256,12259328,11425,7292510329,356,1616,2993
2042,2026-07-15 01:36:00,\Device\HarddiskVolume3\Windows\System32\svchost.exe [whesvc],,,LocalSystem,S-1-5-18,,4,1845,0,0,0,0,0,0,0,35399840000,857600,102400,28583,5105976546,0,39,25
2043,2026-07-15 01:36:00,\Device\HarddiskVolume3\Windows\System32\SearchIndexer.exe,,,LocalSystem,S-1-5-18,,4,338,0,0,0,0,0,0,0,35399840000,38474240,2863104,10214,9078991611,23,4276,675
2044,2026-07-15 01:36:00,\Device\HarddiskVolume3\Windows\System32\SearchProtocolHost.exe,,,LocalSystem,S-1-5-18,,4,339,0,0,0,0,0,0,0,13799840000,1702400,65536,3630,1449595703,0,133,16
2045,2026-07-15 01:36:00,\Device\HarddiskVolume3\Windows\System32\conhost.exe,,,LocalSystem,S-1-5-18,,4,349,0,0,0,0,0,0,0,1199680000,0,0,3030,351366055,0,0,0
2046,2026-07-15 01:36:00,\Device\HarddiskVolume3\Windows\System32\wbem\WMIADAP.exe,,,LocalSystem,S-1-5-18,,4,355,0,0,0,0,0,0,0,600000000,12288,12288,262,99842626,0,3,3
2047,2026-07-15 01:36:00,\Device\HarddiskVolume3\Windows\System32\taskhostw.exe,,,LocalSystem,S-1-5-18,,4,348,0,0,0,0,0,0,0,1199840000,908800,28672,498,874986304,0,51,7
2048,2026-07-15 01:36:00,\Device\HarddiskVolume3\Windows\Microsoft.NET\Framework64\v4.0.30319\ngentask.exe,,,LocalSystem,S-1-5-18,,4,1070,0,0,0,0,0,0,0,599840000,352256,36864,405,624917711,0,38,9
2049,2026-07-15 01:36:00,\Device\HarddiskVolume3\Windows\Microsoft.NET\Framework\v4.0.30319\ngentask.exe,,,LocalSystem,S-1-5-18,,4,1080,0,0,0,0,0,0,0,599840000,6827520,24576,822,434588156,0,333,6
2050,2026-07-15 01:36:00,\Device\HarddiskVolume3\Windows\Microsoft.NET\Framework\v4.0.30319\ngen.exe,,,LocalSystem,S-1-5-18,,4,1065,0,0,0,0,0,0,0,599840000,1521152,176128,1852,962522185,0,57,43
2051,2026-07-15 01:36:00,\Device\HarddiskVolume3\Windows\System32\svchost.exe [defragsvc],,,LocalSystem,S-1-5-18,,4,1060,0,0,0,0,0,0,0,1799840000,282568192,1159168,110769,50254514915,0,8323,283
2052,2026-07-15 01:36:00,\Device\HarddiskVolume3\Windows\Microsoft.NET\Framework\v4.0.30319\mscorsvw.exe,,,LocalSystem,S-1-5-18,,4,1066,0,0,0,0,0,0,0,599840000,5362176,36864,848,4181289568,0,306,9
2053,2026-07-15 01:36:00,\Device\HarddiskVolume3\Windows\Microsoft.NET\Framework64\v4.0.30319\ngen.exe,,,LocalSystem,S-1-5-18,,4,1079,0,0,0,0,0,0,0,599840000,0,12288,62,54152926,0,0,3
2054,2026-07-15 01:36:00,\Device\HarddiskVolume3\Windows\System32\SecurityHealthService.exe,,,LocalSystem,S-1-5-18,,4,354,0,0,0,0,0,0,0,23999840000,8697856,319488,2500,1036744278,0,188,55
2055,2026-07-15 01:36:00,\Device\HarddiskVolume3\Windows\System32\fontdrvhost.exe,,,UnknownOrUserSid,S-1-5-96-0-0,,1700,316,0,0,0,0,0,0,0,11397030000,131072,0,307,18432089,0,4,0
2056,2026-07-15 01:36:00,\Device\HarddiskVolume3\Windows\System32\fontdrvhost.exe,,,UnknownOrUserSid,S-1-5-96-0-1,,1686,316,0,0,0,0,0,0,0,2997510000,0,0,11,4719889,0,0,0
2057,2026-07-15 01:36:00,\Device\HarddiskVolume3\Windows\System32\svchost.exe [RPCSS],,,NetworkService,S-1-5-20,,9,26,0,0,0,0,0,0,0,36597190000,191488,0,21380,3438079992,0,18,0
2058,2026-07-15 01:36:00,\Device\HarddiskVolume3\Windows\System32\svchost.exe [netprofm],,,NetworkService,S-1-5-20,,9,362,0,0,0,0,0,0,0,36597190000,794624,0,8255,1307928229,0,45,0
2059,2026-07-15 01:36:00,\Device\HarddiskVolume3\Windows\System32\svchost.exe [NetworkService],,,NetworkService,S-1-5-20,,9,363,0,0,0,0,0,0,0,166185950000,31151104,106168320,21405,10248655127,12,558,564
2060,2026-07-15 01:36:00,\Device\HarddiskVolume3\Windows\System32\svchost.exe [NetworkServiceNetworkRestricted],,,NetworkService,S-1-5-20,,9,365,0,0,0,0,0,0,0,36597190000,36864,8192,457,111402667,0,4,2
2061,2026-07-15 01:36:00,\Device\HarddiskVolume3\Windows\System32\sppsvc.exe,,,NetworkService,S-1-5-20,,9,361,0,0,0,0,0,0,0,1797190000,14493184,507904,1862,2780741465,1,437,17
2062,2026-07-15 01:36:00,\Device\HarddiskVolume3\Windows\System32\SppExtComObj.Exe,,,NetworkService,S-1-5-20,,9,364,0,0,0,0,0,0,0,597190000,710144,0,453,141886426,0,72,0
2063,2026-07-15 01:36:00,\Device\HarddiskVolume3\Windows\System32\wbem\WmiPrvSE.exe,,,NetworkService,S-1-5-20,,9,333,0,0,0,0,0,0,0,4196870000,1861632,77824,6550,1907867361,0,150,16
2064,2026-07-15 01:36:00,\Device\HarddiskVolume3\Windows\System32\dwm.exe,,,UnknownOrUserSid,S-1-5-90-0-1,,13,33,0,0,0,0,0,0,0,36597190000,610304,0,22403,8114091570,0,35,0
2065,2026-07-15 01:36:00,\Device\HarddiskVolume3\Windows\System32\svchost.exe [LocalServiceNetworkRestricted],,,LocalService,S-1-5-19,,6,368,0,0,0,0,0,0,0,291576880000,8710656,6676992,10738,3435610325,195,285,807
2066,2026-07-15 01:36:00,\Device\HarddiskVolume3\Windows\System32\svchost.exe [LocalService],,,LocalService,S-1-5-19,,6,367,0,0,0,0,0,0,0,178191570000,3389440,20480,4761,1208901377,0,188,5
2067,2026-07-15 01:36:00,\Device\HarddiskVolume3\Windows\System32\svchost.exe [LocalServiceNoNetwork],,,LocalService,S-1-5-19,,6,366,0,0,0,0,0,0,0,73194380000,2340352,1605632,23790,5916853367,0,97,246
2068,2026-07-15 01:36:00,\Device\HarddiskVolume3\Windows\System32\svchost.exe [LocalServiceRedirectionGuard],,,LocalService,S-1-5-19,,6,1777,0,0,0,0,0,0,0,36597190000,0,0,302,80602517,0,0,0
2069,2026-07-15 01:36:00,\Device\HarddiskVolume3\Windows\System32\svchost.exe [LocalServiceHttp],,,LocalService,S-1-5-19,,6,1778,0,0,0,0,0,0,0,36597190000,0,0,1660,562044022,0,0,0
2070,2026-07-15 01:36:00,\Device\HarddiskVolume3\Windows\System32\svchost.exe [LocalServiceNoNetworkFirewall],,,LocalService,S-1-5-19,,6,369,0,0,0,0,0,0,0,36597190000,315392,0,1871,730291439,0,50,0
2071,2026-07-15 01:36:00,\Device\HarddiskVolume3\Windows\System32\svchost.exe [WSAIFabricSvcGroup],,,LocalService,S-1-5-19,,6,1779,0,0,0,0,0,0,0,36597190000,24576,0,172,62875071,0,1,0
2072,2026-07-15 01:36:00,\Device\HarddiskVolume3\Windows\System32\wbem\WmiPrvSE.exe,,,LocalService,S-1-5-19,,6,333,0,0,0,0,0,0,0,3597030000,24576,4096,5901,1592381962,0,6,1
2073,2026-07-15 01:36:00,\Device\HarddiskVolume3\ProgramData\Microsoft\Windows Defender\Platform\4.18.26060.3008-0\NisSrv.exe,,,LocalService,S-1-5-19,,6,1093,0,0,0,0,0,0,0,36597190000,2002944,36864,1672,669428333,0,111,9
2074,2026-07-15 01:36:00,\Device\HarddiskVolume3\Windows\System32\OpenSSH\sshd.exe,,,UnknownOrUserSid,S-1-5-21-2395961029-2893071609-3470587398-1000,,60,1059,0,0,0,0,0,0,0,4200000000,0,0,471,322832647,0,0,0
2075,2026-07-15 01:36:00,\Device\HarddiskVolume3\Windows\System32\cmd.exe,,,UnknownOrUserSid,S-1-5-21-2395961029-2893071609-3470587398-1000,,60,514,0,0,0,0,0,0,0,7799680000,0,0,142,151884032,0,0,0
2076,2026-07-15 01:36:00,\Device\HarddiskVolume3\Windows\System32\conhost.exe,,,UnknownOrUserSid,S-1-5-21-2395961029-2893071609-3470587398-1000,,60,349,0,0,0,0,0,0,0,31800000000,0,0,23658,3196204416,0,0,0
2077,2026-07-15 01:36:00,\Device\HarddiskVolume3\dfir\tools\git\bin\bash.exe,,,UnknownOrUserSid,S-1-5-21-2395961029-2893071609-3470587398-1000,,60,1108,0,0,0,0,0,0,0,2400160000,134656,8192,91,117553940,0,2,2
2078,2026-07-15 01:36:00,\Device\HarddiskVolume3\dfir\tools\git\usr\bin\bash.exe,,,UnknownOrUserSid,S-1-5-21-2395961029-2893071609-3470587398-1000,,60,1099,0,0,0,0,0,0,0,12000000000,210944,237568,3439,2150043895,0,9,58
2079,2026-07-15 01:36:00,\Device\HarddiskVolume3\dfir\tools\git\usr\bin\head.exe,,,UnknownOrUserSid,S-1-5-21-2395961029-2893071609-3470587398-1000,,60,1117,0,0,0,0,0,0,0,1799840000,0,0,313,256431121,0,0,0
2080,2026-07-15 01:36:00,\Device\HarddiskVolume3\dfir\Python\python.exe,,,UnknownOrUserSid,S-1-5-21-2395961029-2893071609-3470587398-1000,,60,392,0,0,0,0,0,0,0,2399840000,20480,0,1183,5917402436,0,5,0
2081,2026-07-15 01:36:00,\Device\HarddiskVolume3\Windows\System32\WindowsPowerShell\v1.0\powershell.exe,,,UnknownOrUserSid,S-1-5-21-2395961029-2893071609-3470587398-1000,,60,383,0,0,0,0,0,0,0,13799840000,0,57344,648,3506138858,0,0,14
2082,2026-07-15 01:36:00,\Device\HarddiskVolume3\dfir\tools\git\usr\bin\timeout.exe,,,UnknownOrUserSid,S-1-5-21-2395961029-2893071609-3470587398-1000,,60,1112,0,0,0,0,0,0,0,2400000000,0,0,149,100938328,0,0,0
2083,2026-07-15 01:36:00,\Device\HarddiskVolume3\dfir\tools\chainsaw\chainsaw.exe,,,UnknownOrUserSid,S-1-5-21-2395961029-2893071609-3470587398-1000,,60,1313,0,0,0,0,0,0,0,1200160000,3970560,4096,4233,27425269399,0,725,1
2084,2026-07-15 01:36:00,\Device\HarddiskVolume3\dfir\tools\git\usr\bin\grep.exe,,,UnknownOrUserSid,S-1-5-21-2395961029-2893071609-3470587398-1000,,60,1114,0,0,0,0,0,0,0,600000000,0,4096,115,24997552,0,0,1
2085,2026-07-15 01:36:00,\Device\HarddiskVolume3\dfir\Python\Scripts\vol.exe,,,UnknownOrUserSid,S-1-5-21-2395961029-2893071609-3470587398-1000,,60,1329,0,0,0,0,0,0,0,600000000,0,0,11,15041271,0,0,0
2133,2026-07-15 02:36:00,System,,,LocalSystem,S-1-5-18,,4,29,0,0,0,0,0,0,0,36000000000,2048,1239040,81032,24270773533,0,4,156
2134,2026-07-15 02:36:00,Registry,,,LocalSystem,S-1-5-18,,4,335,0,0,0,0,0,0,0,25200320000,0,2801664,393,296759012,63,0,307
2135,2026-07-15 02:36:00,\Device\HarddiskVolume3\Windows\System32\smss.exe,,,LocalSystem,S-1-5-18,,4,312,0,0,0,0,0,0,0,600160000,0,0,1,6066475,0,0,0
2136,2026-07-15 02:36:00,\Device\HarddiskVolume3\Windows\System32\csrss.exe,,,LocalSystem,S-1-5-18,,4,313,0,0,0,0,0,0,0,72000000000,0,0,7769,906646309,0,0,0
2137,2026-07-15 02:36:00,\Device\HarddiskVolume3\Windows\System32\wininit.exe,,,LocalSystem,S-1-5-18,,4,314,0,0,0,0,0,0,0,1800000000,0,0,4,2376763,0,0,0
2138,2026-07-15 02:36:00,\Device\HarddiskVolume3\Windows\System32\services.exe,,,LocalSystem,S-1-5-18,,4,31,0,0,0,0,0,0,0,36000000000,0,20480,2566,527761632,0,0,5
2139,2026-07-15 02:36:00,\Device\HarddiskVolume3\Windows\System32\lsass.exe,,,LocalSystem,S-1-5-18,,4,315,0,0,0,0,0,0,0,36000000000,0,0,1556,501177824,0,0,0
2140,2026-07-15 02:36:00,\Device\HarddiskVolume3\Windows\System32\svchost.exe [DcomLaunch],,,LocalSystem,S-1-5-18,,4,30,0,0,0,0,0,0,0,72000000000,0,8192,5249,1128136992,0,0,2
2141,2026-07-15 02:36:00,\Device\HarddiskVolume3\Windows\System32\LogonUI.exe,,,LocalSystem,S-1-5-18,,4,523,0,0,0,0,0,0,0,36000000000,0,16384,1309,3272879345,0,0,4
2142,2026-07-15 02:36:00,\Device\HarddiskVolume3\Windows\System32\svchost.exe [netsvcs],,,LocalSystem,S-1-5-18,,4,317,0,0,0,0,0,0,0,406800000000,0,782336,3657,1357643318,10,0,66
2143,2026-07-15 02:36:00,\Device\HarddiskVolume3\Windows\System32\svchost.exe [LocalSystemNetworkRestricted],,,LocalSystem,S-1-5-18,,4,323,0,0,0,0,0,0,0,244800480000,0,479232,1135,1587903837,0,0,67
2144,2026-07-15 02:36:00,\Device\HarddiskVolume3\Windows\System32\svchost.exe [appmodel],,,LocalSystem,S-1-5-18,,4,326,0,0,0,0,0,0,0,36000000000,0,61440,238,137288473,0,0,15
2145,2026-07-15 02:36:00,\Device\HarddiskVolume3\Windows\System32\svchost.exe [UserProfileService],,,LocalSystem,S-1-5-18,,4,318,0,0,0,0,0,0,0,36000000000,0,0,137,56056638,0,0,0
2146,2026-07-15 02:36:00,\Device\HarddiskVolume3\Windows\System32\svchost.exe [netsvcsRedirectionGuard],,,LocalSystem,S-1-5-18,,4,1775,0,0,0,0,0,0,0,64800480000,0,0,192,55805063,0,0,0
2147,2026-07-15 02:36:00,\Device\HarddiskVolume3\Windows\System32\svchost.exe [utcsvc],,,LocalSystem,S-1-5-18,,4,330,0,0,0,0,0,0,0,36000000000,65536,323584,841,815892348,6,1,78
2148,2026-07-15 02:36:00,\Device\HarddiskVolume3\Windows\System32\svchost.exe [NetSvcs],,,LocalSystem,S-1-5-18,,4,331,0,0,0,0,0,0,0,36000000000,0,0,182,43327316,0,0,0
2149,2026-07-15 02:36:00,\Device\HarddiskVolume3\ProgramData\Microsoft\Windows Defender\Platform\4.18.26060.3008-0\MpDefenderCoreService.exe,,,LocalSystem,S-1-5-18,,4,1078,0,0,0,0,0,0,0,34799840000,0,32768,412,421105461,0,0,8
2150,2026-07-15 02:36:00,\Device\HarddiskVolume3\ProgramData\Microsoft\Windows Defender\Platform\4.18.26060.3008-0\MsMpEng.exe,,,LocalSystem,S-1-5-18,,4,1081,0,0,0,0,0,0,0,36000000000,39936,90112,10449,4532049420,0,3,14
2151,2026-07-15 02:36:00,\Device\HarddiskVolume3\Windows\System32\svchost.exe [wsappx],,,LocalSystem,S-1-5-18,,4,325,0,0,0,0,0,0,0,3000000000,0,45056,180,123013178,0,0,11
2152,2026-07-15 02:36:00,\Device\HarddiskVolume3\Windows\System32\AggregatorHost.exe,,,LocalSystem,S-1-5-18,,4,332,0,0,0,0,0,0,0,19799680000,0,73728,102,101001403,0,0,18
2153,2026-07-15 02:36:00,System Interrupts,,,LocalSystem,S-1-5-18,,4,28,0,0,0,0,0,0,0,36000000000,0,0,0,1855462056301,0,0,0
2154,2026-07-15 02:36:00,\Device\HarddiskVolume3\Program Files (x86)\Microsoft\EdgeUpdate\MicrosoftEdgeUpdate.exe,,,LocalSystem,S-1-5-18,,4,342,0,0,0,0,0,0,0,2399840000,0,28672,80,23683177,0,0,7
2155,2026-07-15 02:36:00,\Device\HarddiskVolume3\Windows\System32\svchost.exe [InvSvcGroup],,,LocalSystem,S-1-5-18,,4,344,0,0,0,0,0,0,0,36000000000,0,28672,165,144408248,0,0,7
2156,2026-07-15 02:36:00,\Device\HarddiskVolume3\Windows\System32\svchost.exe [wusvcs],,,LocalSystem,S-1-5-18,,4,337,0,0,0,0,0,0,0,600000000,0,98304,556,1110805140,0,0,23
2157,2026-07-15 02:36:00,\Device\HarddiskVolume3\Windows\UUS\amd64\MoUsoCoreWorker.exe,,,LocalSystem,S-1-5-18,,4,356,0,0,0,0,0,0,0,600000000,0,376832,1104,704748636,18,0,92
2158,2026-07-15 02:36:00,\Device\HarddiskVolume3\Windows\System32\svchost.exe [whesvc],,,LocalSystem,S-1-5-18,,4,1845,0,0,0,0,0,0,0,36000000000,0,176128,3284,433297617,0,0,43
2159,2026-07-15 02:36:00,\Device\HarddiskVolume3\Windows\System32\SearchIndexer.exe,,,LocalSystem,S-1-5-18,,4,338,0,0,0,0,0,0,0,36000000000,0,12288,418,178766367,0,0,3
2160,2026-07-15 02:36:00,\Device\HarddiskVolume3\Windows\System32\SearchProtocolHost.exe,,,LocalSystem,S-1-5-18,,4,339,0,0,0,0,0,0,0,1800000000,0,32768,127,68107953,0,0,8
2161,2026-07-15 02:36:00,\Device\HarddiskVolume3\Windows\System32\taskhostw.exe,,,LocalSystem,S-1-5-18,,4,348,0,0,0,0,0,0,0,600000000,0,237568,179,1087500384,0,0,58
2162,2026-07-15 02:36:00,\Device\HarddiskVolume3\Windows\System32\SecurityHealthService.exe,,,LocalSystem,S-1-5-18,,4,354,0,0,0,0,0,0,0,36000000000,0,0,132,59035736,0,0,0
2163,2026-07-15 02:36:00,\Device\HarddiskVolume3\Windows\System32\svchost.exe [RPCSS],,,NetworkService,S-1-5-20,,9,26,0,0,0,0,0,0,0,36000000000,0,0,2747,835281724,0,0,0
2164,2026-07-15 02:36:00,\Device\HarddiskVolume3\Windows\System32\svchost.exe [netprofm],,,NetworkService,S-1-5-20,,9,362,0,0,0,0,0,0,0,36000000000,0,0,1835,537675862,0,0,0
2165,2026-07-15 02:36:00,\Device\HarddiskVolume3\Windows\System32\svchost.exe [NetworkService],,,NetworkService,S-1-5-20,,9,363,0,0,0,0,0,0,0,155999840000,0,98304,10140,5785829283,0,0,24
2166,2026-07-15 02:36:00,\Device\HarddiskVolume3\Windows\System32\svchost.exe [NetworkServiceNetworkRestricted],,,NetworkService,S-1-5-20,,9,365,0,0,0,0,0,0,0,36000000000,0,0,147,49882584,0,0,0
2167,2026-07-15 02:36:00,\Device\HarddiskVolume3\Windows\System32\sppsvc.exe,,,NetworkService,S-1-5-20,,9,361,0,0,0,0,0,0,0,600000000,0,0,176,419107817,0,0,0
2168,2026-07-15 02:36:00,\Device\HarddiskVolume3\Windows\System32\wbem\WmiPrvSE.exe,,,NetworkService,S-1-5-20,,9,333,0,0,0,0,0,0,0,600000000,0,28672,175,99531484,0,0,7
2169,2026-07-15 02:36:00,\Device\HarddiskVolume3\Windows\System32\dwm.exe,,,UnknownOrUserSid,S-1-5-90-0-1,,13,33,0,0,0,0,0,0,0,36000000000,0,0,19413,7750702337,0,0,0
2170,2026-07-15 02:36:00,\Device\HarddiskVolume3\Windows\System32\svchost.exe [LocalServiceNetworkRestricted],,,LocalService,S-1-5-19,,6,368,0,0,0,0,0,0,0,276599840000,262144,709632,2976,1243888078,28,4,166
2171,2026-07-15 02:36:00,\Device\HarddiskVolume3\Windows\System32\svchost.exe [LocalService],,,LocalService,S-1-5-19,,6,367,0,0,0,0,0,0,0,177000000000,0,0,1108,367540868,0,0,0
2172,2026-07-15 02:36:00,\Device\HarddiskVolume3\Windows\System32\svchost.exe [LocalServiceNoNetwork],,,LocalService,S-1-5-19,,6,366,0,0,0,0,0,0,0,72000000000,905216,2564096,22415,5967104600,0,17,566
2173,2026-07-15 02:36:00,\Device\HarddiskVolume3\Windows\System32\svchost.exe [LocalServiceRedirectionGuard],,,LocalService,S-1-5-19,,6,1777,0,0,0,0,0,0,0,36000000000,0,0,167,53423740,0,0,0
2174,2026-07-15 02:36:00,\Device\HarddiskVolume3\Windows\System32\svchost.exe [LocalServiceHttp],,,LocalService,S-1-5-19,,6,1778,0,0,0,0,0,0,0,36000000000,0,0,727,378114544,0,0,0
2175,2026-07-15 02:36:00,\Device\HarddiskVolume3\Windows\System32\svchost.exe [LocalServiceNoNetworkFirewall],,,LocalService,S-1-5-19,,6,369,0,0,0,0,0,0,0,36000000000,0,0,421,260224886,0,0,0
2176,2026-07-15 02:36:00,\Device\HarddiskVolume3\Windows\System32\svchost.exe [WSAIFabricSvcGroup],,,LocalService,S-1-5-19,,6,1779,0,0,0,0,0,0,0,36000000000,0,0,137,58786969,0,0,0
2177,2026-07-15 02:36:00,\Device\HarddiskVolume3\ProgramData\Microsoft\Windows Defender\Platform\4.18.26060.3008-0\NisSrv.exe,,,LocalService,S-1-5-19,,6,1093,0,0,0,0,0,0,0,36000000000,0,0,548,287930693,0,0,0
2178,2026-07-15 02:36:00,\Device\HarddiskVolume3\Windows\System32\conhost.exe,,,UnknownOrUserSid,S-1-5-21-2395961029-2893071609-3470587398-1000,,60,349,0,0,0,0,0,0,0,36000000000,0,0,21605,2925931075,0,0,0
2179,2026-07-15 02:36:00,\Device\HarddiskVolume3\Windows\System32\WindowsPowerShell\v1.0\powershell.exe,,,UnknownOrUserSid,S-1-5-21-2395961029-2893071609-3470587398-1000,,60,383,0,0,0,0,0,0,0,1199840000,0,0,10,6231161,0,0,0
2195,2026-07-15 03:36:00,System,,,LocalSystem,S-1-5-18,,4,29,0,0,0,0,0,0,0,36000160000,488960,1692160,87336,23622156176,0,33,185
2196,2026-07-15 03:36:00,Registry,,,LocalSystem,S-1-5-18,,4,335,0,0,0,0,0,0,0,25800160000,0,3108864,435,293621885,78,0,344
2197,2026-07-15 03:36:00,\Device\HarddiskVolume3\Windows\System32\smss.exe,,,LocalSystem,S-1-5-18,,4,312,0,0,0,0,0,0,0,600160000,0,0,1,163287,0,0,0
2198,2026-07-15 03:36:00,\Device\HarddiskVolume3\Windows\System32\csrss.exe,,,LocalSystem,S-1-5-18,,4,313,0,0,0,0,0,0,0,72000320000,0,16384,7948,889136923,0,0,4
2199,2026-07-15 03:36:00,\Device\HarddiskVolume3\Windows\System32\wininit.exe,,,LocalSystem,S-1-5-18,,4,314,0,0,0,0,0,0,0,1200000000,0,0,4,1331520,0,0,0
2200,2026-07-15 03:36:00,\Device\HarddiskVolume3\Windows\System32\services.exe,,,LocalSystem,S-1-5-18,,4,31,0,0,0,0,0,0,0,36000160000,23040,65536,4189,683073614,0,6,16
2201,2026-07-15 03:36:00,\Device\HarddiskVolume3\Windows\System32\lsass.exe,,,LocalSystem,S-1-5-18,,4,315,0,0,0,0,0,0,0,36000160000,939520,90112,2307,610113340,0,17,22
2202,2026-07-15 03:36:00,\Device\HarddiskVolume3\Windows\System32\svchost.exe [DcomLaunch],,,LocalSystem,S-1-5-18,,4,30,0,0,0,0,0,0,0,72000320000,0,0,5377,1171251571,0,0,0
2203,2026-07-15 03:36:00,\Device\HarddiskVolume3\Windows\System32\LogonUI.exe,,,LocalSystem,S-1-5-18,,4,523,0,0,0,0,0,0,0,36000160000,0,16384,1312,3068823518,0,0,4
2204,2026-07-15 03:36:00,\Device\HarddiskVolume3\Windows\System32\svchost.exe [netsvcs],,,LocalSystem,S-1-5-18,,4,317,0,0,0,0,0,0,0,406802400000,0,864256,3715,1371500694,10,0,75
2205,2026-07-15 03:36:00,\Device\HarddiskVolume3\Windows\System32\svchost.exe [LocalSystemNetworkRestricted],,,LocalSystem,S-1-5-18,,4,323,0,0,0,0,0,0,0,246601280000,0,598016,1301,1200336536,0,0,103
2206,2026-07-15 03:36:00,\Device\HarddiskVolume3\Windows\System32\svchost.exe [appmodel],,,LocalSystem,S-1-5-18,,4,326,0,0,0,0,0,0,0,36000160000,0,8192,207,84818171,0,0,2
2207,2026-07-15 03:36:00,\Device\HarddiskVolume3\Windows\System32\svchost.exe [UserProfileService],,,LocalSystem,S-1-5-18,,4,318,0,0,0,0,0,0,0,36000160000,0,0,138,50965335,0,0,0
2208,2026-07-15 03:36:00,\Device\HarddiskVolume3\Windows\System32\svchost.exe [netsvcsRedirectionGuard],,,LocalSystem,S-1-5-18,,4,1775,0,0,0,0,0,0,0,64800480000,0,0,192,49711938,0,0,0
2209,2026-07-15 03:36:00,\Device\HarddiskVolume3\Windows\System32\svchost.exe [utcsvc],,,LocalSystem,S-1-5-18,,4,330,0,0,0,0,0,0,0,36000160000,0,475136,1245,1026183930,12,0,115
2210,2026-07-15 03:36:00,\Device\HarddiskVolume3\Windows\System32\svchost.exe [NetSvcs],,,LocalSystem,S-1-5-18,,4,331,0,0,0,0,0,0,0,36000160000,0,0,176,48928458,0,0,0
2211,2026-07-15 03:36:00,\Device\HarddiskVolume3\ProgramData\Microsoft\Windows Defender\Platform\4.18.26060.3008-0\MpDefenderCoreService.exe,,,LocalSystem,S-1-5-18,,4,1078,0,0,0,0,0,0,0,36000160000,0,65536,510,407839311,0,0,16
2212,2026-07-15 03:36:00,\Device\HarddiskVolume3\ProgramData\Microsoft\Windows Defender\Platform\4.18.26060.3008-0\MsMpEng.exe,,,LocalSystem,S-1-5-18,,4,1081,0,0,0,0,0,0,0,36000160000,16937472,188416,13152,6828026225,0,243,46
2213,2026-07-15 03:36:00,\Device\HarddiskVolume3\Windows\System32\svchost.exe [osprivacy],,,LocalSystem,S-1-5-18,,4,346,0,0,0,0,0,0,0,3000000000,53248,94208,380,318413754,0,3,23
2214,2026-07-15 03:36:00,\Device\HarddiskVolume3\Windows\System32\svchost.exe [wsappx],,,LocalSystem,S-1-5-18,,4,325,0,0,0,0,0,0,0,3000000000,0,86016,119,77466431,0,0,21
2215,2026-07-15 03:36:00,\Device\HarddiskVolume3\Windows\System32\AggregatorHost.exe,,,LocalSystem,S-1-5-18,,4,332,0,0,0,0,0,0,0,17400160000,0,73728,114,108248382,0,0,18
2216,2026-07-15 03:36:00,System Interrupts,,,LocalSystem,S-1-5-18,,4,28,0,0,0,0,0,0,0,36000160000,0,0,0,1705322033884,0,0,0
2217,2026-07-15 03:36:00,\Device\HarddiskVolume3\Program Files (x86)\Microsoft\EdgeUpdate\MicrosoftEdgeUpdate.exe,,,LocalSystem,S-1-5-18,,4,342,0,0,0,0,0,0,0,2400160000,0,36864,80,17110728,0,0,9
2218,2026-07-15 03:36:00,\Device\HarddiskVolume3\Windows\System32\svchost.exe [InvSvcGroup],,,LocalSystem,S-1-5-18,,4,344,0,0,0,0,0,0,0,36000160000,0,0,171,90414764,0,0,0
2219,2026-07-15 03:36:00,\Device\HarddiskVolume3\Windows\System32\svchost.exe [wusvcs],,,LocalSystem,S-1-5-18,,4,337,0,0,0,0,0,0,0,1200000000,0,278528,687,1598622204,0,0,66
2220,2026-07-15 03:36:00,\Device\HarddiskVolume3\Windows\UUS\amd64\MoUsoCoreWorker.exe,,,LocalSystem,S-1-5-18,,4,356,0,0,0,0,0,0,0,1200000000,0,716800,2161,1348375671,36,0,175
2221,2026-07-15 03:36:00,\Device\HarddiskVolume3\Windows\System32\svchost.exe [whesvc],,,LocalSystem,S-1-5-18,,4,1845,0,0,0,0,0,0,0,36000160000,0,167936,3635,471165357,0,0,41
2222,2026-07-15 03:36:00,\Device\HarddiskVolume3\Windows\System32\SearchIndexer.exe,,,LocalSystem,S-1-5-18,,4,338,0,0,0,0,0,0,0,36000160000,0,0,465,155607378,0,0,0
2223,2026-07-15 03:36:00,\Device\HarddiskVolume3\Windows\System32\SecurityHealthService.exe,,,LocalSystem,S-1-5-18,,4,354,0,0,0,0,0,0,0,36000160000,0,0,132,60167185,0,0,0
2224,2026-07-15 03:36:00,\Device\HarddiskVolume3\Windows\System32\svchost.exe [WbioSvcGroup],,,LocalSystem,S-1-5-18,,4,345,0,0,0,0,0,0,0,2400160000,1209344,147456,220,166788990,0,34,36
2225,2026-07-15 03:36:00,\Device\HarddiskVolume3\Windows\System32\fontdrvhost.exe,,,UnknownOrUserSid,S-1-5-96-0-0,,1700,316,0,0,0,0,0,0,0,600000000,0,0,5,133852,0,0,0
2226,2026-07-15 03:36:00,\Device\HarddiskVolume3\Windows\System32\svchost.exe [RPCSS],,,NetworkService,S-1-5-20,,9,26,0,0,0,0,0,0,0,36000160000,0,0,2787,817516864,0,0,0
2227,2026-07-15 03:36:00,\Device\HarddiskVolume3\Windows\System32\svchost.exe [netprofm],,,NetworkService,S-1-5-20,,9,362,0,0,0,0,0,0,0,36000160000,0,0,2338,554752212,0,0,0
2228,2026-07-15 03:36:00,\Device\HarddiskVolume3\Windows\System32\svchost.exe [NetworkService],,,NetworkService,S-1-5-20,,9,363,0,0,0,0,0,0,0,158401440000,196608,73728,10337,5677694443,0,3,18
2229,2026-07-15 03:36:00,\Device\HarddiskVolume3\Windows\System32\svchost.exe [NetworkServiceNetworkRestricted],,,NetworkService,S-1-5-20,,9,365,0,0,0,0,0,0,0,36000160000,0,0,143,43528439,0,0,0
2230,2026-07-15 03:36:00,\Device\HarddiskVolume3\Windows\System32\sppsvc.exe,,,NetworkService,S-1-5-20,,9,361,0,0,0,0,0,0,0,1200000000,0,0,462,858215466,0,0,0
2231,2026-07-15 03:36:00,\Device\HarddiskVolume3\Windows\System32\wbem\WmiPrvSE.exe,,,NetworkService,S-1-5-20,,9,333,0,0,0,0,0,0,0,1200000000,0,65536,375,197069521,0,0,13
2232,2026-07-15 03:36:00,\Device\HarddiskVolume3\Windows\System32\dwm.exe,,,UnknownOrUserSid,S-1-5-90-0-1,,13,33,0,0,0,0,0,0,0,36000160000,0,0,19384,7202552921,0,0,0
2233,2026-07-15 03:36:00,\Device\HarddiskVolume3\Windows\System32\svchost.exe [LocalServiceNetworkRestricted],,,LocalService,S-1-5-19,,6,368,0,0,0,0,0,0,0,285602400000,495616,979456,3310,1322990900,42,8,231
2234,2026-07-15 03:36:00,\Device\HarddiskVolume3\Windows\System32\svchost.exe [LocalService],,,LocalService,S-1-5-19,,6,367,0,0,0,0,0,0,0,176400800000,0,32768,1166,368779183,0,0,8
2235,2026-07-15 03:36:00,\Device\HarddiskVolume3\Windows\System32\svchost.exe [LocalServiceNoNetwork],,,LocalService,S-1-5-19,,6,366,0,0,0,0,0,0,0,72000320000,0,811008,21490,5557886050,0,0,191
2236,2026-07-15 03:36:00,\Device\HarddiskVolume3\Windows\System32\svchost.exe [LocalServiceRedirectionGuard],,,LocalService,S-1-5-19,,6,1777,0,0,0,0,0,0,0,36000160000,0,0,168,50721104,0,0,0
2237,2026-07-15 03:36:00,\Device\HarddiskVolume3\Windows\System32\svchost.exe [LocalServiceHttp],,,LocalService,S-1-5-19,,6,1778,0,0,0,0,0,0,0,36000160000,0,0,716,303896323,0,0,0
2238,2026-07-15 03:36:00,\Device\HarddiskVolume3\Windows\System32\svchost.exe [LocalServiceNoNetworkFirewall],,,LocalService,S-1-5-19,,6,369,0,0,0,0,0,0,0,36000160000,0,0,422,226248368,0,0,0
2239,2026-07-15 03:36:00,\Device\HarddiskVolume3\Windows\System32\svchost.exe [WSAIFabricSvcGroup],,,LocalService,S-1-5-19,,6,1779,0,0,0,0,0,0,0,36000160000,0,0,138,57141485,0,0,0
2240,2026-07-15 03:36:00,\Device\HarddiskVolume3\ProgramData\Microsoft\Windows Defender\Platform\4.18.26060.3008-0\NisSrv.exe,,,LocalService,S-1-5-19,,6,1093,0,0,0,0,0,0,0,36000160000,0,0,550,269995811,0,0,0
2241,2026-07-15 03:36:00,\Device\HarddiskVolume3\Windows\System32\conhost.exe,,,UnknownOrUserSid,S-1-5-21-2395961029-2893071609-3470587398-1000,,60,349,0,0,0,0,0,0,0,36000160000,0,0,21605,2749594006,0,0,0
2242,2026-07-15 03:36:00,\Device\HarddiskVolume3\Windows\System32\WindowsPowerShell\v1.0\powershell.exe,,,UnknownOrUserSid,S-1-5-21-2395961029-2893071609-3470587398-1000,,60,383,0,0,0,0,0,0,0,1200160000,0,0,10,7071070,0,0,0
2257,2026-07-15 04:36:00,System,,,LocalSystem,S-1-5-18,,4,29,0,0,0,0,0,0,0,36001710000,2048,1677312,78251,23821995100,0,4,139
2258,2026-07-15 04:36:00,Registry,,,LocalSystem,S-1-5-18,,4,335,0,0,0,0,0,0,0,24600780000,0,2220032,336,299668023,58,0,256
2259,2026-07-15 04:36:00,\Device\HarddiskVolume3\Windows\System32\smss.exe,,,LocalSystem,S-1-5-18,,4,312,0,0,0,0,0,0,0,600000000,0,0,1,3288153,0,0,0
2260,2026-07-15 04:36:00,\Device\HarddiskVolume3\Windows\System32\csrss.exe,,,LocalSystem,S-1-5-18,,4,313,0,0,0,0,0,0,0,72003420000,0,0,7635,901739378,0,0,0
2261,2026-07-15 04:36:00,\Device\HarddiskVolume3\Windows\System32\wininit.exe,,,LocalSystem,S-1-5-18,,4,314,0,0,0,0,0,0,0,1200000000,0,0,4,2107657,0,0,0
2262,2026-07-15 04:36:00,\Device\HarddiskVolume3\Windows\System32\services.exe,,,LocalSystem,S-1-5-18,,4,31,0,0,0,0,0,0,0,36001710000,0,20480,2443,500849507,0,0,5
2263,2026-07-15 04:36:00,\Device\HarddiskVolume3\Windows\System32\lsass.exe,,,LocalSystem,S-1-5-18,,4,315,0,0,0,0,0,0,0,36001710000,0,0,1494,533486828,0,0,0
2264,2026-07-15 04:36:00,\Device\HarddiskVolume3\Windows\System32\svchost.exe [DcomLaunch],,,LocalSystem,S-1-5-18,,4,30,0,0,0,0,0,0,0,72003420000,0,0,5128,1141078656,0,0,0
2265,2026-07-15 04:36:00,\Device\HarddiskVolume3\Windows\System32\LogonUI.exe,,,LocalSystem,S-1-5-18,,4,523,0,0,0,0,0,0,0,36001710000,0,16384,1299,3396170339,0,0,4
2266,2026-07-15 04:36:00,\Device\HarddiskVolume3\Windows\System32\svchost.exe [netsvcs],,,LocalSystem,S-1-5-18,,4,317,0,0,0,0,0,0,0,406819280000,0,741376,2804,1162286580,10,0,67
2267,2026-07-15 04:36:00,\Device\HarddiskVolume3\Windows\System32\svchost.exe [LocalSystemNetworkRestricted],,,LocalSystem,S-1-5-18,,4,323,0,0,0,0,0,0,0,245411500000,0,319488,1115,1030867697,0,0,54
2268,2026-07-15 04:36:00,\Device\HarddiskVolume3\Windows\System32\svchost.exe [appmodel],,,LocalSystem,S-1-5-18,,4,326,0,0,0,0,0,0,0,36001710000,0,8192,209,88522598,0,0,2
2269,2026-07-15 04:36:00,\Device\HarddiskVolume3\Windows\System32\svchost.exe [UserProfileService],,,LocalSystem,S-1-5-18,,4,318,0,0,0,0,0,0,0,36001710000,0,0,135,54378925,0,0,0
2270,2026-07-15 04:36:00,\Device\HarddiskVolume3\Windows\System32\svchost.exe [netsvcsRedirectionGuard],,,LocalSystem,S-1-5-18,,4,1775,0,0,0,0,0,0,0,65402950000,0,0,189,56311382,0,0,0
2271,2026-07-15 04:36:00,\Device\HarddiskVolume3\Windows\System32\svchost.exe [utcsvc],,,LocalSystem,S-1-5-18,,4,330,0,0,0,0,0,0,0,36001710000,0,307200,802,689930937,4,0,73
2272,2026-07-15 04:36:00,\Device\HarddiskVolume3\Windows\System32\svchost.exe [NetSvcs],,,LocalSystem,S-1-5-18,,4,331,0,0,0,0,0,0,0,36001710000,0,0,176,42907186,0,0,0
2273,2026-07-15 04:36:00,\Device\HarddiskVolume3\ProgramData\Microsoft\Windows Defender\Platform\4.18.26060.3008-0\MpDefenderCoreService.exe,,,LocalSystem,S-1-5-18,,4,1078,0,0,0,0,0,0,0,36001710000,0,49152,479,387964638,0,0,12
2274,2026-07-15 04:36:00,\Device\HarddiskVolume3\ProgramData\Microsoft\Windows Defender\Platform\4.18.26060.3008-0\MsMpEng.exe,,,LocalSystem,S-1-5-18,,4,1081,0,0,0,0,0,0,0,36001710000,549376,57344,10056,4416684790,0,19,14
2275,2026-07-15 04:36:00,\Device\HarddiskVolume3\Windows\System32\AggregatorHost.exe,,,LocalSystem,S-1-5-18,,4,332,0,0,0,0,0,0,0,13799830000,0,69632,85,117413794,0,0,17
2276,2026-07-15 04:36:00,System Interrupts,,,LocalSystem,S-1-5-18,,4,28,0,0,0,0,0,0,0,36001710000,0,0,0,1873541224619,0,0,0
2277,2026-07-15 04:36:00,\Device\HarddiskVolume3\Program Files (x86)\Microsoft\EdgeUpdate\MicrosoftEdgeUpdate.exe,,,LocalSystem,S-1-5-18,,4,342,0,0,0,0,0,0,0,2400150000,0,16384,80,31356251,0,0,4
2278,2026-07-15 04:36:00,\Device\HarddiskVolume3\Windows\System32\svchost.exe [InvSvcGroup],,,LocalSystem,S-1-5-18,,4,344,0,0,0,0,0,0,0,36001710000,0,28672,159,129920962,0,0,7
2279,2026-07-15 04:36:00,\Device\HarddiskVolume3\Windows\System32\svchost.exe [wusvcs],,,LocalSystem,S-1-5-18,,4,337,0,0,0,0,0,0,0,600000000,0,163840,543,1106188291,0,0,39
2280,2026-07-15 04:36:00,\Device\HarddiskVolume3\Windows\UUS\amd64\MoUsoCoreWorker.exe,,,LocalSystem,S-1-5-18,,4,356,0,0,0,0,0,0,0,600000000,0,319488,1092,696136144,18,0,78
2281,2026-07-15 04:36:00,\Device\HarddiskVolume3\Windows\System32\svchost.exe [whesvc],,,LocalSystem,S-1-5-18,,4,1845,0,0,0,0,0,0,0,36001710000,0,69632,3142,360832120,0,0,17
2282,2026-07-15 04:36:00,\Device\HarddiskVolume3\Windows\System32\SearchIndexer.exe,,,LocalSystem,S-1-5-18,,4,338,0,0,0,0,0,0,0,36001710000,0,28672,373,168705697,0,0,7
2283,2026-07-15 04:36:00,\Device\HarddiskVolume3\Windows\System32\SearchProtocolHost.exe,,,LocalSystem,S-1-5-18,,4,339,0,0,0,0,0,0,0,600000000,0,24576,95,61915330,0,0,6
2284,2026-07-15 04:36:00,\Device\HarddiskVolume3\Windows\System32\SecurityHealthService.exe,,,LocalSystem,S-1-5-18,,4,354,0,0,0,0,0,0,0,36001710000,0,0,132,72306793,0,0,0
2285,2026-07-15 04:36:00,\Device\HarddiskVolume3\Windows\System32\svchost.exe [RPCSS],,,NetworkService,S-1-5-20,,9,26,0,0,0,0,0,0,0,36001710000,0,0,2275,770455671,0,0,0
2286,2026-07-15 04:36:00,\Device\HarddiskVolume3\Windows\System32\svchost.exe [netprofm],,,NetworkService,S-1-5-20,,9,362,0,0,0,0,0,0,0,36001710000,0,0,1880,545915137,0,0,0
2287,2026-07-15 04:36:00,\Device\HarddiskVolume3\Windows\System32\svchost.exe [NetworkService],,,NetworkService,S-1-5-20,,9,363,0,0,0,0,0,0,0,158407620000,102400,90112,10557,6153288164,0,2,22
2288,2026-07-15 04:36:00,\Device\HarddiskVolume3\Windows\System32\svchost.exe [NetworkServiceNetworkRestricted],,,NetworkService,S-1-5-20,,9,365,0,0,0,0,0,0,0,36001710000,0,0,156,43298570,0,0,0
2289,2026-07-15 04:36:00,\Device\HarddiskVolume3\Windows\System32\dwm.exe,,,UnknownOrUserSid,S-1-5-90-0-1,,13,33,0,0,0,0,0,0,0,36001710000,0,0,19396,7611241738,0,0,0
2290,2026-07-15 04:36:00,\Device\HarddiskVolume3\Windows\System32\svchost.exe [LocalServiceNetworkRestricted],,,LocalService,S-1-5-19,,6,368,0,0,0,0,0,0,0,273613070000,0,431104,3015,1135451887,17,0,104
2291,2026-07-15 04:36:00,\Device\HarddiskVolume3\Windows\System32\svchost.exe [LocalService],,,LocalService,S-1-5-19,,6,367,0,0,0,0,0,0,0,178208550000,0,0,1128,373267820,0,0,0
2292,2026-07-15 04:36:00,\Device\HarddiskVolume3\Windows\System32\svchost.exe [LocalServiceNoNetwork],,,LocalService,S-1-5-19,,6,366,0,0,0,0,0,0,0,72003420000,933888,1568768,23945,6464095349,0,21,319
2293,2026-07-15 04:36:00,\Device\HarddiskVolume3\Windows\System32\svchost.exe [LocalServiceRedirectionGuard],,,LocalService,S-1-5-19,,6,1777,0,0,0,0,0,0,0,36001710000,0,0,168,51959070,0,0,0
2294,2026-07-15 04:36:00,\Device\HarddiskVolume3\Windows\System32\svchost.exe [LocalServiceHttp],,,LocalService,S-1-5-19,,6,1778,0,0,0,0,0,0,0,36001710000,0,0,718,395961473,0,0,0
2295,2026-07-15 04:36:00,\Device\HarddiskVolume3\Windows\System32\svchost.exe [LocalServiceNoNetworkFirewall],,,LocalService,S-1-5-19,,6,369,0,0,0,0,0,0,0,36001710000,0,0,427,204880637,0,0,0
2296,2026-07-15 04:36:00,\Device\HarddiskVolume3\Windows\System32\svchost.exe [WSAIFabricSvcGroup],,,LocalService,S-1-5-19,,6,1779,0,0,0,0,0,0,0,36001710000,0,0,137,57561960,0,0,0
2297,2026-07-15 04:36:00,\Device\HarddiskVolume3\ProgramData\Microsoft\Windows Defender\Platform\4.18.26060.3008-0\NisSrv.exe,,,LocalService,S-1-5-19,,6,1093,0,0,0,0,0,0,0,36001710000,0,0,599,302595608,0,0,0
2298,2026-07-15 04:36:00,\Device\HarddiskVolume3\Windows\System32\conhost.exe,,,UnknownOrUserSid,S-1-5-21-2395961029-2893071609-3470587398-1000,,60,349,0,0,0,0,0,0,0,36001710000,0,0,21609,2958449645,0,0,0
2299,2026-07-15 04:36:00,\Device\HarddiskVolume3\Windows\System32\WindowsPowerShell\v1.0\powershell.exe,,,UnknownOrUserSid,S-1-5-21-2395961029-2893071609-3470587398-1000,,60,383,0,0,0,0,0,0,0,1200000000,0,0,10,6491861,0,0,0
2319,2026-07-15 05:37:00,System,,,LocalSystem,S-1-5-18,,4,29,0,0,0,0,0,0,0,36000630000,2560,1120768,77784,24052109214,0,5,127
2320,2026-07-15 05:37:00,Registry,,,LocalSystem,S-1-5-18,,4,335,0,0,0,0,0,0,0,22800160000,0,2482176,345,314276573,60,0,274
2321,2026-07-15 05:37:00,\Device\HarddiskVolume3\Windows\System32\smss.exe,,,LocalSystem,S-1-5-18,,4,312,0,0,0,0,0,0,0,600000000,0,0,1,200779,0,0,0
2322,2026-07-15 05:37:00,\Device\HarddiskVolume3\Windows\System32\csrss.exe,,,LocalSystem,S-1-5-18,,4,313,0,0,0,0,0,0,0,72001260000,0,0,7690,925757143,0,0,0
2323,2026-07-15 05:37:00,\Device\HarddiskVolume3\Windows\System32\wininit.exe,,,LocalSystem,S-1-5-18,,4,314,0,0,0,0,0,0,0,1800000000,0,0,4,2031617,0,0,0
2324,2026-07-15 05:37:00,\Device\HarddiskVolume3\Windows\System32\services.exe,,,LocalSystem,S-1-5-18,,4,31,0,0,0,0,0,0,0,36000630000,0,28672,2571,487280991,0,0,7
2325,2026-07-15 05:37:00,\Device\HarddiskVolume3\Windows\System32\lsass.exe,,,LocalSystem,S-1-5-18,,4,315,0,0,0,0,0,0,0,36000630000,0,0,1303,485307850,0,0,0
2326,2026-07-15 05:37:00,\Device\HarddiskVolume3\Windows\System32\svchost.exe [DcomLaunch],,,LocalSystem,S-1-5-18,,4,30,0,0,0,0,0,0,0,72001260000,0,0,4804,1071247084,0,0,0
2327,2026-07-15 05:37:00,\Device\HarddiskVolume3\Windows\System32\LogonUI.exe,,,LocalSystem,S-1-5-18,,4,523,0,0,0,0,0,0,0,36000630000,0,16384,1300,3281278065,0,0,4
2328,2026-07-15 05:37:00,\Device\HarddiskVolume3\Windows\System32\svchost.exe [netsvcs],,,LocalSystem,S-1-5-18,,4,317,0,0,0,0,0,0,0,399007090000,0,471040,3243,1485623442,8,0,49
2329,2026-07-15 05:37:00,\Device\HarddiskVolume3\Windows\System32\svchost.exe [LocalSystemNetworkRestricted],,,LocalSystem,S-1-5-18,,4,323,0,0,0,0,0,0,0,244804090000,233984,286720,1151,1200040482,0,2,53
2330,2026-07-15 05:37:00,\Device\HarddiskVolume3\Windows\System32\svchost.exe [appmodel],,,LocalSystem,S-1-5-18,,4,326,0,0,0,0,0,0,0,36000630000,0,32768,245,134243137,0,0,8
2331,2026-07-15 05:37:00,\Device\HarddiskVolume3\Windows\System32\svchost.exe [UserProfileService],,,LocalSystem,S-1-5-18,,4,318,0,0,0,0,0,0,0,36000630000,0,0,135,54672564,0,0,0
2332,2026-07-15 05:37:00,\Device\HarddiskVolume3\Windows\System32\svchost.exe [netsvcsRedirectionGuard],,,LocalSystem,S-1-5-18,,4,1775,0,0,0,0,0,0,0,64800940000,0,0,192,50784873,0,0,0
2333,2026-07-15 05:37:00,\Device\HarddiskVolume3\Windows\System32\svchost.exe [utcsvc],,,LocalSystem,S-1-5-18,,4,330,0,0,0,0,0,0,0,36000630000,0,385024,776,676370465,7,0,93
2334,2026-07-15 05:37:00,\Device\HarddiskVolume3\Windows\System32\svchost.exe [NetSvcs],,,LocalSystem,S-1-5-18,,4,331,0,0,0,0,0,0,0,36000630000,0,0,187,45751370,0,0,0
2335,2026-07-15 05:37:00,\Device\HarddiskVolume3\ProgramData\Microsoft\Windows Defender\Platform\4.18.26060.3008-0\MpDefenderCoreService.exe,,,LocalSystem,S-1-5-18,,4,1078,0,0,0,0,0,0,0,36000630000,0,49152,497,461279867,0,0,12
2336,2026-07-15 05:37:00,\Device\HarddiskVolume3\ProgramData\Microsoft\Windows Defender\Platform\4.18.26060.3008-0\MsMpEng.exe,,,LocalSystem,S-1-5-18,,4,1081,0,0,0,0,0,0,0,36000630000,0,81920,9652,3986912178,0,0,13
2337,2026-07-15 05:37:00,\Device\HarddiskVolume3\Windows\System32\svchost.exe [wsappx],,,LocalSystem,S-1-5-18,,4,325,0,0,0,0,0,0,0,3000000000,0,32768,176,118714472,0,0,8
2338,2026-07-15 05:37:00,\Device\HarddiskVolume3\Windows\System32\AggregatorHost.exe,,,LocalSystem,S-1-5-18,,4,332,0,0,0,0,0,0,0,13200160000,0,69632,84,107541963,0,0,17
2339,2026-07-15 05:37:00,System Interrupts,,,LocalSystem,S-1-5-18,,4,28,0,0,0,0,0,0,0,36000630000,0,0,0,1889951295579,0,0,0
2340,2026-07-15 05:37:00,\Device\HarddiskVolume3\Program Files (x86)\Microsoft\EdgeUpdate\MicrosoftEdgeUpdate.exe,,,LocalSystem,S-1-5-18,,4,342,0,0,0,0,0,0,0,2400150000,0,12288,81,33198291,0,0,3
2341,2026-07-15 05:37:00,\Device\HarddiskVolume3\Windows\System32\svchost.exe [InvSvcGroup],,,LocalSystem,S-1-5-18,,4,344,0,0,0,0,0,0,0,36000630000,0,16384,167,126129643,0,0,4
2342,2026-07-15 05:37:00,\Device\HarddiskVolume3\Windows\System32\svchost.exe [wusvcs],,,LocalSystem,S-1-5-18,,4,337,0,0,0,0,0,0,0,600000000,0,61440,563,837119601,0,0,14
2343,2026-07-15 05:37:00,\Device\HarddiskVolume3\Windows\UUS\amd64\MoUsoCoreWorker.exe,,,LocalSystem,S-1-5-18,,4,356,0,0,0,0,0,0,0,600000000,0,856064,1949,1928456524,45,0,209
2344,2026-07-15 05:37:00,\Device\HarddiskVolume3\Windows\System32\svchost.exe [whesvc],,,LocalSystem,S-1-5-18,,4,1845,0,0,0,0,0,0,0,36000630000,0,147456,3049,440370132,0,0,36
2345,2026-07-15 05:37:00,\Device\HarddiskVolume3\Windows\System32\SearchIndexer.exe,,,LocalSystem,S-1-5-18,,4,338,0,0,0,0,0,0,0,36000630000,0,12288,395,175649560,0,0,3
2346,2026-07-15 05:37:00,\Device\HarddiskVolume3\Windows\System32\SearchProtocolHost.exe,,,LocalSystem,S-1-5-18,,4,339,0,0,0,0,0,0,0,1800000000,0,0,115,64806475,0,0,0
2347,2026-07-15 05:37:00,\Device\HarddiskVolume3\Windows\System32\SecurityHealthService.exe,,,LocalSystem,S-1-5-18,,4,354,0,0,0,0,0,0,0,36000630000,0,0,132,67194808,0,0,0
2348,2026-07-15 05:37:00,\Device\HarddiskVolume3\Windows\System32\svchost.exe [RPCSS],,,NetworkService,S-1-5-20,,9,26,0,0,0,0,0,0,0,36000630000,0,0,2668,789178284,0,0,0
2349,2026-07-15 05:37:00,\Device\HarddiskVolume3\Windows\System32\svchost.exe [netprofm],,,NetworkService,S-1-5-20,,9,362,0,0,0,0,0,0,0,36000630000,0,0,1899,540262814,0,0,0
2350,2026-07-15 05:37:00,\Device\HarddiskVolume3\Windows\System32\svchost.exe [NetworkService],,,NetworkService,S-1-5-20,,9,363,0,0,0,0,0,0,0,158402990000,0,65536,10257,5800939607,0,0,16
2351,2026-07-15 05:37:00,\Device\HarddiskVolume3\Windows\System32\svchost.exe [NetworkServiceNetworkRestricted],,,NetworkService,S-1-5-20,,9,365,0,0,0,0,0,0,0,36000630000,0,0,156,44949661,0,0,0
2352,2026-07-15 05:37:00,\Device\HarddiskVolume3\Windows\System32\dwm.exe,,,UnknownOrUserSid,S-1-5-90-0-1,,13,33,0,0,0,0,0,0,0,36000630000,0,0,19383,7905585294,0,0,0
2353,2026-07-15 05:37:00,\Device\HarddiskVolume3\Windows\System32\svchost.exe [LocalServiceNetworkRestricted],,,LocalService,S-1-5-19,,6,368,0,0,0,0,0,0,0,273004400000,0,516608,2886,1176512467,21,0,122
2354,2026-07-15 05:37:00,\Device\HarddiskVolume3\Windows\System32\svchost.exe [LocalService],,,LocalService,S-1-5-19,,6,367,0,0,0,0,0,0,0,176402990000,0,0,1046,342156837,0,0,0
2355,2026-07-15 05:37:00,\Device\HarddiskVolume3\Windows\System32\svchost.exe [LocalServiceNoNetwork],,,LocalService,S-1-5-19,,6,366,0,0,0,0,0,0,0,72001260000,0,897024,21334,5832122134,0,0,196
2356,2026-07-15 05:37:00,\Device\HarddiskVolume3\Windows\System32\svchost.exe [LocalServiceRedirectionGuard],,,LocalService,S-1-5-19,,6,1777,0,0,0,0,0,0,0,36000630000,0,0,172,52519347,0,0,0
2357,2026-07-15 05:37:00,\Device\HarddiskVolume3\Windows\System32\svchost.exe [LocalServiceHttp],,,LocalService,S-1-5-19,,6,1778,0,0,0,0,0,0,0,36000630000,0,0,696,438441853,0,0,0
2358,2026-07-15 05:37:00,\Device\HarddiskVolume3\Windows\System32\svchost.exe [LocalServiceNoNetworkFirewall],,,LocalService,S-1-5-19,,6,369,0,0,0,0,0,0,0,36000630000,0,0,403,241557705,0,0,0
2359,2026-07-15 05:37:00,\Device\HarddiskVolume3\Windows\System32\svchost.exe [WSAIFabricSvcGroup],,,LocalService,S-1-5-19,,6,1779,0,0,0,0,0,0,0,36000630000,0,0,138,58068989,0,0,0
2360,2026-07-15 05:37:00,\Device\HarddiskVolume3\ProgramData\Microsoft\Windows Defender\Platform\4.18.26060.3008-0\NisSrv.exe,,,LocalService,S-1-5-19,,6,1093,0,0,0,0,0,0,0,36000630000,0,0,615,302317067,0,0,0
2361,2026-07-15 05:37:00,\Device\HarddiskVolume3\Windows\System32\conhost.exe,,,UnknownOrUserSid,S-1-5-21-2395961029-2893071609-3470587398-1000,,60,349,0,0,0,0,0,0,0,36000630000,0,0,21609,2957316700,0,0,0
2362,2026-07-15 05:37:00,\Device\HarddiskVolume3\Windows\System32\WindowsPowerShell\v1.0\powershell.exe,,,UnknownOrUserSid,S-1-5-21-2395961029-2893071609-3470587398-1000,,60,383,0,0,0,0,0,0,0,1200000000,0,0,10,9365843,0,0,0
2381,2026-07-15 06:36:00,System,,,LocalSystem,S-1-5-18,,4,29,0,0,0,0,0,0,0,36000160000,738816,1189888,79201,25039909225,0,27,150
2382,2026-07-15 06:36:00,Registry,,,LocalSystem,S-1-5-18,,4,335,0,0,0,0,0,0,0,26999850000,0,2187264,321,249811014,61,0,246
2383,2026-07-15 06:36:00,\Device\HarddiskVolume3\Windows\System32\smss.exe,,,LocalSystem,S-1-5-18,,4,312,0,0,0,0,0,0,0,600000000,0,0,1,151723,0,0,0
2384,2026-07-15 06:36:00,\Device\HarddiskVolume3\Windows\System32\csrss.exe,,,LocalSystem,S-1-5-18,,4,313,0,0,0,0,0,0,0,72000320000,0,16384,7800,911286304,0,0,4
2385,2026-07-15 06:36:00,\Device\HarddiskVolume3\Windows\System32\wininit.exe,,,LocalSystem,S-1-5-18,,4,314,0,0,0,0,0,0,0,1200000000,0,0,4,1730625,0,0,0
2386,2026-07-15 06:36:00,\Device\HarddiskVolume3\Windows\System32\services.exe,,,LocalSystem,S-1-5-18,,4,31,0,0,0,0,0,0,0,36000160000,0,12288,2991,611235632,0,0,3
2387,2026-07-15 06:36:00,\Device\HarddiskVolume3\Windows\System32\lsass.exe,,,LocalSystem,S-1-5-18,,4,315,0,0,0,0,0,0,0,36000160000,0,8192,2154,642594039,0,0,2
2388,2026-07-15 06:36:00,\Device\HarddiskVolume3\Windows\System32\svchost.exe [DcomLaunch],,,LocalSystem,S-1-5-18,,4,30,0,0,0,0,0,0,0,72000320000,0,8192,4976,1096896351,0,0,2
2389,2026-07-15 06:36:00,\Device\HarddiskVolume3\Windows\System32\LogonUI.exe,,,LocalSystem,S-1-5-18,,4,523,0,0,0,0,0,0,0,36000160000,0,16384,1322,3260751990,0,0,4
2390,2026-07-15 06:36:00,\Device\HarddiskVolume3\Windows\System32\svchost.exe [netsvcs],,,LocalSystem,S-1-5-18,,4,317,0,0,0,0,0,0,0,405001920000,0,1814528,3857,1749345395,18,0,185
2391,2026-07-15 06:36:00,\Device\HarddiskVolume3\Windows\System32\svchost.exe [LocalSystemNetworkRestricted],,,LocalSystem,S-1-5-18,,4,323,0,0,0,0,0,0,0,244801110000,0,503808,1162,1106158129,0,0,84
2392,2026-07-15 06:36:00,\Device\HarddiskVolume3\Windows\System32\svchost.exe [appmodel],,,LocalSystem,S-1-5-18,,4,326,0,0,0,0,0,0,0,36000160000,0,32768,251,135097776,0,0,8
2393,2026-07-15 06:36:00,\Device\HarddiskVolume3\Windows\System32\svchost.exe [UserProfileService],,,LocalSystem,S-1-5-18,,4,318,0,0,0,0,0,0,0,36000160000,0,0,142,57308278,0,0,0
2394,2026-07-15 06:36:00,\Device\HarddiskVolume3\Windows\System32\svchost.exe [netsvcsRedirectionGuard],,,LocalSystem,S-1-5-18,,4,1775,0,0,0,0,0,0,0,64800310000,0,0,192,58923958,0,0,0
2395,2026-07-15 06:36:00,\Device\HarddiskVolume3\Windows\System32\svchost.exe [utcsvc],,,LocalSystem,S-1-5-18,,4,330,0,0,0,0,0,0,0,36000160000,0,364544,1057,1118550391,6,0,88
2396,2026-07-15 06:36:00,\Device\HarddiskVolume3\Windows\System32\svchost.exe [NetSvcs],,,LocalSystem,S-1-5-18,,4,331,0,0,0,0,0,0,0,36000160000,0,0,184,47671922,0,0,0
2397,2026-07-15 06:36:00,\Device\HarddiskVolume3\ProgramData\Microsoft\Windows Defender\Platform\4.18.26060.3008-0\MpDefenderCoreService.exe,,,LocalSystem,S-1-5-18,,4,1078,0,0,0,0,0,0,0,36000160000,0,40960,448,449850161,0,0,10
2398,2026-07-15 06:36:00,\Device\HarddiskVolume3\ProgramData\Microsoft\Windows Defender\Platform\4.18.26060.3008-0\MsMpEng.exe,,,LocalSystem,S-1-5-18,,4,1081,0,0,0,0,0,0,0,36000160000,47616,57344,11733,5330529381,0,3,14
2399,2026-07-15 06:36:00,\Device\HarddiskVolume3\Windows\System32\svchost.exe [wsappx],,,LocalSystem,S-1-5-18,,4,325,0,0,0,0,0,0,0,3000000000,0,8192,171,123484461,0,0,2
2400,2026-07-15 06:36:00,\Device\HarddiskVolume3\Windows\System32\AggregatorHost.exe,,,LocalSystem,S-1-5-18,,4,332,0,0,0,0,0,0,0,13800310000,0,73728,88,111296153,0,0,18
2401,2026-07-15 06:36:00,System Interrupts,,,LocalSystem,S-1-5-18,,4,28,0,0,0,0,0,0,0,36000160000,0,0,0,1861807898195,0,0,0
2402,2026-07-15 06:36:00,\Device\HarddiskVolume3\Program Files (x86)\Microsoft\EdgeUpdate\MicrosoftEdgeUpdate.exe,,,LocalSystem,S-1-5-18,,4,342,0,0,0,0,0,0,0,2399850000,0,4096,80,15245556,0,0,1
2403,2026-07-15 06:36:00,\Device\HarddiskVolume3\Windows\System32\svchost.exe [InvSvcGroup],,,LocalSystem,S-1-5-18,,4,344,0,0,0,0,0,0,0,36000160000,0,20480,168,153593995,0,0,5
2404,2026-07-15 06:36:00,\Device\HarddiskVolume3\Windows\System32\svchost.exe [wusvcs],,,LocalSystem,S-1-5-18,,4,337,0,0,0,0,0,0,0,600000000,0,147456,566,1091238486,0,0,35
2405,2026-07-15 06:36:00,\Device\HarddiskVolume3\Windows\UUS\amd64\MoUsoCoreWorker.exe,,,LocalSystem,S-1-5-18,,4,356,0,0,0,0,0,0,0,600000000,0,339968,1482,807045147,21,0,83
2406,2026-07-15 06:36:00,\Device\HarddiskVolume3\Windows\System32\svchost.exe [whesvc],,,LocalSystem,S-1-5-18,,4,1845,0,0,0,0,0,0,0,36000160000,0,163840,3522,463385740,0,0,40
2407,2026-07-15 06:36:00,\Device\HarddiskVolume3\Windows\System32\SearchIndexer.exe,,,LocalSystem,S-1-5-18,,4,338,0,0,0,0,0,0,0,36000160000,0,0,367,150019219,0,0,0
2408,2026-07-15 06:36:00,\Device\HarddiskVolume3\Windows\System32\SecurityHealthService.exe,,,LocalSystem,S-1-5-18,,4,354,0,0,0,0,0,0,0,36000160000,0,0,132,63133319,0,0,0
2409,2026-07-15 06:36:00,\Device\HarddiskVolume3\Windows\System32\svchost.exe [RPCSS],,,NetworkService,S-1-5-20,,9,26,0,0,0,0,0,0,0,36000160000,0,0,2631,815547582,0,0,0
2410,2026-07-15 06:36:00,\Device\HarddiskVolume3\Windows\System32\svchost.exe [netprofm],,,NetworkService,S-1-5-20,,9,362,0,0,0,0,0,0,0,36000160000,0,0,2199,625764355,0,0,0
2411,2026-07-15 06:36:00,\Device\HarddiskVolume3\Windows\System32\svchost.exe [NetworkService],,,NetworkService,S-1-5-20,,9,363,0,0,0,0,0,0,0,158400800000,65536,90112,10681,5976808150,0,2,22
2412,2026-07-15 06:36:00,\Device\HarddiskVolume3\Windows\System32\svchost.exe [NetworkServiceNetworkRestricted],,,NetworkService,S-1-5-20,,9,365,0,0,0,0,0,0,0,36000160000,0,0,168,45830921,0,0,0
2413,2026-07-15 06:36:00,\Device\HarddiskVolume3\Windows\System32\sppsvc.exe,,,NetworkService,S-1-5-20,,9,361,0,0,0,0,0,0,0,1800000000,0,192512,646,1368050621,0,0,47
2414,2026-07-15 06:36:00,\Device\HarddiskVolume3\Windows\System32\wbem\WmiPrvSE.exe,,,NetworkService,S-1-5-20,,9,333,0,0,0,0,0,0,0,1200000000,0,28672,189,107981368,0,0,7
2415,2026-07-15 06:36:00,\Device\HarddiskVolume3\Windows\System32\dwm.exe,,,UnknownOrUserSid,S-1-5-90-0-1,,13,33,0,0,0,0,0,0,0,36000160000,0,0,19383,7536656450,0,0,0
2416,2026-07-15 06:36:00,\Device\HarddiskVolume3\Windows\System32\svchost.exe [LocalServiceNetworkRestricted],,,LocalService,S-1-5-19,,6,368,0,0,0,0,0,0,0,279601590000,65536,824320,3135,1318586364,30,1,177
2417,2026-07-15 06:36:00,\Device\HarddiskVolume3\Windows\System32\svchost.exe [LocalService],,,LocalService,S-1-5-19,,6,367,0,0,0,0,0,0,0,177000960000,0,0,1292,409100041,0,0,0
2418,2026-07-15 06:36:00,\Device\HarddiskVolume3\Windows\System32\svchost.exe [LocalServiceNoNetwork],,,LocalService,S-1-5-19,,6,366,0,0,0,0,0,0,0,72000320000,0,1122304,21443,5602460716,0,0,250
2419,2026-07-15 06:36:00,\Device\HarddiskVolume3\Windows\System32\svchost.exe [LocalServiceRedirectionGuard],,,LocalService,S-1-5-19,,6,1777,0,0,0,0,0,0,0,36000160000,0,0,170,50557114,0,0,0
2420,2026-07-15 06:36:00,\Device\HarddiskVolume3\Windows\System32\svchost.exe [LocalServiceHttp],,,LocalService,S-1-5-19,,6,1778,0,0,0,0,0,0,0,36000160000,0,0,812,414334327,0,0,0
2421,2026-07-15 06:36:00,\Device\HarddiskVolume3\Windows\System32\svchost.exe [LocalServiceNoNetworkFirewall],,,LocalService,S-1-5-19,,6,369,0,0,0,0,0,0,0,36000160000,0,0,439,248710414,0,0,0
2422,2026-07-15 06:36:00,\Device\HarddiskVolume3\Windows\System32\svchost.exe [WSAIFabricSvcGroup],,,LocalService,S-1-5-19,,6,1779,0,0,0,0,0,0,0,36000160000,0,0,138,55198515,0,0,0
2423,2026-07-15 06:36:00,\Device\HarddiskVolume3\ProgramData\Microsoft\Windows Defender\Platform\4.18.26060.3008-0\NisSrv.exe,,,LocalService,S-1-5-19,,6,1093,0,0,0,0,0,0,0,36000160000,0,0,542,292910925,0,0,0
2424,2026-07-15 06:36:00,\Device\HarddiskVolume3\Windows\System32\conhost.exe,,,UnknownOrUserSid,S-1-5-21-2395961029-2893071609-3470587398-1000,,60,349,0,0,0,0,0,0,0,36000160000,0,0,21609,2936326073,0,0,0
2425,2026-07-15 06:36:00,\Device\HarddiskVolume3\Windows\System32\WindowsPowerShell\v1.0\powershell.exe,,,UnknownOrUserSid,S-1-5-21-2395961029-2893071609-3470587398-1000,,60,383,0,0,0,0,0,0,0,1200000000,0,0,10,5991492,0,0,0
2443,2026-07-15 07:36:00,System,,,LocalSystem,S-1-5-18,,4,29,0,0,0,0,0,0,0,36000150000,4121600,30448640,917616,89498378451,5,222,1482
2444,2026-07-15 07:36:00,Registry,,,LocalSystem,S-1-5-18,,4,335,0,0,0,0,0,0,0,30600140000,0,63729664,3543,1488199980,172,0,3490
2445,2026-07-15 07:36:00,\Device\HarddiskVolume3\Windows\System32\smss.exe,,,LocalSystem,S-1-5-18,,4,312,0,0,0,0,0,0,0,600000000,0,0,1,82694,0,0,0
2446,2026-07-15 07:36:00,\Device\HarddiskVolume3\Windows\System32\csrss.exe,,,LocalSystem,S-1-5-18,,4,313,0,0,0,0,0,0,0,72000300000,196608,32768,16607,2086228343,0,1,8
2447,2026-07-15 07:36:00,\Device\HarddiskVolume3\Windows\System32\wininit.exe,,,LocalSystem,S-1-5-18,,4,314,0,0,0,0,0,0,0,2400000000,0,0,11,2182293,0,0,0
2448,2026-07-15 07:36:00,\Device\HarddiskVolume3\Windows\System32\winlogon.exe,,,LocalSystem,S-1-5-18,,4,32,0,0,0,0,0,0,0,1200000000,0,0,10,2147601,0,0,0
2449,2026-07-15 07:36:00,\Device\HarddiskVolume3\Windows\System32\services.exe,,,LocalSystem,S-1-5-18,,4,31,0,0,0,0,0,0,0,36000150000,0,16384,14633,1371446301,0,0,4
2450,2026-07-15 07:36:00,\Device\HarddiskVolume3\Windows\System32\lsass.exe,,,LocalSystem,S-1-5-18,,4,315,0,0,0,0,0,0,0,36000150000,395264,2281472,19555,3422252660,156,3,289
2451,2026-07-15 07:36:00,\Device\HarddiskVolume3\Windows\System32\svchost.exe [DcomLaunch],,,LocalSystem,S-1-5-18,,4,30,0,0,0,0,0,0,0,72000300000,0,8192,7240,1233556116,0,0,2
2452,2026-07-15 07:36:00,\Device\HarddiskVolume3\Windows\System32\LogonUI.exe,,,LocalSystem,S-1-5-18,,4,523,0,0,0,0,0,0,0,36000150000,0,16384,1322,3155889502,0,0,4
2453,2026-07-15 07:36:00,\Device\HarddiskVolume3\Windows\System32\svchost.exe [netsvcs],,,LocalSystem,S-1-5-18,,4,317,0,0,0,0,0,0,0,414001800000,60664832,571077120,91799,118615229822,48,2547,25140
2454,2026-07-15 07:36:00,\Device\HarddiskVolume3\Windows\System32\svchost.exe [LocalSystemNetworkRestricted],,,LocalSystem,S-1-5-18,,4,323,0,0,0,0,0,0,0,244800750000,0,5898240,2805,3218404768,0,0,912
2455,2026-07-15 07:36:00,\Device\HarddiskVolume3\Windows\System32\svchost.exe [appmodel],,,LocalSystem,S-1-5-18,,4,326,0,0,0,0,0,0,0,36000150000,0,81920,774,235796760,0,0,20
2456,2026-07-15 07:36:00,\Device\HarddiskVolume3\Windows\System32\svchost.exe [UserProfileService],,,LocalSystem,S-1-5-18,,4,318,0,0,0,0,0,0,0,36000150000,0,307200,725,284934772,0,0,75
2457,2026-07-15 07:36:00,\Device\HarddiskVolume3\Windows\servicing\TrustedInstaller.exe,,,LocalSystem,S-1-5-18,,4,327,0,0,0,0,0,0,0,1200000000,0,45056,59757,3529767647,0,0,11
2458,2026-07-15 07:36:00,\Device\HarddiskVolume3\Windows\System32\svchost.exe [netsvcsRedirectionGuard],,,LocalSystem,S-1-5-18,,4,1775,0,0,0,0,0,0,0,64800000000,0,0,195,54227194,0,0,0
2459,2026-07-15 07:36:00,\Device\HarddiskVolume3\Windows\System32\spoolsv.exe,,,LocalSystem,S-1-5-18,,4,329,0,0,0,0,0,0,0,2400000000,0,0,28,4327091,0,0,0
2460,2026-07-15 07:36:00,\Device\HarddiskVolume3\Windows\System32\svchost.exe [utcsvc],,,LocalSystem,S-1-5-18,,4,330,0,0,0,0,0,0,0,36000150000,0,4382720,3786,3818502674,18,0,408
2461,2026-07-15 07:36:00,\Device\HarddiskVolume3\Windows\System32\svchost.exe [NetSvcs],,,LocalSystem,S-1-5-18,,4,331,0,0,0,0,0,0,0,36000150000,0,0,187,42377734,0,0,0
2462,2026-07-15 07:36:00,\Device\HarddiskVolume3\ProgramData\Microsoft\Windows Defender\Platform\4.18.26060.3008-0\MpDefenderCoreService.exe,,,LocalSystem,S-1-5-18,,4,1078,0,0,0,0,0,0,0,36000150000,0,81920,576,564392098,0,0,20
2463,2026-07-15 07:36:00,\Device\HarddiskVolume3\Windows\System32\OpenSSH\ssh-agent.exe,,,LocalSystem,S-1-5-18,,4,1057,0,0,0,0,0,0,0,1200000000,0,0,7,349348,0,0,0
2464,2026-07-15 07:36:00,\Device\HarddiskVolume3\ProgramData\Microsoft\Windows Defender\Platform\4.18.26060.3008-0\MsMpEng.exe,,,LocalSystem,S-1-5-18,,4,1081,0,0,0,0,0,0,0,36000150000,37128192,351784960,149861,119747580264,0,192,2377
2465,2026-07-15 07:36:00,\Device\HarddiskVolume3\Windows\System32\OpenSSH\sshd.exe,,,LocalSystem,S-1-5-18,,4,1059,0,0,0,0,0,0,0,12599990000,0,8192,879,591474470,0,0,2
2466,2026-07-15 07:36:00,\Device\HarddiskVolume3\Windows\System32\svchost.exe [wsappx],,,LocalSystem,S-1-5-18,,4,325,0,0,0,0,0,0,0,6600150000,0,147456,414,282596888,0,0,36
2467,2026-07-15 07:36:00,\Device\HarddiskVolume3\Windows\System32\AggregatorHost.exe,,,LocalSystem,S-1-5-18,,4,332,0,0,0,0,0,0,0,16200290000,0,69632,157,107512177,0,0,17
2468,2026-07-15 07:36:00,\Device\HarddiskVolume3\Windows\WinSxS\amd64_microsoft-windows-servicingstack_31bf3856ad364e35_10.0.26100.8648_none_a50ef8e3775e8e5e\TiWorker.exe,,,LocalSystem,S-1-5-18,,4,1538,0,0,0,0,0,0,0,1200000000,3249213440,1172645888,80571,354734671771,72,45787,57132
2469,2026-07-15 07:36:00,System Interrupts,,,LocalSystem,S-1-5-18,,4,28,0,0,0,0,0,0,0,36000150000,0,0,0,1800085869194,0,0,0
2470,2026-07-15 07:36:00,\Device\HarddiskVolume3\Program Files (x86)\Microsoft\EdgeUpdate\MicrosoftEdgeUpdate.exe,,,LocalSystem,S-1-5-18,,4,342,0,0,0,0,0,0,0,4200300000,0,12288,85,29264356,0,0,3
2471,2026-07-15 07:36:00,\Device\HarddiskVolume3\Windows\System32\svchost.exe [InvSvcGroup],,,LocalSystem,S-1-5-18,,4,344,0,0,0,0,0,0,0,36000150000,0,8192,175,147816581,0,0,2
2472,2026-07-15 07:36:00,\Device\HarddiskVolume3\Windows\System32\svchost.exe [wusvcs],,,LocalSystem,S-1-5-18,,4,337,0,0,0,0,0,0,0,1800000000,0,303104,1865,2851967642,0,0,71
2473,2026-07-15 07:36:00,\Device\HarddiskVolume3\Windows\UUS\amd64\MoUsoCoreWorker.exe,,,LocalSystem,S-1-5-18,,4,356,0,0,0,0,0,0,0,2400000000,2958848,16941056,12282,10930976512,392,301,4096
2474,2026-07-15 07:36:00,\Device\HarddiskVolume3\Windows\System32\svchost.exe [whesvc],,,LocalSystem,S-1-5-18,,4,1845,0,0,0,0,0,0,0,36000150000,0,151552,12813,2017116193,0,0,37
2475,2026-07-15 07:36:00,\Device\HarddiskVolume3\Windows\System32\SearchIndexer.exe,,,LocalSystem,S-1-5-18,,4,338,0,0,0,0,0,0,0,36000150000,8192,2019328,4178,1641734756,5,2,492
2476,2026-07-15 07:36:00,\Device\HarddiskVolume3\Windows\System32\SearchProtocolHost.exe,,,LocalSystem,S-1-5-18,,4,339,0,0,0,0,0,0,0,9600150000,0,77824,3265,844606261,0,0,19
2477,2026-07-15 07:36:00,\Device\HarddiskVolume3\Windows\System32\conhost.exe,,,LocalSystem,S-1-5-18,,4,349,0,0,0,0,0,0,0,1200000000,0,24576,820,103029863,0,0,6
2478,2026-07-15 07:36:00,\Device\HarddiskVolume3\Windows\System32\svchost.exe [defragsvc],,,LocalSystem,S-1-5-18,,4,1060,0,0,0,0,0,0,0,3000150000,4096,135577600,312138,142496322192,0,1,33100
2479,2026-07-15 07:36:00,\Device\HarddiskVolume3\Windows\System32\SecurityHealthService.exe,,,LocalSystem,S-1-5-18,,4,354,0,0,0,0,0,0,0,36000150000,0,0,159,60728168,0,0,0
2480,2026-07-15 07:36:00,\Device\HarddiskVolume3\Windows\System32\Defrag.exe,,,LocalSystem,S-1-5-18,,4,1061,0,0,0,0,0,0,0,1200000000,0,16384,593,90403206,0,0,4
2481,2026-07-15 07:36:00,Memory Compression,,,LocalSystem,S-1-5-18,,4,336,0,0,0,0,0,0,0,1200000000,0,0,170,6269005,0,0,0
2482,2026-07-15 07:36:00,\Device\HarddiskVolume3\Windows\System32\fontdrvhost.exe,,,UnknownOrUserSid,S-1-5-96-0-0,,1700,316,0,0,0,0,0,0,0,8399840000,0,0,140,3680608,0,0,0
2483,2026-07-15 07:36:00,\Device\HarddiskVolume3\Windows\System32\svchost.exe [RPCSS],,,NetworkService,S-1-5-20,,9,26,0,0,0,0,0,0,0,36000150000,0,12288,9487,1808743013,0,0,3
2484,2026-07-15 07:36:00,\Device\HarddiskVolume3\Windows\System32\svchost.exe [netprofm],,,NetworkService,S-1-5-20,,9,362,0,0,0,0,0,0,0,36000150000,0,0,5586,974215317,0,0,0
2485,2026-07-15 07:36:00,\Device\HarddiskVolume3\Windows\System32\svchost.exe [NetworkService],,,NetworkService,S-1-5-20,,9,363,0,0,0,0,0,0,0,165600900000,18332160,290799616,25800,10483279829,0,374,2833
2486,2026-07-15 07:36:00,\Device\HarddiskVolume3\Windows\System32\svchost.exe [NetworkServiceNetworkRestricted],,,NetworkService,S-1-5-20,,9,365,0,0,0,0,0,0,0,36000150000,0,0,152,40417243,0,0,0
2487,2026-07-15 07:36:00,\Device\HarddiskVolume3\Windows\System32\sppsvc.exe,,,NetworkService,S-1-5-20,,9,361,0,0,0,0,0,0,0,1800150000,0,0,615,1370547566,0,0,0
2488,2026-07-15 07:36:00,\Device\HarddiskVolume3\Windows\System32\wbem\WmiPrvSE.exe,,,NetworkService,S-1-5-20,,9,333,0,0,0,0,0,0,0,1800000000,512,184320,5570,1524160095,0,1,42
2489,2026-07-15 07:36:00,\Device\HarddiskVolume3\Windows\System32\dwm.exe,,,UnknownOrUserSid,S-1-5-90-0-1,,13,33,0,0,0,0,0,0,0,36000150000,0,0,19378,7152678459,0,0,0
2490,2026-07-15 07:36:00,\Device\HarddiskVolume3\Windows\System32\svchost.exe [LocalServiceNetworkRestricted],,,LocalService,S-1-5-19,,6,368,0,0,0,0,0,0,0,283801650000,262144,2642432,5392,1634206022,57,4,402
2491,2026-07-15 07:36:00,\Device\HarddiskVolume3\Windows\System32\svchost.exe [LocalService],,,LocalService,S-1-5-19,,6,367,0,0,0,0,0,0,0,177001060000,65536,286720,2885,678577617,4,1,29
2492,2026-07-15 07:36:00,\Device\HarddiskVolume3\Windows\System32\svchost.exe [LocalServiceNoNetwork],,,LocalService,S-1-5-19,,6,366,0,0,0,0,0,0,0,72000300000,0,1081344,21666,5129554192,0,0,231
2493,2026-07-15 07:36:00,\Device\HarddiskVolume3\Windows\System32\svchost.exe [LocalServiceRedirectionGuard],,,LocalService,S-1-5-19,,6,1777,0,0,0,0,0,0,0,36000150000,0,0,173,50053592,0,0,0
2494,2026-07-15 07:36:00,\Device\HarddiskVolume3\Windows\System32\svchost.exe [LocalServiceHttp],,,LocalService,S-1-5-19,,6,1778,0,0,0,0,0,0,0,36000150000,0,0,1175,470090326,0,0,0
2495,2026-07-15 07:36:00,\Device\HarddiskVolume3\Windows\System32\svchost.exe [LocalServiceNoNetworkFirewall],,,LocalService,S-1-5-19,,6,369,0,0,0,0,0,0,0,36000150000,0,0,532,247084567,0,0,0
2496,2026-07-15 07:36:00,\Device\HarddiskVolume3\Windows\System32\svchost.exe [WSAIFabricSvcGroup],,,LocalService,S-1-5-19,,6,1779,0,0,0,0,0,0,0,36000150000,0,0,138,58459682,0,0,0
2497,2026-07-15 07:36:00,\Device\HarddiskVolume3\Windows\System32\wbem\WmiPrvSE.exe,,,LocalService,S-1-5-19,,6,333,0,0,0,0,0,0,0,1200000000,0,12288,3908,969062400,0,0,3
2498,2026-07-15 07:36:00,\Device\HarddiskVolume3\ProgramData\Microsoft\Windows Defender\Platform\4.18.26060.3008-0\NisSrv.exe,,,LocalService,S-1-5-19,,6,1093,0,0,0,0,0,0,0,36000150000,0,0,875,352120113,0,0,0
2499,2026-07-15 07:36:00,\Device\HarddiskVolume3\Windows\System32\OpenSSH\sshd.exe,,,UnknownOrUserSid,S-1-5-21-2395961029-2893071609-3470587398-1000,,60,1059,0,0,0,0,0,0,0,3000150000,0,0,332,260383653,0,0,0
2500,2026-07-15 07:36:00,\Device\HarddiskVolume3\Windows\System32\cmd.exe,,,UnknownOrUserSid,S-1-5-21-2395961029-2893071609-3470587398-1000,,60,514,0,0,0,0,0,0,0,8400150000,0,0,130,125580216,0,0,0
2501,2026-07-15 07:36:00,\Device\HarddiskVolume3\Windows\System32\conhost.exe,,,UnknownOrUserSid,S-1-5-21-2395961029-2893071609-3470587398-1000,,60,349,0,0,0,0,0,0,0,57000300000,0,0,33648,4248840247,0,0,0
2502,2026-07-15 07:36:00,\Device\HarddiskVolume3\dfir\tools\git\bin\bash.exe,,,UnknownOrUserSid,S-1-5-21-2395961029-2893071609-3470587398-1000,,60,1108,0,0,0,0,0,0,0,4200150000,0,0,79,96580395,0,0,0
2503,2026-07-15 07:36:00,\Device\HarddiskVolume3\dfir\tools\git\usr\bin\bash.exe,,,UnknownOrUserSid,S-1-5-21-2395961029-2893071609-3470587398-1000,,60,1099,0,0,0,0,0,0,0,9600300000,20480,24576,601,428075963,0,2,6
2504,2026-07-15 07:36:00,\Device\HarddiskVolume3\dfir\Python\python.exe,,,UnknownOrUserSid,S-1-5-21-2395961029-2893071609-3470587398-1000,,60,392,0,0,0,0,0,0,0,600000000,0,0,30,60701536,0,0,0
2505,2026-07-15 07:36:00,\Device\HarddiskVolume3\Windows\System32\WindowsPowerShell\v1.0\powershell.exe,,,UnknownOrUserSid,S-1-5-21-2395961029-2893071609-3470587398-1000,,60,383,0,0,0,0,0,0,0,11999690000,0,16384,1332,4531363290,0,0,4
2506,2026-07-15 07:36:00,\Device\HarddiskVolume3\dfir\tools\git\mingw64\bin\git.exe,,,UnknownOrUserSid,S-1-5-21-2395961029-2893071609-3470587398-1000,,60,1098,0,0,0,0,0,0,0,3000150000,0,172032,64,129826698,0,0,40
2507,2026-07-15 07:36:00,\Device\HarddiskVolume3\dfir\tools\git\usr\bin\tail.exe,,,UnknownOrUserSid,S-1-5-21-2395961029-2893071609-3470587398-1000,,60,1318,0,0,0,0,0,0,0,13200150000,0,0,81191,8703366044,0,0,0
2508,2026-07-15 07:36:00,\Device\HarddiskVolume3\dfir\tools\git\mingw64\libexec\git-core\git.exe,,,UnknownOrUserSid,S-1-5-21-2395961029-2893071609-3470587398-1000,,60,1326,0,0,0,0,0,0,0,6000300000,0,12288,87,97876877,0,0,3
2509,2026-07-15 07:36:00,\Device\HarddiskVolume3\dfir\tools\git\mingw64\libexec\git-core\git-remote-https.exe,,,UnknownOrUserSid,S-1-5-21-2395961029-2893071609-3470587398-1000,,60,1328,0,0,0,0,0,0,0,4800150000,0,8192,146,243499620,0,0,2
2510,2026-07-15 07:36:00,\Device\HarddiskVolume3\dfir\tools\git\usr\bin\sh.exe,,,UnknownOrUserSid,S-1-5-21-2395961029-2893071609-3470587398-1000,,60,1130,0,0,0,0,0,0,0,4200150000,16384,0,120,81954719,0,1,0
2511,2026-07-15 07:36:00,\Device\HarddiskVolume3\dfir\tools\git\mingw64\bin\git-credential-helper-selector.exe,,,UnknownOrUserSid,S-1-5-21-2395961029-2893071609-3470587398-1000,,60,1953,0,0,0,0,0,0,0,3600150000,0,49152,61,71407659,0,0,12
2512,2026-07-15 07:36:00,\Device\HarddiskVolume3\Program Files (x86)\Microsoft\Edge\Application\msedge.exe,,,UnknownOrUserSid,S-1-5-21-2395961029-2893071609-3470587398-1000,,60,507,0,0,0,0,0,0,0,3600000000,53248,2576384,7373,3561951286,11,2,144
2569,2026-07-15 08:37:00,System,,,LocalSystem,S-1-5-18,,4,29,0,0,0,0,0,0,0,36000000000,113558528,372648448,4303672,552641277858,31,1644,33789
2570,2026-07-15 08:37:00,Registry,,,LocalSystem,S-1-5-18,,4,335,0,0,0,0,0,0,0,29399540000,0,190177280,11980,4433380206,191,0,10655
2571,2026-07-15 08:37:00,\Device\HarddiskVolume3\Windows\System32\smss.exe,,,LocalSystem,S-1-5-18,,4,312,0,0,0,0,0,0,0,600000000,0,0,1,1247774,0,0,0
2572,2026-07-15 08:37:00,\Device\HarddiskVolume3\Windows\System32\csrss.exe,,,LocalSystem,S-1-5-18,,4,313,0,0,0,0,0,0,0,72000000000,0,28672,43016,6005487370,0,0,7
2573,2026-07-15 08:37:00,\Device\HarddiskVolume3\Windows\System32\wininit.exe,,,LocalSystem,S-1-5-18,,4,314,0,0,0,0,0,0,0,1800000000,0,0,4,985324,0,0,0
2574,2026-07-15 08:37:00,\Device\HarddiskVolume3\Windows\System32\services.exe,,,LocalSystem,S-1-5-18,,4,31,0,0,0,0,0,0,0,36000000000,0,4096,16828,1324465792,0,0,1
2575,2026-07-15 08:37:00,\Device\HarddiskVolume3\Windows\System32\lsass.exe,,,LocalSystem,S-1-5-18,,4,315,0,0,0,0,0,0,0,36000000000,0,2113536,30983,4349234142,144,0,257
2576,2026-07-15 08:37:00,\Device\HarddiskVolume3\Windows\System32\svchost.exe [DcomLaunch],,,LocalSystem,S-1-5-18,,4,30,0,0,0,0,0,0,0,72000000000,0,0,6367,977967776,0,0,0
2577,2026-07-15 08:37:00,\Device\HarddiskVolume3\Windows\System32\LogonUI.exe,,,LocalSystem,S-1-5-18,,4,523,0,0,0,0,0,0,0,36000000000,0,20480,1318,2918386652,0,0,5
2578,2026-07-15 08:37:00,\Device\HarddiskVolume3\Windows\System32\svchost.exe [netsvcs],,,LocalSystem,S-1-5-18,,4,317,0,0,0,0,0,0,0,456000450000,21932032,1082499072,83206,431628944799,53,1193,23121
2579,2026-07-15 08:37:00,\Device\HarddiskVolume3\Windows\System32\svchost.exe [LocalSystemNetworkRestricted],,,LocalSystem,S-1-5-18,,4,323,0,0,0,0,0,0,0,245400300000,4096,5406720,1833,5083917806,0,1,780
2580,2026-07-15 08:37:00,\Device\HarddiskVolume3\Windows\System32\svchost.exe [appmodel],,,LocalSystem,S-1-5-18,,4,326,0,0,0,0,0,0,0,36000000000,0,8192,742,172826040,0,0,2
2581,2026-07-15 08:37:00,\Device\HarddiskVolume3\Windows\System32\svchost.exe [UserProfileService],,,LocalSystem,S-1-5-18,,4,318,0,0,0,0,0,0,0,36000000000,0,249856,696,276546192,0,0,61
2582,2026-07-15 08:37:00,\Device\HarddiskVolume3\Windows\servicing\TrustedInstaller.exe,,,LocalSystem,S-1-5-18,,4,327,0,0,0,0,0,0,0,6600000000,0,8192,173522,10407478093,0,0,2
2583,2026-07-15 08:37:00,\Device\HarddiskVolume3\Windows\System32\svchost.exe [netsvcsRedirectionGuard],,,LocalSystem,S-1-5-18,,4,1775,0,0,0,0,0,0,0,65400300000,0,0,189,47197478,0,0,0
2584,2026-07-15 08:37:00,\Device\HarddiskVolume3\Windows\System32\spoolsv.exe,,,LocalSystem,S-1-5-18,,4,329,0,0,0,0,0,0,0,1200000000,0,0,5,1496910,0,0,0
2585,2026-07-15 08:37:00,\Device\HarddiskVolume3\Windows\System32\svchost.exe [utcsvc],,,LocalSystem,S-1-5-18,,4,330,0,0,0,0,0,0,0,36000000000,2635776,618496,7803,3286754779,16,38,150
2586,2026-07-15 08:37:00,\Device\HarddiskVolume3\Windows\System32\svchost.exe [NetSvcs],,,LocalSystem,S-1-5-18,,4,331,0,0,0,0,0,0,0,36000000000,0,0,183,40799518,0,0,0
2587,2026-07-15 08:37:00,\Device\HarddiskVolume3\ProgramData\Microsoft\Windows Defender\Platform\4.18.26060.3008-0\MpDefenderCoreService.exe,,,LocalSystem,S-1-5-18,,4,1078,0,0,0,0,0,0,0,36000000000,0,40960,612,395130310,0,0,10
2588,2026-07-15 08:37:00,\Device\HarddiskVolume3\ProgramData\Microsoft\Windows Defender\Platform\4.18.26060.3008-0\MsMpEng.exe,,,LocalSystem,S-1-5-18,,4,1081,0,0,0,0,0,0,0,36000000000,577225728,26832896,1543580,635831060772,3,16036,4345
2589,2026-07-15 08:37:00,\Device\HarddiskVolume3\Windows\System32\OpenSSH\sshd.exe,,,LocalSystem,S-1-5-18,,4,1059,0,0,0,0,0,0,0,12600450000,0,12288,732,466480164,0,0,3
2590,2026-07-15 08:37:00,\Device\HarddiskVolume3\Windows\System32\svchost.exe [wsappx],,,LocalSystem,S-1-5-18,,4,325,0,0,0,0,0,0,0,6600000000,32768,0,73,31912322,0,3,0
2591,2026-07-15 08:37:00,\Device\HarddiskVolume3\Windows\System32\AggregatorHost.exe,,,LocalSystem,S-1-5-18,,4,332,0,0,0,0,0,0,0,19800150000,0,57344,130,83554627,0,0,14
2592,2026-07-15 08:37:00,\Device\HarddiskVolume3\Windows\WinSxS\amd64_microsoft-windows-servicingstack_31bf3856ad364e35_10.0.26100.8648_none_a50ef8e3775e8e5e\TiWorker.exe,,,LocalSystem,S-1-5-18,,4,1538,0,0,0,0,0,0,0,3000000000,7791498240,5226291200,261589,453886631509,14,33026,76718
2593,2026-07-15 08:37:00,\Device\HarddiskVolume3\Windows\System32\wbem\WmiPrvSE.exe,,,LocalSystem,S-1-5-18,,4,333,0,0,0,0,0,0,0,4200000000,53248,28672,2000,227869997,0,5,7
2594,2026-07-15 08:37:00,System Interrupts,,,LocalSystem,S-1-5-18,,4,28,0,0,0,0,0,0,0,36000000000,0,0,0,1672297972902,0,0,0
2595,2026-07-15 08:37:00,\Device\HarddiskVolume3\Program Files (x86)\Microsoft\EdgeUpdate\MicrosoftEdgeUpdate.exe,,,LocalSystem,S-1-5-18,,4,342,0,0,0,0,0,0,0,3000150000,1765376,16384,183,77773728,0,52,4
2596,2026-07-15 08:37:00,\Device\HarddiskVolume3\Windows\System32\svchost.exe [InvSvcGroup],,,LocalSystem,S-1-5-18,,4,344,0,0,0,0,0,0,0,36000000000,0,20480,181,90952620,0,0,5
2597,2026-07-15 08:37:00,\Device\HarddiskVolume3\Windows\System32\svchost.exe [wusvcs],,,LocalSystem,S-1-5-18,,4,337,0,0,0,0,0,0,0,1200000000,0,98304,559,952610032,0,0,22
2598,2026-07-15 08:37:00,\Device\HarddiskVolume3\Windows\UUS\amd64\MoUsoCoreWorker.exe,,,LocalSystem,S-1-5-18,,4,356,0,0,0,0,0,0,0,6600000000,3126784,24903680,9848,10271922730,221,107,6026
2599,2026-07-15 08:37:00,\Device\HarddiskVolume3\Windows\System32\svchost.exe [whesvc],,,LocalSystem,S-1-5-18,,4,1845,0,0,0,0,0,0,0,36000000000,0,159744,39040,5027777976,0,0,39
2600,2026-07-15 08:37:00,\Device\HarddiskVolume3\Windows\System32\SearchIndexer.exe,,,LocalSystem,S-1-5-18,,4,338,0,0,0,0,0,0,0,36000000000,74608640,28086272,26877,18675463302,98,371,6856
2601,2026-07-15 08:37:00,\Device\HarddiskVolume3\Windows\System32\SearchProtocolHost.exe,,,LocalSystem,S-1-5-18,,4,339,0,0,0,0,0,0,0,12600150000,1437696,1069056,17884,5181947111,0,160,261
2602,2026-07-15 08:37:00,\Device\HarddiskVolume3\Windows\System32\SecurityHealthService.exe,,,LocalSystem,S-1-5-18,,4,354,0,0,0,0,0,0,0,36000000000,0,0,263,74147442,0,0,0
2603,2026-07-15 08:37:00,Memory Compression,,,LocalSystem,S-1-5-18,,4,336,0,0,0,0,0,0,0,20399850000,0,0,9560,1808717145,0,0,0
2604,2026-07-15 08:37:00,\Device\HarddiskVolume3\Windows\UUS\amd64\wuaucltcore.exe,,,LocalSystem,S-1-5-18,,4,463,0,0,0,0,0,0,0,3600000000,1346427392,3262307328,128151,383732717773,54,6768,115986
2605,2026-07-15 08:37:00,\Device\HarddiskVolume3\Windows\System32\vds.exe,,,LocalSystem,S-1-5-18,,4,441,0,0,0,0,0,0,0,3600000000,1255424,86016,1943,577590566,0,62,21
2606,2026-07-15 08:37:00,\Device\HarddiskVolume3\Windows\System32\wimserv.exe,,,LocalSystem,S-1-5-18,,4,1537,0,0,0,0,0,0,0,600000000,159638528,425713664,10402,7327498843,0,1180,14431
2607,2026-07-15 08:37:00,\Device\HarddiskVolume3\$WinREAgent\Scratch\FEB711AF-9286-4443-8AB1-17817BA4B065\DismHost.exe,,,LocalSystem,S-1-5-18,,4,2010,0,0,0,0,0,0,0,600000000,185551360,828456960,54789,98062853027,38,1027,28192
2608,2026-07-15 08:37:00,\Device\HarddiskVolume3\Windows\WinSxS\amd64_microsoft-windows-servicingstack_31bf3856ad364e35_10.0.26100.8872_none_a4fce299776b787f\TiWorker.exe,,,LocalSystem,S-1-5-18,,4,2011,0,0,0,0,0,0,0,3600000000,1307466240,4713134592,912675,953283266318,1022,24305,329126
2609,2026-07-15 08:37:00,\Device\HarddiskVolume3\Windows\System32\fontdrvhost.exe,,,UnknownOrUserSid,S-1-5-96-0-0,,1700,316,0,0,0,0,0,0,0,7200300000,0,0,125,3503645,0,0,0
2610,2026-07-15 08:37:00,\Device\HarddiskVolume3\Windows\System32\svchost.exe [RPCSS],,,NetworkService,S-1-5-20,,9,26,0,0,0,0,0,0,0,36000000000,0,12288,23174,3047156241,0,0,3
2611,2026-07-15 08:37:00,\Device\HarddiskVolume3\Windows\System32\svchost.exe [netprofm],,,NetworkService,S-1-5-20,,9,362,0,0,0,0,0,0,0,36000000000,0,0,4601,902714829,0,0,0
2612,2026-07-15 08:37:00,\Device\HarddiskVolume3\Windows\System32\svchost.exe [NetworkService],,,NetworkService,S-1-5-20,,9,363,0,0,0,0,0,0,0,163200600000,50159616,2533396480,148417,53166331861,0,1193,112012
2613,2026-07-15 08:37:00,\Device\HarddiskVolume3\Windows\System32\svchost.exe [NetworkServiceNetworkRestricted],,,NetworkService,S-1-5-20,,9,365,0,0,0,0,0,0,0,36000000000,0,0,162,41083005,0,0,0
2614,2026-07-15 08:37:00,\Device\HarddiskVolume3\Windows\System32\sppsvc.exe,,,NetworkService,S-1-5-20,,9,361,0,0,0,0,0,0,0,600150000,0,0,181,469903910,0,0,0
2615,2026-07-15 08:37:00,\Device\HarddiskVolume3\Windows\System32\wbem\WmiPrvSE.exe,,,NetworkService,S-1-5-20,,9,333,0,0,0,0,0,0,0,3000000000,0,69632,2095,671636589,0,0,14
2616,2026-07-15 08:37:00,\Device\HarddiskVolume3\Windows\System32\dwm.exe,,,UnknownOrUserSid,S-1-5-90-0-1,,13,33,0,0,0,0,0,0,0,36000000000,0,0,18931,6350725173,0,0,0
2617,2026-07-15 08:37:00,\Device\HarddiskVolume3\Windows\System32\svchost.exe [LocalServiceNetworkRestricted],,,LocalService,S-1-5-19,,6,368,0,0,0,0,0,0,0,280801210000,347648,11613184,9038,2066398167,51,12,541
2618,2026-07-15 08:37:00,\Device\HarddiskVolume3\Windows\System32\svchost.exe [LocalService],,,LocalService,S-1-5-19,,6,367,0,0,0,0,0,0,0,177600150000,0,0,3942,628387710,0,0,0
2619,2026-07-15 08:37:00,\Device\HarddiskVolume3\Windows\System32\svchost.exe [LocalServiceNoNetwork],,,LocalService,S-1-5-19,,6,366,0,0,0,0,0,0,0,72000000000,901120,2207744,22613,4719826234,0,16,473
2620,2026-07-15 08:37:00,\Device\HarddiskVolume3\Windows\System32\svchost.exe [LocalServiceRedirectionGuard],,,LocalService,S-1-5-19,,6,1777,0,0,0,0,0,0,0,36000000000,0,0,176,39972929,0,0,0
2621,2026-07-15 08:37:00,\Device\HarddiskVolume3\Windows\System32\svchost.exe [LocalServiceHttp],,,LocalService,S-1-5-19,,6,1778,0,0,0,0,0,0,0,36000000000,0,0,1027,481822097,0,0,0
2622,2026-07-15 08:37:00,\Device\HarddiskVolume3\Windows\System32\svchost.exe [LocalServiceNoNetworkFirewall],,,LocalService,S-1-5-19,,6,369,0,0,0,0,0,0,0,36000000000,0,0,507,223916112,0,0,0
2623,2026-07-15 08:37:00,\Device\HarddiskVolume3\Windows\System32\svchost.exe [WSAIFabricSvcGroup],,,LocalService,S-1-5-19,,6,1779,0,0,0,0,0,0,0,36000000000,0,0,138,46517356,0,0,0
2624,2026-07-15 08:37:00,\Device\HarddiskVolume3\Windows\System32\wbem\WmiPrvSE.exe,,,LocalService,S-1-5-19,,6,333,0,0,0,0,0,0,0,2400000000,0,8192,5120,1245142922,0,0,2
2625,2026-07-15 08:37:00,\Device\HarddiskVolume3\ProgramData\Microsoft\Windows Defender\Platform\4.18.26060.3008-0\NisSrv.exe,,,LocalService,S-1-5-19,,6,1093,0,0,0,0,0,0,0,36000000000,0,0,990,420536045,0,0,0
2626,2026-07-15 08:37:00,\Device\HarddiskVolume3\Windows\System32\OpenSSH\sshd.exe,,,UnknownOrUserSid,S-1-5-21-2395961029-2893071609-3470587398-1000,,60,1059,0,0,0,0,0,0,0,5400000000,0,0,311,204730300,0,0,0
2627,2026-07-15 08:37:00,\Device\HarddiskVolume3\Windows\System32\cmd.exe,,,UnknownOrUserSid,S-1-5-21-2395961029-2893071609-3470587398-1000,,60,514,0,0,0,0,0,0,0,2400000000,0,0,83,88036945,0,0,0
2628,2026-07-15 08:37:00,\Device\HarddiskVolume3\Windows\System32\conhost.exe,,,UnknownOrUserSid,S-1-5-21-2395961029-2893071609-3470587398-1000,,60,349,0,0,0,0,0,0,0,113400000000,0,0,84109,9291804481,0,0,0
2629,2026-07-15 08:37:00,\Device\HarddiskVolume3\dfir\tools\git\bin\bash.exe,,,UnknownOrUserSid,S-1-5-21-2395961029-2893071609-3470587398-1000,,60,1108,0,0,0,0,0,0,0,1800000000,0,0,80,91970545,0,0,0
2630,2026-07-15 08:37:00,\Device\HarddiskVolume3\dfir\tools\git\usr\bin\bash.exe,,,UnknownOrUserSid,S-1-5-21-2395961029-2893071609-3470587398-1000,,60,1099,0,0,0,0,0,0,0,22800300000,316928,475136,6548,3264912994,0,8,116
2631,2026-07-15 08:37:00,\Device\HarddiskVolume3\dfir\Python\python.exe,,,UnknownOrUserSid,S-1-5-21-2395961029-2893071609-3470587398-1000,,60,392,0,0,0,0,0,0,0,2400000000,0,4096,2152,24980146676,0,0,1
2632,2026-07-15 08:37:00,\Device\HarddiskVolume3\Windows\System32\WindowsPowerShell\v1.0\powershell.exe,,,UnknownOrUserSid,S-1-5-21-2395961029-2893071609-3470587398-1000,,60,383,0,0,0,0,0,0,0,17400750000,0,0,373,91915149,0,0,0
2633,2026-07-15 08:37:00,\Device\HarddiskVolume3\dfir\tools\git\usr\bin\timeout.exe,,,UnknownOrUserSid,S-1-5-21-2395961029-2893071609-3470587398-1000,,60,1112,0,0,0,0,0,0,0,4200000000,0,0,220,143338488,0,0,0
2634,2026-07-15 08:37:00,\Device\HarddiskVolume3\dfir\tools\chainsaw\chainsaw.exe,,,UnknownOrUserSid,S-1-5-21-2395961029-2893071609-3470587398-1000,,60,1313,0,0,0,0,0,0,0,599850000,0,4096,26,5739852285,0,0,1
2635,2026-07-15 08:37:00,\Device\HarddiskVolume3\dfir\tools\git\usr\bin\grep.exe,,,UnknownOrUserSid,S-1-5-21-2395961029-2893071609-3470587398-1000,,60,1114,0,0,0,0,0,0,0,3600000000,0,8192,16081,1031520507,0,0,2
2636,2026-07-15 08:37:00,\Device\HarddiskVolume3\dfir\Python\Scripts\vol.exe,,,UnknownOrUserSid,S-1-5-21-2395961029-2893071609-3470587398-1000,,60,1329,0,0,0,0,0,0,0,2400000000,0,0,43,67496152,0,0,0
2637,2026-07-15 08:37:00,\Device\HarddiskVolume3\dfir\tools\git\usr\bin\tail.exe,,,UnknownOrUserSid,S-1-5-21-2395961029-2893071609-3470587398-1000,,60,1318,0,0,0,0,0,0,0,37200000000,0,0,227280,22451686708,0,0,0
2638,2026-07-15 08:37:00,\Device\HarddiskVolume3\dfir\tools\hayabusa\hayabusa.exe,,,UnknownOrUserSid,S-1-5-21-2395961029-2893071609-3470587398-1000,,60,526,0,0,0,0,0,0,0,600000000,3796480,7614464,6886,4854508525,0,81,1859
2639,2026-07-15 08:37:00,\Device\HarddiskVolume3\dfir\tools\EZ\net9\EvtxeCmd\EvtxECmd.exe,,,UnknownOrUserSid,S-1-5-21-2395961029-2893071609-3470587398-1000,,60,517,0,0,0,0,0,0,0,600150000,0,49152,229,2209394288,0,0,12
2640,2026-07-15 08:37:00,\Device\HarddiskVolume3\dfir\tools\git\usr\bin\cut.exe,,,UnknownOrUserSid,S-1-5-21-2395961029-2893071609-3470587398-1000,,60,1131,0,0,0,0,0,0,0,1200000000,0,0,217,44409000,0,0,0
2641,2026-07-15 08:37:00,\Device\HarddiskVolume3\dfir\tools\git\usr\bin\sort.exe,,,UnknownOrUserSid,S-1-5-21-2395961029-2893071609-3470587398-1000,,60,1123,0,0,0,0,0,0,0,1200000000,0,0,212,46751768,0,0,0
2695,2026-07-15 09:36:00,System,,,LocalSystem,S-1-5-18,,4,29,0,0,0,0,0,0,0,35999850000,67070464,101713920,527841,97931608571,0,570,2430
2696,2026-07-15 09:36:00,Registry,,,LocalSystem,S-1-5-18,,4,335,0,0,0,0,0,0,0,31199850000,0,11415552,1449,1000036671,253,0,1167
2697,2026-07-15 09:36:00,\Device\HarddiskVolume3\Windows\System32\smss.exe,,,LocalSystem,S-1-5-18,,4,312,0,0,0,0,0,0,0,599850000,0,0,1,100565,0,0,0
2698,2026-07-15 09:36:00,\Device\HarddiskVolume3\Windows\System32\csrss.exe,,,LocalSystem,S-1-5-18,,4,313,0,0,0,0,0,0,0,71999700000,204800,20480,35987,5271404755,0,5,5
2699,2026-07-15 09:36:00,\Device\HarddiskVolume3\Windows\System32\wininit.exe,,,LocalSystem,S-1-5-18,,4,314,0,0,0,0,0,0,0,1800150000,0,0,4,1806661,0,0,0
2700,2026-07-15 09:36:00,\Device\HarddiskVolume3\Windows\System32\services.exe,,,LocalSystem,S-1-5-18,,4,31,0,0,0,0,0,0,0,35999850000,146944,61440,8223,1039199766,0,13,15
2701,2026-07-15 09:36:00,\Device\HarddiskVolume3\Windows\System32\lsass.exe,,,LocalSystem,S-1-5-18,,4,315,0,0,0,0,0,0,0,35999850000,1653248,6008832,64439,9459597086,380,19,787
2702,2026-07-15 09:36:00,\Device\HarddiskVolume3\Windows\System32\svchost.exe [DcomLaunch],,,LocalSystem,S-1-5-18,,4,30,0,0,0,0,0,0,0,71999700000,0,8192,15493,1657760288,0,0,2
2703,2026-07-15 09:36:00,\Device\HarddiskVolume3\Windows\System32\LogonUI.exe,,,LocalSystem,S-1-5-18,,4,523,0,0,0,0,0,0,0,35999850000,0,16384,1313,3162738092,0,0,4
2704,2026-07-15 09:36:00,\Device\HarddiskVolume3\Windows\System32\svchost.exe [netsvcs],,,LocalSystem,S-1-5-18,,4,317,0,0,0,0,0,0,0,440998350000,290816,942080,7827,2692260907,28,18,91
2705,2026-07-15 09:36:00,\Device\HarddiskVolume3\Windows\System32\svchost.exe [LocalSystemNetworkRestricted],,,LocalSystem,S-1-5-18,,4,323,0,0,0,0,0,0,0,273598650000,414720,6754304,2236,5612351214,0,30,1042
2706,2026-07-15 09:36:00,\Device\HarddiskVolume3\Windows\System32\svchost.exe [appmodel],,,LocalSystem,S-1-5-18,,4,326,0,0,0,0,0,0,0,35999850000,0,28672,1493,357747954,0,0,7
2707,2026-07-15 09:36:00,\Device\HarddiskVolume3\Windows\System32\svchost.exe [UserProfileService],,,LocalSystem,S-1-5-18,,4,318,0,0,0,0,0,0,0,35999850000,0,651264,1480,659111514,0,0,159
2708,2026-07-15 09:36:00,\Device\HarddiskVolume3\Windows\System32\svchost.exe [netsvcsRedirectionGuard],,,LocalSystem,S-1-5-18,,4,1775,0,0,0,0,0,0,0,64799700000,0,0,192,52415633,0,0,0
2709,2026-07-15 09:36:00,\Device\HarddiskVolume3\Windows\System32\svchost.exe [utcsvc],,,LocalSystem,S-1-5-18,,4,330,0,0,0,0,0,0,0,35999850000,71490560,479232,6346,4624759797,6,165,115
2710,2026-07-15 09:36:00,\Device\HarddiskVolume3\Windows\System32\svchost.exe [NetSvcs],,,LocalSystem,S-1-5-18,,4,331,0,0,0,0,0,0,0,35999850000,0,0,176,48070678,0,0,0
2711,2026-07-15 09:36:00,\Device\HarddiskVolume3\ProgramData\Microsoft\Windows Defender\Platform\4.18.26060.3008-0\MpDefenderCoreService.exe,,,LocalSystem,S-1-5-18,,4,1078,0,0,0,0,0,0,0,35999850000,329728,49152,548,483523610,0,4,12
2712,2026-07-15 09:36:00,\Device\HarddiskVolume3\ProgramData\Microsoft\Windows Defender\Platform\4.18.26060.3008-0\MsMpEng.exe,,,LocalSystem,S-1-5-18,,4,1081,0,0,0,0,0,0,0,35999850000,199147520,8843264,662065,293785912030,1,3133,1414
2713,2026-07-15 09:36:00,\Device\HarddiskVolume3\Windows\System32\OpenSSH\sshd.exe,,,LocalSystem,S-1-5-18,,4,1059,0,0,0,0,0,0,0,20399700000,0,0,926,722729082,0,0,0
2714,2026-07-15 09:36:00,\Device\HarddiskVolume3\Windows\System32\svchost.exe [wsappx],,,LocalSystem,S-1-5-18,,4,325,0,0,0,0,0,0,0,3000000000,0,28672,183,125317051,0,0,7
2715,2026-07-15 09:36:00,\Device\HarddiskVolume3\Windows\System32\AggregatorHost.exe,,,LocalSystem,S-1-5-18,,4,332,0,0,0,0,0,0,0,17399850000,0,49152,110,130668719,0,0,12
2716,2026-07-15 09:36:00,System Interrupts,,,LocalSystem,S-1-5-18,,4,28,0,0,0,0,0,0,0,35999850000,0,0,0,1761719126054,0,0,0
2717,2026-07-15 09:36:00,\Device\HarddiskVolume3\Program Files (x86)\Microsoft\EdgeUpdate\MicrosoftEdgeUpdate.exe,,,LocalSystem,S-1-5-18,,4,342,0,0,0,0,0,0,0,2999550000,0,12288,81,35302452,0,0,3
2718,2026-07-15 09:36:00,\Device\HarddiskVolume3\Windows\System32\svchost.exe [InvSvcGroup],,,LocalSystem,S-1-5-18,,4,344,0,0,0,0,0,0,0,35999850000,623616,36864,203,158894143,0,24,9
2719,2026-07-15 09:36:00,\Device\HarddiskVolume3\Windows\System32\svchost.exe [wusvcs],,,LocalSystem,S-1-5-18,,4,337,0,0,0,0,0,0,0,600000000,0,61440,583,1155202575,0,0,14
2720,2026-07-15 09:36:00,\Device\HarddiskVolume3\Windows\UUS\amd64\MoUsoCoreWorker.exe,,,LocalSystem,S-1-5-18,,4,356,0,0,0,0,0,0,0,600000000,0,806912,1791,1814743303,54,0,197
2721,2026-07-15 09:36:00,\Device\HarddiskVolume3\Windows\System32\svchost.exe [whesvc],,,LocalSystem,S-1-5-18,,4,1845,0,0,0,0,0,0,0,35999850000,4304896,180224,34467,5476920797,0,76,44
2722,2026-07-15 09:36:00,\Device\HarddiskVolume3\Windows\System32\SearchIndexer.exe,,,LocalSystem,S-1-5-18,,4,338,0,0,0,0,0,0,0,35999850000,320512,208715776,145988,27193536210,534,39,50955
2723,2026-07-15 09:36:00,\Device\HarddiskVolume3\Windows\System32\SearchProtocolHost.exe,,,LocalSystem,S-1-5-18,,4,339,0,0,0,0,0,0,0,22799400000,892928,352256,161781,26387911290,0,20,86
2724,2026-07-15 09:36:00,\Device\HarddiskVolume3\Windows\System32\SecurityHealthService.exe,,,LocalSystem,S-1-5-18,,4,354,0,0,0,0,0,0,0,35999850000,0,0,176,72221644,0,0,0
2725,2026-07-15 09:36:00,Memory Compression,,,LocalSystem,S-1-5-18,,4,336,0,0,0,0,0,0,0,28799700000,135168,0,5946,819075404,0,3,0
2726,2026-07-15 09:36:00,\Device\HarddiskVolume3\Windows\System32\VSSVC.exe,,,LocalSystem,S-1-5-18,,4,359,0,0,0,0,0,0,0,6000000000,137728,36864,1360,299907704,0,3,9
2727,2026-07-15 09:36:00,\Device\HarddiskVolume3\Windows\System32\svchost.exe [swprv],,,LocalSystem,S-1-5-18,,4,360,0,0,0,0,0,0,0,10800000000,263680,28672,456,201116290,0,4,7
2728,2026-07-15 09:36:00,\Device\HarddiskVolume3\Windows\System32\SearchFilterHost.exe,,,LocalSystem,S-1-5-18,,4,341,0,0,0,0,0,0,0,11999850000,294912,77824,1827,692612575,0,9,19
2729,2026-07-15 09:36:00,\Device\HarddiskVolume3\Windows\System32\msiexec.exe,,,LocalSystem,S-1-5-18,,4,358,0,0,0,0,0,0,0,2999850000,4558848,16277504,4682,1752332914,12,149,677
2730,2026-07-15 09:36:00,\Device\HarddiskVolume3\Windows\System32\fontdrvhost.exe,,,UnknownOrUserSid,S-1-5-96-0-0,,1700,316,0,0,0,0,0,0,0,16199700000,439808,28672,1582,54734929,0,17,7
2731,2026-07-15 09:36:00,\Device\HarddiskVolume3\Windows\System32\svchost.exe [RPCSS],,,NetworkService,S-1-5-20,,9,26,0,0,0,0,0,0,0,35999850000,0,4096,20475,4369755113,0,0,1
2732,2026-07-15 09:36:00,\Device\HarddiskVolume3\Windows\System32\svchost.exe [netprofm],,,NetworkService,S-1-5-20,,9,362,0,0,0,0,0,0,0,35999850000,0,0,2197,545000595,0,0,0
2733,2026-07-15 09:36:00,\Device\HarddiskVolume3\Windows\System32\svchost.exe [NetworkService],,,NetworkService,S-1-5-20,,9,363,0,0,0,0,0,0,0,167399250000,1507328,2195456,14141,7225644275,0,14,440
2734,2026-07-15 09:36:00,\Device\HarddiskVolume3\Windows\System32\svchost.exe [NetworkServiceNetworkRestricted],,,NetworkService,S-1-5-20,,9,365,0,0,0,0,0,0,0,35999850000,0,0,155,44905861,0,0,0
2735,2026-07-15 09:36:00,\Device\HarddiskVolume3\Windows\System32\wbem\WmiPrvSE.exe,,,NetworkService,S-1-5-20,,9,333,0,0,0,0,0,0,0,7199550000,468992,131072,2537,1420702810,0,13,32
2736,2026-07-15 09:36:00,\Device\HarddiskVolume3\Windows\System32\dwm.exe,,,UnknownOrUserSid,S-1-5-90-0-1,,13,33,0,0,0,0,0,0,0,35999850000,0,0,15886,6227584233,0,0,0
2737,2026-07-15 09:36:00,\Device\HarddiskVolume3\Windows\System32\svchost.exe [LocalServiceNetworkRestricted],,,LocalService,S-1-5-19,,6,368,0,0,0,0,0,0,0,280798950000,872448,4104704,7963,1886706056,47,15,537
2738,2026-07-15 09:36:00,\Device\HarddiskVolume3\Windows\System32\svchost.exe [LocalService],,,LocalService,S-1-5-19,,6,367,0,0,0,0,0,0,0,176399100000,0,0,3111,592413588,0,0,0
2739,2026-07-15 09:36:00,\Device\HarddiskVolume3\Windows\System32\svchost.exe [LocalServiceNoNetwork],,,LocalService,S-1-5-19,,6,366,0,0,0,0,0,0,0,71999700000,1253376,1855488,21563,5230140071,0,22,411
2740,2026-07-15 09:36:00,\Device\HarddiskVolume3\Windows\System32\svchost.exe [LocalServiceRedirectionGuard],,,LocalService,S-1-5-19,,6,1777,0,0,0,0,0,0,0,34199850000,0,0,996,203153498,0,0,0
2741,2026-07-15 09:36:00,\Device\HarddiskVolume3\Windows\System32\svchost.exe [LocalServiceHttp],,,LocalService,S-1-5-19,,6,1778,0,0,0,0,0,0,0,35999850000,0,0,910,446674494,0,0,0
2742,2026-07-15 09:36:00,\Device\HarddiskVolume3\Windows\System32\svchost.exe [LocalServiceNoNetworkFirewall],,,LocalService,S-1-5-19,,6,369,0,0,0,0,0,0,0,35999850000,0,0,761,287633576,0,0,0
2743,2026-07-15 09:36:00,\Device\HarddiskVolume3\Windows\System32\svchost.exe [WSAIFabricSvcGroup],,,LocalService,S-1-5-19,,6,1779,0,0,0,0,0,0,0,35999850000,0,0,139,58351764,0,0,0
2744,2026-07-15 09:36:00,\Device\HarddiskVolume3\ProgramData\Microsoft\Windows Defender\Platform\4.18.26060.3008-0\NisSrv.exe,,,LocalService,S-1-5-19,,6,1093,0,0,0,0,0,0,0,35999850000,159744,0,1720,735853329,0,8,0
2745,2026-07-15 09:36:00,\Device\HarddiskVolume3\Windows\System32\OpenSSH\sshd.exe,,,UnknownOrUserSid,S-1-5-21-2395961029-2893071609-3470587398-1000,,60,1059,0,0,0,0,0,0,0,3600000000,0,0,269,214830585,0,0,0
2746,2026-07-15 09:36:00,\Device\HarddiskVolume3\Windows\System32\cmd.exe,,,UnknownOrUserSid,S-1-5-21-2395961029-2893071609-3470587398-1000,,60,514,0,0,0,0,0,0,0,3000000000,0,8192,74,87439866,0,0,2
2747,2026-07-15 09:36:00,\Device\HarddiskVolume3\Windows\System32\conhost.exe,,,UnknownOrUserSid,S-1-5-21-2395961029-2893071609-3470587398-1000,,60,349,0,0,0,0,0,0,0,111599550000,0,0,71118,8789613670,0,0,0
2748,2026-07-15 09:36:00,\Device\HarddiskVolume3\dfir\tools\git\bin\bash.exe,,,UnknownOrUserSid,S-1-5-21-2395961029-2893071609-3470587398-1000,,60,1108,0,0,0,0,0,0,0,2400000000,0,4096,48,61667244,0,0,1
2749,2026-07-15 09:36:00,\Device\HarddiskVolume3\dfir\tools\git\usr\bin\bash.exe,,,UnknownOrUserSid,S-1-5-21-2395961029-2893071609-3470587398-1000,,60,1099,0,0,0,0,0,0,0,7800000000,0,159744,6662,1856658886,0,0,39
2750,2026-07-15 09:36:00,\Device\HarddiskVolume3\dfir\Python\python.exe,,,UnknownOrUserSid,S-1-5-21-2395961029-2893071609-3470587398-1000,,60,392,0,0,0,0,0,0,0,600000000,0,4096,925,10500759176,0,0,1
2751,2026-07-15 09:36:00,\Device\HarddiskVolume3\Windows\System32\WindowsPowerShell\v1.0\powershell.exe,,,UnknownOrUserSid,S-1-5-21-2395961029-2893071609-3470587398-1000,,60,383,0,0,0,0,0,0,0,12600000000,0,32768,532,2483050404,0,0,8
2752,2026-07-15 09:36:00,\Device\HarddiskVolume3\dfir\tools\git\usr\bin\timeout.exe,,,UnknownOrUserSid,S-1-5-21-2395961029-2893071609-3470587398-1000,,60,1112,0,0,0,0,0,0,0,1200000000,0,0,72,47884607,0,0,0
2753,2026-07-15 09:36:00,\Device\HarddiskVolume3\dfir\tools\chainsaw\chainsaw.exe,,,UnknownOrUserSid,S-1-5-21-2395961029-2893071609-3470587398-1000,,60,1313,0,0,0,0,0,0,0,600000000,0,4096,23,2175861371,0,0,1
2754,2026-07-15 09:36:00,\Device\HarddiskVolume3\dfir\tools\git\usr\bin\grep.exe,,,UnknownOrUserSid,S-1-5-21-2395961029-2893071609-3470587398-1000,,60,1114,0,0,0,0,0,0,0,1200000000,0,0,4471,655933350,0,0,0
2755,2026-07-15 09:36:00,\Device\HarddiskVolume3\dfir\Python\Scripts\vol.exe,,,UnknownOrUserSid,S-1-5-21-2395961029-2893071609-3470587398-1000,,60,1329,0,0,0,0,0,0,0,600000000,0,0,11,15386416,0,0,0
2756,2026-07-15 09:36:00,\Device\HarddiskVolume3\dfir\tools\git\usr\bin\tail.exe,,,UnknownOrUserSid,S-1-5-21-2395961029-2893071609-3470587398-1000,,60,1318,0,0,0,0,0,0,0,35999850000,0,0,226154,25130444560,0,0,0
2757,2026-07-15 10:36:00,System,,,LocalSystem,S-1-5-18,,4,29,0,0,0,0,0,0,0,36000000000,182272,1112064,77175,30945081389,0,9,130
2758,2026-07-15 10:36:00,Registry,,,LocalSystem,S-1-5-18,,4,335,0,0,0,0,0,0,0,27000150000,0,2531328,373,298347013,64,0,297
2759,2026-07-15 10:36:00,\Device\HarddiskVolume3\Windows\System32\smss.exe,,,LocalSystem,S-1-5-18,,4,312,0,0,0,0,0,0,0,600000000,0,0,1,203933,0,0,0
2760,2026-07-15 10:36:00,\Device\HarddiskVolume3\Windows\System32\csrss.exe,,,LocalSystem,S-1-5-18,,4,313,0,0,0,0,0,0,0,72000000000,262144,49152,7775,893766424,0,4,12
2761,2026-07-15 10:36:00,\Device\HarddiskVolume3\Windows\System32\wininit.exe,,,LocalSystem,S-1-5-18,,4,314,0,0,0,0,0,0,0,1799850000,0,0,4,1764615,0,0,0
2762,2026-07-15 10:36:00,\Device\HarddiskVolume3\Windows\System32\services.exe,,,LocalSystem,S-1-5-18,,4,31,0,0,0,0,0,0,0,36000000000,0,20480,2350,470799594,0,0,5
2763,2026-07-15 10:36:00,\Device\HarddiskVolume3\Windows\System32\lsass.exe,,,LocalSystem,S-1-5-18,,4,315,0,0,0,0,0,0,0,36000000000,0,0,1318,473092205,0,0,0
2764,2026-07-15 10:36:00,\Device\HarddiskVolume3\Windows\System32\svchost.exe [DcomLaunch],,,LocalSystem,S-1-5-18,,4,30,0,0,0,0,0,0,0,72000000000,0,0,4392,953425402,0,0,0
2765,2026-07-15 10:36:00,\Device\HarddiskVolume3\Windows\System32\LogonUI.exe,,,LocalSystem,S-1-5-18,,4,523,0,0,0,0,0,0,0,36000000000,0,16384,1308,3146555241,0,0,4
2766,2026-07-15 10:36:00,\Device\HarddiskVolume3\Windows\System32\svchost.exe [netsvcs],,,LocalSystem,S-1-5-18,,4,317,0,0,0,0,0,0,0,442799840000,0,491520,2936,1115617891,12,0,52
2767,2026-07-15 10:36:00,\Device\HarddiskVolume3\Windows\System32\svchost.exe [LocalSystemNetworkRestricted],,,LocalSystem,S-1-5-18,,4,323,0,0,0,0,0,0,0,280799840000,0,368640,1311,1643508112,0,0,69
2768,2026-07-15 10:36:00,\Device\HarddiskVolume3\Windows\System32\svchost.exe [appmodel],,,LocalSystem,S-1-5-18,,4,326,0,0,0,0,0,0,0,36000000000,0,36864,238,129755220,0,0,9
2769,2026-07-15 10:36:00,\Device\HarddiskVolume3\Windows\System32\svchost.exe [UserProfileService],,,LocalSystem,S-1-5-18,,4,318,0,0,0,0,0,0,0,36000000000,0,0,148,53938821,0,0,0
2770,2026-07-15 10:36:00,\Device\HarddiskVolume3\Windows\System32\svchost.exe [netsvcsRedirectionGuard],,,LocalSystem,S-1-5-18,,4,1775,0,0,0,0,0,0,0,64799840000,0,0,192,54222655,0,0,0
2771,2026-07-15 10:36:00,\Device\HarddiskVolume3\Windows\System32\svchost.exe [utcsvc],,,LocalSystem,S-1-5-18,,4,330,0,0,0,0,0,0,0,36000000000,320512,253952,813,843978692,4,5,61
2772,2026-07-15 10:36:00,\Device\HarddiskVolume3\Windows\System32\svchost.exe [NetSvcs],,,LocalSystem,S-1-5-18,,4,331,0,0,0,0,0,0,0,36000000000,0,0,189,47654403,0,0,0
2773,2026-07-15 10:36:00,\Device\HarddiskVolume3\ProgramData\Microsoft\Windows Defender\Platform\4.18.26060.3008-0\MpDefenderCoreService.exe,,,LocalSystem,S-1-5-18,,4,1078,0,0,0,0,0,0,0,36000000000,333824,69632,509,483109793,0,5,17
2774,2026-07-15 10:36:00,\Device\HarddiskVolume3\ProgramData\Microsoft\Windows Defender\Platform\4.18.26060.3008-0\MsMpEng.exe,,,LocalSystem,S-1-5-18,,4,1081,0,0,0,0,0,0,0,36000000000,57344,20480,10465,5634329961,0,1,5
2775,2026-07-15 10:36:00,\Device\HarddiskVolume3\Windows\System32\svchost.exe [wsappx],,,LocalSystem,S-1-5-18,,4,325,0,0,0,0,0,0,0,3000000000,0,159744,180,124160037,0,0,39
2776,2026-07-15 10:36:00,\Device\HarddiskVolume3\Windows\System32\AggregatorHost.exe,,,LocalSystem,S-1-5-18,,4,332,0,0,0,0,0,0,0,18600000000,0,102400,115,83738244,0,0,25
2777,2026-07-15 10:36:00,System Interrupts,,,LocalSystem,S-1-5-18,,4,28,0,0,0,0,0,0,0,36000000000,0,0,0,1851727163828,0,0,0
2778,2026-07-15 10:36:00,\Device\HarddiskVolume3\Program Files (x86)\Microsoft\EdgeUpdate\MicrosoftEdgeUpdate.exe,,,LocalSystem,S-1-5-18,,4,342,0,0,0,0,0,0,0,2400000000,0,20480,81,24322664,0,0,5
2779,2026-07-15 10:36:00,\Device\HarddiskVolume3\Windows\System32\svchost.exe [InvSvcGroup],,,LocalSystem,S-1-5-18,,4,344,0,0,0,0,0,0,0,36000000000,0,36864,170,155259433,0,0,9
2780,2026-07-15 10:36:00,\Device\HarddiskVolume3\Windows\System32\svchost.exe [wusvcs],,,LocalSystem,S-1-5-18,,4,337,0,0,0,0,0,0,0,600000000,0,77824,390,825472313,0,0,18
2781,2026-07-15 10:36:00,\Device\HarddiskVolume3\Windows\UUS\amd64\MoUsoCoreWorker.exe,,,LocalSystem,S-1-5-18,,4,356,0,0,0,0,0,0,0,600000000,16384,794624,1334,1681724132,45,1,194
2782,2026-07-15 10:36:00,\Device\HarddiskVolume3\Windows\System32\svchost.exe [whesvc],,,LocalSystem,S-1-5-18,,4,1845,0,0,0,0,0,0,0,36000000000,0,176128,3255,453797127,0,0,43
2783,2026-07-15 10:36:00,\Device\HarddiskVolume3\Windows\System32\SearchIndexer.exe,,,LocalSystem,S-1-5-18,,4,338,0,0,0,0,0,0,0,36000000000,0,12288,446,202644382,0,0,3
2784,2026-07-15 10:36:00,\Device\HarddiskVolume3\Windows\System32\SearchProtocolHost.exe,,,LocalSystem,S-1-5-18,,4,339,0,0,0,0,0,0,0,1800000000,0,0,102,60922647,0,0,0
2785,2026-07-15 10:36:00,\Device\HarddiskVolume3\Windows\System32\SecurityHealthService.exe,,,LocalSystem,S-1-5-18,,4,354,0,0,0,0,0,0,0,36000000000,0,0,132,63574819,0,0,0
2786,2026-07-15 10:36:00,Memory Compression,,,LocalSystem,S-1-5-18,,4,336,0,0,0,0,0,0,0,5400000000,0,0,64,3839684,0,0,0
2787,2026-07-15 10:36:00,\Device\HarddiskVolume3\Windows\System32\fontdrvhost.exe,,,UnknownOrUserSid,S-1-5-96-0-0,,1700,316,0,0,0,0,0,0,0,600000000,0,0,5,198674,0,0,0
2788,2026-07-15 10:36:00,\Device\HarddiskVolume3\Windows\System32\svchost.exe [RPCSS],,,NetworkService,S-1-5-20,,9,26,0,0,0,0,0,0,0,36000000000,0,0,2291,819634689,0,0,0
2789,2026-07-15 10:36:00,\Device\HarddiskVolume3\Windows\System32\svchost.exe [netprofm],,,NetworkService,S-1-5-20,,9,362,0,0,0,0,0,0,0,36000000000,0,0,1876,540565606,0,0,0
2790,2026-07-15 10:36:00,\Device\HarddiskVolume3\Windows\System32\svchost.exe [NetworkService],,,NetworkService,S-1-5-20,,9,363,0,0,0,0,0,0,0,158399840000,0,86016,10504,6013201062,0,0,21
2791,2026-07-15 10:36:00,\Device\HarddiskVolume3\Windows\System32\svchost.exe [NetworkServiceNetworkRestricted],,,NetworkService,S-1-5-20,,9,365,0,0,0,0,0,0,0,36000000000,0,0,160,48565792,0,0,0
2792,2026-07-15 10:36:00,\Device\HarddiskVolume3\Windows\System32\dwm.exe,,,UnknownOrUserSid,S-1-5-90-0-1,,13,33,0,0,0,0,0,0,0,36000000000,0,0,15748,6310456814,0,0,0
2793,2026-07-15 10:36:00,\Device\HarddiskVolume3\Windows\System32\svchost.exe [LocalServiceNetworkRestricted],,,LocalService,S-1-5-19,,6,368,0,0,0,0,0,0,0,280799520000,69632,472064,2897,1181220469,18,2,116
2794,2026-07-15 10:36:00,\Device\HarddiskVolume3\Windows\System32\svchost.exe [LocalService],,,LocalService,S-1-5-19,,6,367,0,0,0,0,0,0,0,177000000000,0,0,1026,325838006,0,0,0
2795,2026-07-15 10:36:00,\Device\HarddiskVolume3\Windows\System32\svchost.exe [LocalServiceNoNetwork],,,LocalService,S-1-5-19,,6,366,0,0,0,0,0,0,0,72000000000,65536,1978368,21501,5363461352,0,1,438
2796,2026-07-15 10:36:00,\Device\HarddiskVolume3\Windows\System32\svchost.exe [LocalServiceRedirectionGuard],,,LocalService,S-1-5-19,,6,1777,0,0,0,0,0,0,0,33000160000,0,0,121,33424302,0,0,0
2797,2026-07-15 10:36:00,\Device\HarddiskVolume3\Windows\System32\svchost.exe [LocalServiceHttp],,,LocalService,S-1-5-19,,6,1778,0,0,0,0,0,0,0,36000000000,0,0,699,378545869,0,0,0
2798,2026-07-15 10:36:00,\Device\HarddiskVolume3\Windows\System32\svchost.exe [LocalServiceNoNetworkFirewall],,,LocalService,S-1-5-19,,6,369,0,0,0,0,0,0,0,36000000000,0,0,431,264512758,0,0,0
2799,2026-07-15 10:36:00,\Device\HarddiskVolume3\Windows\System32\svchost.exe [WSAIFabricSvcGroup],,,LocalService,S-1-5-19,,6,1779,0,0,0,0,0,0,0,36000000000,0,0,138,60800705,0,0,0
2800,2026-07-15 10:36:00,\Device\HarddiskVolume3\ProgramData\Microsoft\Windows Defender\Platform\4.18.26060.3008-0\NisSrv.exe,,,LocalService,S-1-5-19,,6,1093,0,0,0,0,0,0,0,36000000000,0,0,666,332407310,0,0,0
2801,2026-07-15 10:36:00,\Device\HarddiskVolume3\Windows\System32\conhost.exe,,,UnknownOrUserSid,S-1-5-21-2395961029-2893071609-3470587398-1000,,60,349,0,0,0,0,0,0,0,108000000000,0,0,64846,8263417898,0,0,0
2802,2026-07-15 10:36:00,\Device\HarddiskVolume3\Windows\System32\WindowsPowerShell\v1.0\powershell.exe,,,UnknownOrUserSid,S-1-5-21-2395961029-2893071609-3470587398-1000,,60,383,0,0,0,0,0,0,0,2400000000,0,0,24,20608424,0,0,0
2803,2026-07-15 10:36:00,\Device\HarddiskVolume3\dfir\tools\git\usr\bin\tail.exe,,,UnknownOrUserSid,S-1-5-21-2395961029-2893071609-3470587398-1000,,60,1318,0,0,0,0,0,0,0,36000000000,0,0,226030,25982111676,0,0,0
2819,2026-07-15 11:36:00,System,,,LocalSystem,S-1-5-18,,4,29,0,0,0,0,0,0,0,36000000000,2048,1042432,78397,32565528104,0,4,145
2820,2026-07-15 11:36:00,Registry,,,LocalSystem,S-1-5-18,,4,335,0,0,0,0,0,0,0,25800000000,0,3133440,445,294686754,66,0,380
2821,2026-07-15 11:36:00,\Device\HarddiskVolume3\Windows\System32\smss.exe,,,LocalSystem,S-1-5-18,,4,312,0,0,0,0,0,0,0,600000000,0,0,1,83395,0,0,0
2822,2026-07-15 11:36:00,\Device\HarddiskVolume3\Windows\System32\csrss.exe,,,LocalSystem,S-1-5-18,,4,313,0,0,0,0,0,0,0,72000000000,0,0,7942,918032198,0,0,0
2823,2026-07-15 11:36:00,\Device\HarddiskVolume3\Windows\System32\wininit.exe,,,LocalSystem,S-1-5-18,,4,314,0,0,0,0,0,0,0,1799840000,0,0,4,2478731,0,0,0
2824,2026-07-15 11:36:00,\Device\HarddiskVolume3\Windows\System32\services.exe,,,LocalSystem,S-1-5-18,,4,31,0,0,0,0,0,0,0,36000000000,0,36864,3275,632630346,0,0,9
2825,2026-07-15 11:36:00,\Device\HarddiskVolume3\Windows\System32\lsass.exe,,,LocalSystem,S-1-5-18,,4,315,0,0,0,0,0,0,0,36000000000,0,0,2047,571685304,0,0,0
2826,2026-07-15 11:36:00,\Device\HarddiskVolume3\Windows\System32\svchost.exe [DcomLaunch],,,LocalSystem,S-1-5-18,,4,30,0,0,0,0,0,0,0,72000000000,0,8192,4898,994079555,0,0,2
2827,2026-07-15 11:36:00,\Device\HarddiskVolume3\Windows\System32\LogonUI.exe,,,LocalSystem,S-1-5-18,,4,523,0,0,0,0,0,0,0,36000000000,0,16384,1295,3298464097,0,0,4
2828,2026-07-15 11:36:00,\Device\HarddiskVolume3\Windows\System32\svchost.exe [netsvcs],,,LocalSystem,S-1-5-18,,4,317,0,0,0,0,0,0,0,442200160000,8192,1236992,4061,1488361473,22,1,108
2829,2026-07-15 11:36:00,\Device\HarddiskVolume3\Windows\System32\svchost.exe [LocalSystemNetworkRestricted],,,LocalSystem,S-1-5-18,,4,323,0,0,0,0,0,0,0,280800160000,2187776,2072576,2068,2115020006,0,90,467
2830,2026-07-15 11:36:00,\Device\HarddiskVolume3\Windows\System32\svchost.exe [appmodel],,,LocalSystem,S-1-5-18,,4,326,0,0,0,0,0,0,0,36000000000,0,90112,282,174966289,0,0,22
2831,2026-07-15 11:36:00,\Device\HarddiskVolume3\Windows\System32\svchost.exe [UserProfileService],,,LocalSystem,S-1-5-18,,4,318,0,0,0,0,0,0,0,36000000000,0,0,137,53536216,0,0,0
2832,2026-07-15 11:36:00,\Device\HarddiskVolume3\Windows\System32\svchost.exe [netsvcsRedirectionGuard],,,LocalSystem,S-1-5-18,,4,1775,0,0,0,0,0,0,0,64800160000,0,0,190,55952573,0,0,0
2833,2026-07-15 11:36:00,\Device\HarddiskVolume3\Windows\System32\svchost.exe [utcsvc],,,LocalSystem,S-1-5-18,,4,330,0,0,0,0,0,0,0,36000000000,69632,454656,1120,1154139806,10,2,107
2834,2026-07-15 11:36:00,\Device\HarddiskVolume3\Windows\System32\svchost.exe [NetSvcs],,,LocalSystem,S-1-5-18,,4,331,0,0,0,0,0,0,0,36000000000,0,0,182,47887420,0,0,0
2835,2026-07-15 11:36:00,\Device\HarddiskVolume3\ProgramData\Microsoft\Windows Defender\Platform\4.18.26060.3008-0\MpDefenderCoreService.exe,,,LocalSystem,S-1-5-18,,4,1078,0,0,0,0,0,0,0,36000000000,329728,36864,423,460974311,0,4,9
2836,2026-07-15 11:36:00,\Device\HarddiskVolume3\ProgramData\Microsoft\Windows Defender\Platform\4.18.26060.3008-0\MsMpEng.exe,,,LocalSystem,S-1-5-18,,4,1081,0,0,0,0,0,0,0,36000000000,1533440,73728,12880,7175765534,0,34,11
2837,2026-07-15 11:36:00,\Device\HarddiskVolume3\Windows\System32\svchost.exe [wsappx],,,LocalSystem,S-1-5-18,,4,325,0,0,0,0,0,0,0,6000160000,0,192512,360,255289525,0,0,47
2838,2026-07-15 11:36:00,\Device\HarddiskVolume3\Windows\System32\AggregatorHost.exe,,,LocalSystem,S-1-5-18,,4,332,0,0,0,0,0,0,0,16200160000,0,94208,96,96070220,0,0,23
2839,2026-07-15 11:36:00,System Interrupts,,,LocalSystem,S-1-5-18,,4,28,0,0,0,0,0,0,0,36000000000,0,0,0,1908169825372,0,0,0
2840,2026-07-15 11:36:00,\Device\HarddiskVolume3\Program Files (x86)\Microsoft\EdgeUpdate\MicrosoftEdgeUpdate.exe,,,LocalSystem,S-1-5-18,,4,342,0,0,0,0,0,0,0,2999680000,0,258048,274,173737439,0,0,62
2841,2026-07-15 11:36:00,\Device\HarddiskVolume3\Windows\System32\svchost.exe [InvSvcGroup],,,LocalSystem,S-1-5-18,,4,344,0,0,0,0,0,0,0,36000000000,65536,81920,175,179822128,0,1,20
2842,2026-07-15 11:36:00,\Device\HarddiskVolume3\Windows\System32\svchost.exe [wusvcs],,,LocalSystem,S-1-5-18,,4,337,0,0,0,0,0,0,0,600000000,0,344064,577,1107994593,0,0,83
2843,2026-07-15 11:36:00,\Device\HarddiskVolume3\Windows\UUS\amd64\MoUsoCoreWorker.exe,,,LocalSystem,S-1-5-18,,4,356,0,0,0,0,0,0,0,600000000,0,856064,1324,1685559979,45,0,209
2844,2026-07-15 11:36:00,\Device\HarddiskVolume3\Windows\System32\svchost.exe [whesvc],,,LocalSystem,S-1-5-18,,4,1845,0,0,0,0,0,0,0,36000000000,0,204800,3440,444629216,0,0,50
2845,2026-07-15 11:36:00,\Device\HarddiskVolume3\Windows\System32\SearchIndexer.exe,,,LocalSystem,S-1-5-18,,4,338,0,0,0,0,0,0,0,36000000000,0,0,410,162475242,0,0,0
2846,2026-07-15 11:36:00,\Device\HarddiskVolume3\Windows\System32\SecurityHealthService.exe,,,LocalSystem,S-1-5-18,,4,354,0,0,0,0,0,0,0,36000000000,0,0,132,66197221,0,0,0
2847,2026-07-15 11:36:00,Memory Compression,,,LocalSystem,S-1-5-18,,4,336,0,0,0,0,0,0,0,5399680000,0,0,82,3050929,0,0,0
2848,2026-07-15 11:36:00,\Device\HarddiskVolume3\Windows\System32\fontdrvhost.exe,,,UnknownOrUserSid,S-1-5-96-0-0,,1700,316,0,0,0,0,0,0,0,600160000,0,0,5,158732,0,0,0
2849,2026-07-15 11:36:00,\Device\HarddiskVolume3\Windows\System32\svchost.exe [RPCSS],,,NetworkService,S-1-5-20,,9,26,0,0,0,0,0,0,0,36000000000,0,0,3048,882129236,0,0,0
2850,2026-07-15 11:36:00,\Device\HarddiskVolume3\Windows\System32\svchost.exe [netprofm],,,NetworkService,S-1-5-20,,9,362,0,0,0,0,0,0,0,36000000000,0,0,1902,558085271,0,0,0
2851,2026-07-15 11:36:00,\Device\HarddiskVolume3\Windows\System32\svchost.exe [NetworkService],,,NetworkService,S-1-5-20,,9,363,0,0,0,0,0,0,0,157800000000,0,49152,9984,5713492350,0,0,12
2852,2026-07-15 11:36:00,\Device\HarddiskVolume3\Windows\System32\svchost.exe [NetworkServiceNetworkRestricted],,,NetworkService,S-1-5-20,,9,365,0,0,0,0,0,0,0,36000000000,0,0,147,46033453,0,0,0
2853,2026-07-15 11:36:00,\Device\HarddiskVolume3\Windows\System32\sppsvc.exe,,,NetworkService,S-1-5-20,,9,361,0,0,0,0,0,0,0,600000000,0,8192,242,547501424,0,0,2
2854,2026-07-15 11:36:00,\Device\HarddiskVolume3\Windows\System32\wbem\WmiPrvSE.exe,,,NetworkService,S-1-5-20,,9,333,0,0,0,0,0,0,0,1199840000,258048,28672,189,114276300,0,4,7
2855,2026-07-15 11:36:00,\Device\HarddiskVolume3\Windows\System32\dwm.exe,,,UnknownOrUserSid,S-1-5-90-0-1,,13,33,0,0,0,0,0,0,0,36000000000,0,0,15743,6476811883,0,0,0
2856,2026-07-15 11:36:00,\Device\HarddiskVolume3\Windows\System32\svchost.exe [LocalServiceNetworkRestricted],,,LocalService,S-1-5-19,,6,368,0,0,0,0,0,0,0,280800160000,65536,750080,3040,1286686977,35,1,182
2857,2026-07-15 11:36:00,\Device\HarddiskVolume3\Windows\System32\svchost.exe [LocalService],,,LocalService,S-1-5-19,,6,367,0,0,0,0,0,0,0,176999840000,0,0,1207,371016134,0,0,0
2858,2026-07-15 11:36:00,\Device\HarddiskVolume3\Windows\System32\svchost.exe [LocalServiceNoNetwork],,,LocalService,S-1-5-19,,6,366,0,0,0,0,0,0,0,72000000000,65536,729088,20810,4894807015,0,1,171
2859,2026-07-15 11:36:00,\Device\HarddiskVolume3\Windows\System32\svchost.exe [LocalServiceRedirectionGuard],,,LocalService,S-1-5-19,,6,1777,0,0,0,0,0,0,0,31200160000,0,0,108,30292783,0,0,0
2860,2026-07-15 11:36:00,\Device\HarddiskVolume3\Windows\System32\svchost.exe [LocalServiceHttp],,,LocalService,S-1-5-19,,6,1778,0,0,0,0,0,0,0,36000000000,0,0,771,425306766,0,0,0
2861,2026-07-15 11:36:00,\Device\HarddiskVolume3\Windows\System32\svchost.exe [LocalServiceNoNetworkFirewall],,,LocalService,S-1-5-19,,6,369,0,0,0,0,0,0,0,36000000000,0,0,454,266670522,0,0,0
2862,2026-07-15 11:36:00,\Device\HarddiskVolume3\Windows\System32\svchost.exe [WSAIFabricSvcGroup],,,LocalService,S-1-5-19,,6,1779,0,0,0,0,0,0,0,36000000000,0,0,136,56597306,0,0,0
2863,2026-07-15 11:36:00,\Device\HarddiskVolume3\ProgramData\Microsoft\Windows Defender\Platform\4.18.26060.3008-0\NisSrv.exe,,,LocalService,S-1-5-19,,6,1093,0,0,0,0,0,0,0,36000000000,0,0,774,370059888,0,0,0
2864,2026-07-15 11:36:00,\Device\HarddiskVolume3\Windows\System32\conhost.exe,,,UnknownOrUserSid,S-1-5-21-2395961029-2893071609-3470587398-1000,,60,349,0,0,0,0,0,0,0,108000000000,0,0,64845,8398702201,0,0,0
2865,2026-07-15 11:36:00,\Device\HarddiskVolume3\Windows\System32\WindowsPowerShell\v1.0\powershell.exe,,,UnknownOrUserSid,S-1-5-21-2395961029-2893071609-3470587398-1000,,60,383,0,0,0,0,0,0,0,2400000000,0,0,26,11130108,0,0,0
2866,2026-07-15 11:36:00,\Device\HarddiskVolume3\dfir\tools\git\usr\bin\tail.exe,,,UnknownOrUserSid,S-1-5-21-2395961029-2893071609-3470587398-1000,,60,1318,0,0,0,0,0,0,0,36000000000,0,0,226097,26416918358,0,0,0
2881,2026-07-15 12:37:00,System,,,LocalSystem,S-1-5-18,,4,29,0,0,0,0,0,0,0,36600000000,2560,1452544,76536,32014010189,0,5,140
2882,2026-07-15 12:37:00,Registry,,,LocalSystem,S-1-5-18,,4,335,0,0,0,0,0,0,0,26999360000,0,2650112,399,306834768,66,0,318
2883,2026-07-15 12:37:00,\Device\HarddiskVolume3\Windows\System32\smss.exe,,,LocalSystem,S-1-5-18,,4,312,0,0,0,0,0,0,0,599840000,0,0,1,155578,0,0,0
2884,2026-07-15 12:37:00,\Device\HarddiskVolume3\Windows\System32\csrss.exe,,,LocalSystem,S-1-5-18,,4,313,0,0,0,0,0,0,0,73200000000,0,16384,8054,928135400,0,0,4
2885,2026-07-15 12:37:00,\Device\HarddiskVolume3\Windows\System32\wininit.exe,,,LocalSystem,S-1-5-18,,4,314,0,0,0,0,0,0,0,1799680000,0,0,4,1907577,0,0,0
2886,2026-07-15 12:37:00,\Device\HarddiskVolume3\Windows\System32\services.exe,,,LocalSystem,S-1-5-18,,4,31,0,0,0,0,0,0,0,36600000000,0,16384,2729,541545632,0,0,4
2887,2026-07-15 12:37:00,\Device\HarddiskVolume3\Windows\System32\lsass.exe,,,LocalSystem,S-1-5-18,,4,315,0,0,0,0,0,0,0,36600000000,0,0,1749,525134662,0,0,0
2888,2026-07-15 12:37:00,\Device\HarddiskVolume3\Windows\System32\svchost.exe [DcomLaunch],,,LocalSystem,S-1-5-18,,4,30,0,0,0,0,0,0,0,73200000000,0,0,4845,945701546,0,0,0
2889,2026-07-15 12:37:00,\Device\HarddiskVolume3\Windows\System32\LogonUI.exe,,,LocalSystem,S-1-5-18,,4,523,0,0,0,0,0,0,0,36600000000,0,16384,1334,3476045800,0,0,4
2890,2026-07-15 12:37:00,\Device\HarddiskVolume3\Windows\System32\svchost.exe [netsvcs],,,LocalSystem,S-1-5-18,,4,317,0,0,0,0,0,0,0,450600000000,73728,1478656,4114,1531365738,24,3,129
2891,2026-07-15 12:37:00,\Device\HarddiskVolume3\Windows\System32\svchost.exe [LocalSystemNetworkRestricted],,,LocalSystem,S-1-5-18,,4,323,0,0,0,0,0,0,0,286800000000,0,401408,1320,1674019540,0,0,72
2892,2026-07-15 12:37:00,\Device\HarddiskVolume3\Windows\System32\svchost.exe [appmodel],,,LocalSystem,S-1-5-18,,4,326,0,0,0,0,0,0,0,36600000000,0,40960,244,128691064,0,0,10
2893,2026-07-15 12:37:00,\Device\HarddiskVolume3\Windows\System32\svchost.exe [UserProfileService],,,LocalSystem,S-1-5-18,,4,318,0,0,0,0,0,0,0,36600000000,0,0,142,56934396,0,0,0
2894,2026-07-15 12:37:00,\Device\HarddiskVolume3\Windows\System32\svchost.exe [netsvcsRedirectionGuard],,,LocalSystem,S-1-5-18,,4,1775,0,0,0,0,0,0,0,66600160000,0,0,196,57135171,0,0,0
2895,2026-07-15 12:37:00,\Device\HarddiskVolume3\Windows\System32\svchost.exe [utcsvc],,,LocalSystem,S-1-5-18,,4,330,0,0,0,0,0,0,0,36600000000,0,339968,854,707090711,7,0,82
2896,2026-07-15 12:37:00,\Device\HarddiskVolume3\Windows\System32\svchost.exe [NetSvcs],,,LocalSystem,S-1-5-18,,4,331,0,0,0,0,0,0,0,36600000000,0,0,182,46515608,0,0,0
2897,2026-07-15 12:37:00,\Device\HarddiskVolume3\ProgramData\Microsoft\Windows Defender\Platform\4.18.26060.3008-0\MpDefenderCoreService.exe,,,LocalSystem,S-1-5-18,,4,1078,0,0,0,0,0,0,0,36600000000,0,53248,439,388396671,0,0,13
2898,2026-07-15 12:37:00,\Device\HarddiskVolume3\ProgramData\Microsoft\Windows Defender\Platform\4.18.26060.3008-0\MsMpEng.exe,,,LocalSystem,S-1-5-18,,4,1081,0,0,0,0,0,0,0,36600000000,242688,16384,12040,6434991988,0,7,4
2899,2026-07-15 12:37:00,\Device\HarddiskVolume3\Windows\System32\svchost.exe [wsappx],,,LocalSystem,S-1-5-18,,4,325,0,0,0,0,0,0,0,3000000000,0,196608,179,128630796,0,0,48
2900,2026-07-15 12:37:00,\Device\HarddiskVolume3\Windows\System32\AggregatorHost.exe,,,LocalSystem,S-1-5-18,,4,332,0,0,0,0,0,0,0,16200320000,0,122880,96,136062776,0,0,30
2901,2026-07-15 12:37:00,System Interrupts,,,LocalSystem,S-1-5-18,,4,28,0,0,0,0,0,0,0,36600000000,0,0,0,1887897907891,0,0,0
2902,2026-07-15 12:37:00,\Device\HarddiskVolume3\Program Files (x86)\Microsoft\EdgeUpdate\MicrosoftEdgeUpdate.exe,,,LocalSystem,S-1-5-18,,4,342,0,0,0,0,0,0,0,2400000000,0,20480,80,24021675,0,0,5
2903,2026-07-15 12:37:00,\Device\HarddiskVolume3\Windows\System32\svchost.exe [InvSvcGroup],,,LocalSystem,S-1-5-18,,4,344,0,0,0,0,0,0,0,36600000000,0,45056,166,175723173,0,0,11
2904,2026-07-15 12:37:00,\Device\HarddiskVolume3\Windows\System32\svchost.exe [wusvcs],,,LocalSystem,S-1-5-18,,4,337,0,0,0,0,0,0,0,600000000,0,180224,390,842529429,0,0,43
2905,2026-07-15 12:37:00,\Device\HarddiskVolume3\Windows\UUS\amd64\MoUsoCoreWorker.exe,,,LocalSystem,S-1-5-18,,4,356,0,0,0,0,0,0,0,600000000,0,811008,1330,1672480899,42,0,198
2906,2026-07-15 12:37:00,\Device\HarddiskVolume3\Windows\System32\svchost.exe [whesvc],,,LocalSystem,S-1-5-18,,4,1845,0,0,0,0,0,0,0,36600000000,4096,204800,3499,532732764,0,1,50
2907,2026-07-15 12:37:00,\Device\HarddiskVolume3\Windows\System32\SearchIndexer.exe,,,LocalSystem,S-1-5-18,,4,338,0,0,0,0,0,0,0,36600000000,0,0,411,167489445,0,0,0
2908,2026-07-15 12:37:00,\Device\HarddiskVolume3\Windows\System32\SecurityHealthService.exe,,,LocalSystem,S-1-5-18,,4,354,0,0,0,0,0,0,0,36600000000,0,0,135,66446346,0,0,0
2909,2026-07-15 12:37:00,Memory Compression,,,LocalSystem,S-1-5-18,,4,336,0,0,0,0,0,0,0,2999840000,0,0,10,727080,0,0,0
2910,2026-07-15 12:37:00,\Device\HarddiskVolume3\Windows\System32\fontdrvhost.exe,,,UnknownOrUserSid,S-1-5-96-0-0,,1700,316,0,0,0,0,0,0,0,600000000,0,0,5,132100,0,0,0
2911,2026-07-15 12:37:00,\Device\HarddiskVolume3\Windows\System32\svchost.exe [RPCSS],,,NetworkService,S-1-5-20,,9,26,0,0,0,0,0,0,0,36600000000,0,0,2924,852160545,0,0,0
2912,2026-07-15 12:37:00,\Device\HarddiskVolume3\Windows\System32\svchost.exe [netprofm],,,NetworkService,S-1-5-20,,9,362,0,0,0,0,0,0,0,36600000000,0,0,1922,569838010,0,0,0
2913,2026-07-15 12:37:00,\Device\HarddiskVolume3\Windows\System32\svchost.exe [NetworkService],,,NetworkService,S-1-5-20,,9,363,0,0,0,0,0,0,0,160199840000,0,81920,10304,5639523647,0,0,20
2914,2026-07-15 12:37:00,\Device\HarddiskVolume3\Windows\System32\svchost.exe [NetworkServiceNetworkRestricted],,,NetworkService,S-1-5-20,,9,365,0,0,0,0,0,0,0,36600000000,0,0,157,47292091,0,0,0
2915,2026-07-15 12:37:00,\Device\HarddiskVolume3\Windows\System32\sppsvc.exe,,,NetworkService,S-1-5-20,,9,361,0,0,0,0,0,0,0,1200000000,0,8192,366,850901551,0,0,2
2916,2026-07-15 12:37:00,\Device\HarddiskVolume3\Windows\System32\dwm.exe,,,UnknownOrUserSid,S-1-5-90-0-1,,13,33,0,0,0,0,0,0,0,36600000000,0,0,16017,6584753150,0,0,0
2917,2026-07-15 12:37:00,\Device\HarddiskVolume3\Windows\System32\svchost.exe [LocalServiceNetworkRestricted],,,LocalService,S-1-5-19,,6,368,0,0,0,0,0,0,0,287400000000,0,705536,3076,1222822425,27,0,170
2918,2026-07-15 12:37:00,\Device\HarddiskVolume3\Windows\System32\svchost.exe [LocalService],,,LocalService,S-1-5-19,,6,367,0,0,0,0,0,0,0,177600160000,0,0,1145,373179839,0,0,0
2919,2026-07-15 12:37:00,\Device\HarddiskVolume3\Windows\System32\svchost.exe [LocalServiceNoNetwork],,,LocalService,S-1-5-19,,6,366,0,0,0,0,0,0,0,73200000000,196608,1146880,21584,5156210644,0,3,254
2920,2026-07-15 12:37:00,\Device\HarddiskVolume3\Windows\System32\svchost.exe [LocalServiceRedirectionGuard],,,LocalService,S-1-5-19,,6,1777,0,0,0,0,0,0,0,31199680000,0,0,104,27546339,0,0,0
2921,2026-07-15 12:37:00,\Device\HarddiskVolume3\Windows\System32\svchost.exe [LocalServiceHttp],,,LocalService,S-1-5-19,,6,1778,0,0,0,0,0,0,0,36600000000,0,0,735,339927986,0,0,0
2922,2026-07-15 12:37:00,\Device\HarddiskVolume3\Windows\System32\svchost.exe [LocalServiceNoNetworkFirewall],,,LocalService,S-1-5-19,,6,369,0,0,0,0,0,0,0,36600000000,0,0,448,224725885,0,0,0
2923,2026-07-15 12:37:00,\Device\HarddiskVolume3\Windows\System32\svchost.exe [WSAIFabricSvcGroup],,,LocalService,S-1-5-19,,6,1779,0,0,0,0,0,0,0,36600000000,0,0,143,63047476,0,0,0
2924,2026-07-15 12:37:00,\Device\HarddiskVolume3\ProgramData\Microsoft\Windows Defender\Platform\4.18.26060.3008-0\NisSrv.exe,,,LocalService,S-1-5-19,,6,1093,0,0,0,0,0,0,0,36600000000,0,0,791,385169134,0,0,0
2925,2026-07-15 12:37:00,\Device\HarddiskVolume3\Windows\System32\conhost.exe,,,UnknownOrUserSid,S-1-5-21-2395961029-2893071609-3470587398-1000,,60,349,0,0,0,0,0,0,0,109800000000,0,0,65930,8348098067,0,0,0
2926,2026-07-15 12:37:00,\Device\HarddiskVolume3\Windows\System32\WindowsPowerShell\v1.0\powershell.exe,,,UnknownOrUserSid,S-1-5-21-2395961029-2893071609-3470587398-1000,,60,383,0,0,0,0,0,0,0,3600320000,0,0,31,15988751,0,0,0
2927,2026-07-15 12:37:00,\Device\HarddiskVolume3\dfir\tools\git\usr\bin\tail.exe,,,UnknownOrUserSid,S-1-5-21-2395961029-2893071609-3470587398-1000,,60,1318,0,0,0,0,0,0,0,36600000000,0,0,229844,26342906506,0,0,0
2943,2026-07-15 13:37:00,System,,,LocalSystem,S-1-5-18,,4,29,0,0,0,0,0,0,0,35999840000,4096,1024000,77854,31947121936,0,8,140
2944,2026-07-15 13:37:00,Registry,,,LocalSystem,S-1-5-18,,4,335,0,0,0,0,0,0,0,26400160000,0,2699264,388,312554707,67,0,315
2945,2026-07-15 13:37:00,\Device\HarddiskVolume3\Windows\System32\smss.exe,,,LocalSystem,S-1-5-18,,4,312,0,0,0,0,0,0,0,600000000,0,0,1,112829,0,0,0
2946,2026-07-15 13:37:00,\Device\HarddiskVolume3\Windows\System32\csrss.exe,,,LocalSystem,S-1-5-18,,4,313,0,0,0,0,0,0,0,71999680000,0,0,7938,908513569,0,0,0
2947,2026-07-15 13:37:00,\Device\HarddiskVolume3\Windows\System32\wininit.exe,,,LocalSystem,S-1-5-18,,4,314,0,0,0,0,0,0,0,1800000000,0,0,4,2421265,0,0,0
2948,2026-07-15 13:37:00,\Device\HarddiskVolume3\Windows\System32\services.exe,,,LocalSystem,S-1-5-18,,4,31,0,0,0,0,0,0,0,35999840000,0,28672,3016,594896844,0,0,7
2949,2026-07-15 13:37:00,\Device\HarddiskVolume3\Windows\System32\lsass.exe,,,LocalSystem,S-1-5-18,,4,315,0,0,0,0,0,0,0,35999840000,0,0,2116,602497368,0,0,0
2950,2026-07-15 13:37:00,\Device\HarddiskVolume3\Windows\System32\svchost.exe [DcomLaunch],,,LocalSystem,S-1-5-18,,4,30,0,0,0,0,0,0,0,71999680000,0,0,4715,924862946,0,0,0
2951,2026-07-15 13:37:00,\Device\HarddiskVolume3\Windows\System32\LogonUI.exe,,,LocalSystem,S-1-5-18,,4,523,0,0,0,0,0,0,0,35999840000,0,16384,1307,3305475985,0,0,4
2952,2026-07-15 13:37:00,\Device\HarddiskVolume3\Windows\System32\svchost.exe [netsvcs],,,LocalSystem,S-1-5-18,,4,317,0,0,0,0,0,0,0,442798240000,0,1036288,3653,1704305646,26,0,104
2953,2026-07-15 13:37:00,\Device\HarddiskVolume3\Windows\System32\svchost.exe [LocalSystemNetworkRestricted],,,LocalSystem,S-1-5-18,,4,323,0,0,0,0,0,0,0,280798560000,254464,708608,1329,1982456702,0,7,107
2954,2026-07-15 13:37:00,\Device\HarddiskVolume3\Windows\System32\svchost.exe [appmodel],,,LocalSystem,S-1-5-18,,4,326,0,0,0,0,0,0,0,35999840000,0,40960,272,147336884,0,0,10
2955,2026-07-15 13:37:00,\Device\HarddiskVolume3\Windows\System32\svchost.exe [UserProfileService],,,LocalSystem,S-1-5-18,,4,318,0,0,0,0,0,0,0,35999840000,0,0,148,55595162,0,0,0
2956,2026-07-15 13:37:00,\Device\HarddiskVolume3\Windows\System32\svchost.exe [netsvcsRedirectionGuard],,,LocalSystem,S-1-5-18,,4,1775,0,0,0,0,0,0,0,64799520000,0,0,193,58708465,0,0,0
2957,2026-07-15 13:37:00,\Device\HarddiskVolume3\Windows\System32\svchost.exe [utcsvc],,,LocalSystem,S-1-5-18,,4,330,0,0,0,0,0,0,0,35999840000,0,405504,884,758131038,6,0,97
2958,2026-07-15 13:37:00,\Device\HarddiskVolume3\Windows\System32\svchost.exe [NetSvcs],,,LocalSystem,S-1-5-18,,4,331,0,0,0,0,0,0,0,35999840000,0,0,186,48333827,0,0,0
2959,2026-07-15 13:37:00,\Device\HarddiskVolume3\ProgramData\Microsoft\Windows Defender\Platform\4.18.26060.3008-0\MpDefenderCoreService.exe,,,LocalSystem,S-1-5-18,,4,1078,0,0,0,0,0,0,0,35999840000,0,40960,543,397100960,0,0,10
2960,2026-07-15 13:37:00,\Device\HarddiskVolume3\ProgramData\Microsoft\Windows Defender\Platform\4.18.26060.3008-0\MsMpEng.exe,,,LocalSystem,S-1-5-18,,4,1081,0,0,0,0,0,0,0,35999840000,2001408,184320,12686,6923395923,0,32,22
2961,2026-07-15 13:37:00,\Device\HarddiskVolume3\Windows\System32\svchost.exe [wsappx],,,LocalSystem,S-1-5-18,,4,325,0,0,0,0,0,0,0,3000000000,0,196608,187,130893324,0,0,48
2962,2026-07-15 13:37:00,\Device\HarddiskVolume3\Windows\System32\AggregatorHost.exe,,,LocalSystem,S-1-5-18,,4,332,0,0,0,0,0,0,0,18600000000,0,90112,106,152057480,0,0,22
2963,2026-07-15 13:37:00,System Interrupts,,,LocalSystem,S-1-5-18,,4,28,0,0,0,0,0,0,0,35999840000,0,0,0,1871722157436,0,0,0
2964,2026-07-15 13:37:00,\Device\HarddiskVolume3\Program Files (x86)\Microsoft\EdgeUpdate\MicrosoftEdgeUpdate.exe,,,LocalSystem,S-1-5-18,,4,342,0,0,0,0,0,0,0,2400000000,0,20480,81,26993063,0,0,5
2965,2026-07-15 13:37:00,\Device\HarddiskVolume3\Windows\System32\svchost.exe [InvSvcGroup],,,LocalSystem,S-1-5-18,,4,344,0,0,0,0,0,0,0,35999840000,0,77824,169,188451079,0,0,19
2966,2026-07-15 13:37:00,\Device\HarddiskVolume3\Windows\System32\svchost.exe [wusvcs],,,LocalSystem,S-1-5-18,,4,337,0,0,0,0,0,0,0,1200000000,0,237568,961,1983259487,0,0,56
2967,2026-07-15 13:37:00,\Device\HarddiskVolume3\Windows\UUS\amd64\MoUsoCoreWorker.exe,,,LocalSystem,S-1-5-18,,4,356,0,0,0,0,0,0,0,1200000000,32768,1404928,2615,3365686282,84,2,343
2968,2026-07-15 13:37:00,\Device\HarddiskVolume3\Windows\System32\svchost.exe [whesvc],,,LocalSystem,S-1-5-18,,4,1845,0,0,0,0,0,0,0,35999840000,0,212992,3516,505110708,0,0,52
2969,2026-07-15 13:37:00,\Device\HarddiskVolume3\Windows\System32\SearchIndexer.exe,,,LocalSystem,S-1-5-18,,4,338,0,0,0,0,0,0,0,35999840000,0,0,422,175808296,0,0,0
2970,2026-07-15 13:37:00,\Device\HarddiskVolume3\Windows\System32\taskhostw.exe,,,LocalSystem,S-1-5-18,,4,348,0,0,0,0,0,0,0,600000000,6632448,16384,1304,560726563,0,1207,4
2971,2026-07-15 13:37:00,\Device\HarddiskVolume3\Windows\System32\SecurityHealthService.exe,,,LocalSystem,S-1-5-18,,4,354,0,0,0,0,0,0,0,35999840000,0,0,132,72061159,0,0,0
2972,2026-07-15 13:37:00,Memory Compression,,,LocalSystem,S-1-5-18,,4,336,0,0,0,0,0,0,0,4200160000,0,0,21,938718,0,0,0
2973,2026-07-15 13:37:00,\Device\HarddiskVolume3\Windows\System32\fontdrvhost.exe,,,UnknownOrUserSid,S-1-5-96-0-0,,1700,316,0,0,0,0,0,0,0,600000000,0,0,5,132101,0,0,0
2974,2026-07-15 13:37:00,\Device\HarddiskVolume3\Windows\System32\svchost.exe [RPCSS],,,NetworkService,S-1-5-20,,9,26,0,0,0,0,0,0,0,35999840000,0,0,2762,903031964,0,0,0
2975,2026-07-15 13:37:00,\Device\HarddiskVolume3\Windows\System32\svchost.exe [netprofm],,,NetworkService,S-1-5-20,,9,362,0,0,0,0,0,0,0,35999840000,0,0,2350,603739546,0,0,0
2976,2026-07-15 13:37:00,\Device\HarddiskVolume3\Windows\System32\svchost.exe [NetworkService],,,NetworkService,S-1-5-20,,9,363,0,0,0,0,0,0,0,158399520000,0,94208,10178,5819628291,0,0,23
2977,2026-07-15 13:37:00,\Device\HarddiskVolume3\Windows\System32\svchost.exe [NetworkServiceNetworkRestricted],,,NetworkService,S-1-5-20,,9,365,0,0,0,0,0,0,0,35999840000,0,0,157,46948340,0,0,0
2978,2026-07-15 13:37:00,\Device\HarddiskVolume3\Windows\System32\dwm.exe,,,UnknownOrUserSid,S-1-5-90-0-1,,13,33,0,0,0,0,0,0,0,35999840000,0,0,15732,6497567107,0,0,0
2979,2026-07-15 13:37:00,\Device\HarddiskVolume3\Windows\System32\svchost.exe [LocalServiceNetworkRestricted],,,LocalService,S-1-5-19,,6,368,0,0,0,0,0,0,0,282599200000,0,705024,3116,1180989562,25,0,151
2980,2026-07-15 13:37:00,\Device\HarddiskVolume3\Windows\System32\svchost.exe [LocalService],,,LocalService,S-1-5-19,,6,367,0,0,0,0,0,0,0,171599520000,0,0,1167,360397591,0,0,0
2981,2026-07-15 13:37:00,\Device\HarddiskVolume3\Windows\System32\svchost.exe [LocalServiceNoNetwork],,,LocalService,S-1-5-19,,6,366,0,0,0,0,0,0,0,71999680000,0,1150976,21147,5100277303,0,0,246
2982,2026-07-15 13:37:00,\Device\HarddiskVolume3\Windows\System32\svchost.exe [LocalServiceRedirectionGuard],,,LocalService,S-1-5-19,,6,1777,0,0,0,0,0,0,0,29399840000,0,0,97,25407505,0,0,0
2983,2026-07-15 13:37:00,\Device\HarddiskVolume3\Windows\System32\svchost.exe [LocalServiceHttp],,,LocalService,S-1-5-19,,6,1778,0,0,0,0,0,0,0,35999840000,0,0,823,426823999,0,0,0
2984,2026-07-15 13:37:00,\Device\HarddiskVolume3\Windows\System32\svchost.exe [LocalServiceNoNetworkFirewall],,,LocalService,S-1-5-19,,6,369,0,0,0,0,0,0,0,35999840000,0,0,455,247076496,0,0,0
2985,2026-07-15 13:37:00,\Device\HarddiskVolume3\Windows\System32\svchost.exe [WSAIFabricSvcGroup],,,LocalService,S-1-5-19,,6,1779,0,0,0,0,0,0,0,35999840000,0,0,138,64455384,0,0,0
2986,2026-07-15 13:37:00,\Device\HarddiskVolume3\ProgramData\Microsoft\Windows Defender\Platform\4.18.26060.3008-0\NisSrv.exe,,,LocalService,S-1-5-19,,6,1093,0,0,0,0,0,0,0,35999840000,0,0,965,442926623,0,0,0
2987,2026-07-15 13:37:00,\Device\HarddiskVolume3\Windows\System32\conhost.exe,,,UnknownOrUserSid,S-1-5-21-2395961029-2893071609-3470587398-1000,,60,349,0,0,0,0,0,0,0,107999520000,0,0,64846,8247210711,0,0,0
2988,2026-07-15 13:37:00,\Device\HarddiskVolume3\Windows\System32\WindowsPowerShell\v1.0\powershell.exe,,,UnknownOrUserSid,S-1-5-21-2395961029-2893071609-3470587398-1000,,60,383,0,0,0,0,0,0,0,1800000000,0,0,20,9222176,0,0,0
2989,2026-07-15 13:37:00,\Device\HarddiskVolume3\dfir\tools\git\usr\bin\tail.exe,,,UnknownOrUserSid,S-1-5-21-2395961029-2893071609-3470587398-1000,,60,1318,0,0,0,0,0,0,0,35999840000,0,0,226047,25996002554,0,0,0
3005,2026-07-15 14:37:00,System,,,LocalSystem,S-1-5-18,,4,29,0,0,0,0,0,0,0,35999840000,26535424,3246080,885164,106379883006,0,200,474
3006,2026-07-15 14:37:00,Registry,,,LocalSystem,S-1-5-18,,4,335,0,0,0,0,0,0,0,27600320000,0,3727360,532,340787830,87,0,414
3007,2026-07-15 14:37:00,\Device\HarddiskVolume3\Windows\System32\smss.exe,,,LocalSystem,S-1-5-18,,4,312,0,0,0,0,0,0,0,600000000,0,0,1,354955,0,0,0
3008,2026-07-15 14:37:00,\Device\HarddiskVolume3\Windows\System32\csrss.exe,,,LocalSystem,S-1-5-18,,4,313,0,0,0,0,0,0,0,71999680000,0,0,42730,6119933262,0,0,0
3009,2026-07-15 14:37:00,\Device\HarddiskVolume3\Windows\System32\wininit.exe,,,LocalSystem,S-1-5-18,,4,314,0,0,0,0,0,0,0,3599680000,0,0,11,2936351,0,0,0
3010,2026-07-15 14:37:00,\Device\HarddiskVolume3\Windows\System32\winlogon.exe,,,LocalSystem,S-1-5-18,,4,32,0,0,0,0,0,0,0,1799840000,0,0,12,2022859,0,0,0
3011,2026-07-15 14:37:00,\Device\HarddiskVolume3\Windows\System32\services.exe,,,LocalSystem,S-1-5-18,,4,31,0,0,0,0,0,0,0,35999840000,0,32768,10742,955153363,0,0,8
3012,2026-07-15 14:37:00,\Device\HarddiskVolume3\Windows\System32\lsass.exe,,,LocalSystem,S-1-5-18,,4,315,0,0,0,0,0,0,0,35999840000,0,413696,14151,2180597735,28,0,58
3013,2026-07-15 14:37:00,\Device\HarddiskVolume3\Windows\System32\svchost.exe [DcomLaunch],,,LocalSystem,S-1-5-18,,4,30,0,0,0,0,0,0,0,71999680000,0,8192,5087,922331290,0,0,2
3014,2026-07-15 14:37:00,\Device\HarddiskVolume3\Windows\System32\LogonUI.exe,,,LocalSystem,S-1-5-18,,4,523,0,0,0,0,0,0,0,35999840000,4096,16384,1325,2934610485,0,1,4
3015,2026-07-15 14:37:00,\Device\HarddiskVolume3\Windows\System32\svchost.exe [netsvcs],,,LocalSystem,S-1-5-18,,4,317,0,0,0,0,0,0,0,443997760000,0,1384448,6257,1887469901,27,0,115
3016,2026-07-15 14:37:00,\Device\HarddiskVolume3\Windows\System32\svchost.exe [LocalSystemNetworkRestricted],,,LocalSystem,S-1-5-18,,4,323,0,0,0,0,0,0,0,280198560000,0,3891200,1650,3769662040,0,0,540
3017,2026-07-15 14:37:00,\Device\HarddiskVolume3\Windows\System32\svchost.exe [appmodel],,,LocalSystem,S-1-5-18,,4,326,0,0,0,0,0,0,0,35999840000,0,69632,312,148466579,0,0,17
3018,2026-07-15 14:37:00,\Device\HarddiskVolume3\Windows\System32\svchost.exe [UserProfileService],,,LocalSystem,S-1-5-18,,4,318,0,0,0,0,0,0,0,35999840000,0,40960,252,97155069,0,0,10
3019,2026-07-15 14:37:00,\Device\HarddiskVolume3\Windows\System32\svchost.exe [netsvcsRedirectionGuard],,,LocalSystem,S-1-5-18,,4,1775,0,0,0,0,0,0,0,64199520000,0,0,195,54023969,0,0,0
3020,2026-07-15 14:37:00,\Device\HarddiskVolume3\Windows\System32\spoolsv.exe,,,LocalSystem,S-1-5-18,,4,329,0,0,0,0,0,0,0,1200000000,0,0,7,974463,0,0,0
3021,2026-07-15 14:37:00,\Device\HarddiskVolume3\Windows\System32\svchost.exe [utcsvc],,,LocalSystem,S-1-5-18,,4,330,0,0,0,0,0,0,0,35999840000,8206336,2490368,7411,4092388550,6,38,148
3022,2026-07-15 14:37:00,\Device\HarddiskVolume3\Windows\System32\svchost.exe [NetSvcs],,,LocalSystem,S-1-5-18,,4,331,0,0,0,0,0,0,0,35999840000,0,0,211,37223690,0,0,0
3023,2026-07-15 14:37:00,\Device\HarddiskVolume3\ProgramData\Microsoft\Windows Defender\Platform\4.18.26060.3008-0\MpDefenderCoreService.exe,,,LocalSystem,S-1-5-18,,4,1078,0,0,0,0,0,0,0,35999840000,0,57344,539,414506038,0,0,14
3024,2026-07-15 14:37:00,\Device\HarddiskVolume3\Windows\System32\OpenSSH\ssh-agent.exe,,,LocalSystem,S-1-5-18,,4,1057,0,0,0,0,0,0,0,1200000000,0,0,2,623011,0,0,0
3025,2026-07-15 14:37:00,\Device\HarddiskVolume3\ProgramData\Microsoft\Windows Defender\Platform\4.18.26060.3008-0\MsMpEng.exe,,,LocalSystem,S-1-5-18,,4,1081,0,0,0,0,0,0,0,35999840000,124646912,19591168,1058768,306659758679,3,1652,2582
3026,2026-07-15 14:37:00,\Device\HarddiskVolume3\Windows\System32\OpenSSH\sshd.exe,,,LocalSystem,S-1-5-18,,4,1059,0,0,0,0,0,0,0,9599840000,0,57344,774,451915075,0,0,14
3027,2026-07-15 14:37:00,\Device\HarddiskVolume3\Windows\System32\svchost.exe [wsappx],,,LocalSystem,S-1-5-18,,4,325,0,0,0,0,0,0,0,6000160000,0,196608,368,254018973,0,0,48
3028,2026-07-15 14:37:00,\Device\HarddiskVolume3\Windows\System32\AggregatorHost.exe,,,LocalSystem,S-1-5-18,,4,332,0,0,0,0,0,0,0,17399520000,0,94208,130,142847559,0,0,23
3029,2026-07-15 14:37:00,System Interrupts,,,LocalSystem,S-1-5-18,,4,28,0,0,0,0,0,0,0,35999840000,0,0,0,1588195868122,0,0,0
3030,2026-07-15 14:37:00,\Device\HarddiskVolume3\Program Files (x86)\Microsoft\EdgeUpdate\MicrosoftEdgeUpdate.exe,,,LocalSystem,S-1-5-18,,4,342,0,0,0,0,0,0,0,3599680000,0,32768,85,28823546,0,0,8
3031,2026-07-15 14:37:00,\Device\HarddiskVolume3\Windows\System32\svchost.exe [InvSvcGroup],,,LocalSystem,S-1-5-18,,4,344,0,0,0,0,0,0,0,35999840000,0,77824,176,153511302,0,0,19
3032,2026-07-15 14:37:00,\Device\HarddiskVolume3\Windows\System32\svchost.exe [wusvcs],,,LocalSystem,S-1-5-18,,4,337,0,0,0,0,0,0,0,599840000,0,208896,584,1103890707,0,0,50
3033,2026-07-15 14:37:00,\Device\HarddiskVolume3\Windows\UUS\amd64\MoUsoCoreWorker.exe,,,LocalSystem,S-1-5-18,,4,356,0,0,0,0,0,0,0,599840000,0,811008,1313,1673207654,42,0,198
3034,2026-07-15 14:37:00,\Device\HarddiskVolume3\Windows\System32\svchost.exe [whesvc],,,LocalSystem,S-1-5-18,,4,1845,0,0,0,0,0,0,0,35999840000,0,200704,37346,4746785582,0,0,49
3035,2026-07-15 14:37:00,\Device\HarddiskVolume3\Windows\System32\SearchIndexer.exe,,,LocalSystem,S-1-5-18,,4,338,0,0,0,0,0,0,0,35999840000,0,106496,1657,409212164,0,0,26
3036,2026-07-15 14:37:00,\Device\HarddiskVolume3\Windows\System32\SearchProtocolHost.exe,,,LocalSystem,S-1-5-18,,4,339,0,0,0,0,0,0,0,2400000000,78336,106496,747,232356159,0,4,26
3037,2026-07-15 14:37:00,\Device\HarddiskVolume3\Windows\System32\SecurityHealthService.exe,,,LocalSystem,S-1-5-18,,4,354,0,0,0,0,0,0,0,35999840000,0,0,265,75702518,0,0,0
3038,2026-07-15 14:37:00,Memory Compression,,,LocalSystem,S-1-5-18,,4,336,0,0,0,0,0,0,0,7799840000,0,0,121,3704784,0,0,0
3039,2026-07-15 14:37:00,\Device\HarddiskVolume3\Windows\System32\VSSVC.exe,,,LocalSystem,S-1-5-18,,4,359,0,0,0,0,0,0,0,5400000000,0,28672,1594,300120107,0,0,7
3040,2026-07-15 14:37:00,\Device\HarddiskVolume3\Windows\System32\svchost.exe [swprv],,,LocalSystem,S-1-5-18,,4,360,0,0,0,0,0,0,0,9599840000,0,36864,462,180370482,0,0,9
3041,2026-07-15 14:37:00,\Device\HarddiskVolume3\Windows\System32\fontdrvhost.exe,,,UnknownOrUserSid,S-1-5-96-0-0,,1700,316,0,0,0,0,0,0,0,3600000000,0,0,30,880205,0,0,0
3042,2026-07-15 14:37:00,\Device\HarddiskVolume3\Windows\System32\svchost.exe [RPCSS],,,NetworkService,S-1-5-20,,9,26,0,0,0,0,0,0,0,35999840000,0,0,20171,2299061644,0,0,0
3043,2026-07-15 14:37:00,\Device\HarddiskVolume3\Windows\System32\svchost.exe [netprofm],,,NetworkService,S-1-5-20,,9,362,0,0,0,0,0,0,0,35999840000,0,0,2069,519620417,0,0,0
3044,2026-07-15 14:37:00,\Device\HarddiskVolume3\Windows\System32\svchost.exe [NetworkService],,,NetworkService,S-1-5-20,,9,363,0,0,0,0,0,0,0,163799200000,0,212992,11669,5571254125,0,0,52
3045,2026-07-15 14:37:00,\Device\HarddiskVolume3\Windows\System32\svchost.exe [NetworkServiceNetworkRestricted],,,NetworkService,S-1-5-20,,9,365,0,0,0,0,0,0,0,35999840000,0,0,173,39187681,0,0,0
3046,2026-07-15 14:37:00,\Device\HarddiskVolume3\Windows\System32\wbem\WmiPrvSE.exe,,,NetworkService,S-1-5-20,,9,333,0,0,0,0,0,0,0,3600000000,126976,155648,1182,712416120,0,2,38
3047,2026-07-15 14:37:00,\Device\HarddiskVolume3\Windows\System32\dwm.exe,,,UnknownOrUserSid,S-1-5-90-0-1,,13,33,0,0,0,0,0,0,0,35999840000,0,0,15927,5763405151,0,0,0
3048,2026-07-15 14:37:00,\Device\HarddiskVolume3\Windows\System32\svchost.exe [LocalServiceNetworkRestricted],,,LocalService,S-1-5-19,,6,368,0,0,0,0,0,0,0,281398080000,200704,1373184,9353,1853124025,43,4,280
3049,2026-07-15 14:37:00,\Device\HarddiskVolume3\Windows\System32\svchost.exe [LocalService],,,LocalService,S-1-5-19,,6,367,0,0,0,0,0,0,0,176399200000,0,0,4373,675474081,0,0,0
3050,2026-07-15 14:37:00,\Device\HarddiskVolume3\Windows\System32\svchost.exe [LocalServiceNoNetwork],,,LocalService,S-1-5-19,,6,366,0,0,0,0,0,0,0,71999680000,0,1110016,21100,4596506319,0,0,224
3051,2026-07-15 14:37:00,\Device\HarddiskVolume3\Windows\System32\svchost.exe [LocalServiceRedirectionGuard],,,LocalService,S-1-5-19,,6,1777,0,0,0,0,0,0,0,33600160000,0,0,970,197957765,0,0,0
3052,2026-07-15 14:37:00,\Device\HarddiskVolume3\Windows\System32\svchost.exe [LocalServiceHttp],,,LocalService,S-1-5-19,,6,1778,0,0,0,0,0,0,0,35999840000,0,0,1033,455618805,0,0,0
3053,2026-07-15 14:37:00,\Device\HarddiskVolume3\Windows\System32\svchost.exe [LocalServiceNoNetworkFirewall],,,LocalService,S-1-5-19,,6,369,0,0,0,0,0,0,0,35999840000,0,0,543,202730236,0,0,0
3054,2026-07-15 14:37:00,\Device\HarddiskVolume3\Windows\System32\svchost.exe [WSAIFabricSvcGroup],,,LocalService,S-1-5-19,,6,1779,0,0,0,0,0,0,0,35999840000,0,0,138,51735163,0,0,0
3055,2026-07-15 14:37:00,\Device\HarddiskVolume3\ProgramData\Microsoft\Windows Defender\Platform\4.18.26060.3008-0\NisSrv.exe,,,LocalService,S-1-5-19,,6,1093,0,0,0,0,0,0,0,35999840000,0,0,977,386513994,0,0,0
3056,2026-07-15 14:37:00,\Device\HarddiskVolume3\Windows\System32\OpenSSH\sshd.exe,,,UnknownOrUserSid,S-1-5-21-2395961029-2893071609-3470587398-1000,,60,1059,0,0,0,0,0,0,0,4799840000,0,8192,389,267901457,0,0,2
3057,2026-07-15 14:37:00,\Device\HarddiskVolume3\Windows\System32\cmd.exe,,,UnknownOrUserSid,S-1-5-21-2395961029-2893071609-3470587398-1000,,60,514,0,0,0,0,0,0,0,6599680000,0,36864,118,129583872,0,0,9
3058,2026-07-15 14:37:00,\Device\HarddiskVolume3\Windows\System32\conhost.exe,,,UnknownOrUserSid,S-1-5-21-2395961029-2893071609-3470587398-1000,,60,349,0,0,0,0,0,0,0,112799360000,0,8192,81276,9416783489,0,0,2
3059,2026-07-15 14:37:00,\Device\HarddiskVolume3\dfir\tools\git\bin\bash.exe,,,UnknownOrUserSid,S-1-5-21-2395961029-2893071609-3470587398-1000,,60,1108,0,0,0,0,0,0,0,4199680000,0,12288,100,124574559,0,0,3
3060,2026-07-15 14:37:00,\Device\HarddiskVolume3\dfir\tools\git\usr\bin\bash.exe,,,UnknownOrUserSid,S-1-5-21-2395961029-2893071609-3470587398-1000,,60,1099,0,0,0,0,0,0,0,20399360000,0,561152,6711,3703166657,0,0,137
3061,2026-07-15 14:37:00,\Device\HarddiskVolume3\dfir\Python\python.exe,,,UnknownOrUserSid,S-1-5-21-2395961029-2893071609-3470587398-1000,,60,392,0,0,0,0,0,0,0,1800000000,0,176128,2768,95394514111,0,0,41
3062,2026-07-15 14:37:00,\Device\HarddiskVolume3\Windows\System32\WindowsPowerShell\v1.0\powershell.exe,,,UnknownOrUserSid,S-1-5-21-2395961029-2893071609-3470587398-1000,,60,383,0,0,0,0,0,0,0,15600160000,0,0,329,75668526,0,0,0
3063,2026-07-15 14:37:00,\Device\HarddiskVolume3\dfir\tools\git\usr\bin\timeout.exe,,,UnknownOrUserSid,S-1-5-21-2395961029-2893071609-3470587398-1000,,60,1112,0,0,0,0,0,0,0,4200000000,0,0,260,168440781,0,0,0
3064,2026-07-15 14:37:00,\Device\HarddiskVolume3\dfir\Python\Scripts\vol.exe,,,UnknownOrUserSid,S-1-5-21-2395961029-2893071609-3470587398-1000,,60,1329,0,0,0,0,0,0,0,1800000000,0,0,33,45980888,0,0,0
3065,2026-07-15 14:37:00,\Device\HarddiskVolume3\dfir\tools\git\mingw64\bin\git.exe,,,UnknownOrUserSid,S-1-5-21-2395961029-2893071609-3470587398-1000,,60,1098,0,0,0,0,0,0,0,1799680000,26112,98304,126,92497904,0,4,24
3066,2026-07-15 14:37:00,\Device\HarddiskVolume3\dfir\tools\git\usr\bin\tail.exe,,,UnknownOrUserSid,S-1-5-21-2395961029-2893071609-3470587398-1000,,60,1318,0,0,0,0,0,0,0,35999840000,0,0,226086,23390734585,0,0,0
3067,2026-07-15 14:37:00,\Device\HarddiskVolume3\dfir\tools\git\mingw64\libexec\git-core\git.exe,,,UnknownOrUserSid,S-1-5-21-2395961029-2893071609-3470587398-1000,,60,1326,0,0,0,0,0,0,0,3599360000,0,425984,180,321541049,28,0,104
3068,2026-07-15 14:37:00,\Device\HarddiskVolume3\dfir\tools\git\mingw64\libexec\git-core\git-remote-https.exe,,,UnknownOrUserSid,S-1-5-21-2395961029-2893071609-3470587398-1000,,60,1328,0,0,0,0,0,0,0,1799680000,0,69632,168,200067891,0,0,17
3069,2026-07-15 14:37:00,\Device\HarddiskVolume3\dfir\tools\git\usr\bin\sh.exe,,,UnknownOrUserSid,S-1-5-21-2395961029-2893071609-3470587398-1000,,60,1130,0,0,0,0,0,0,0,1199840000,0,0,3,844465,0,0,0
3070,2026-07-15 14:37:00,\Device\HarddiskVolume3\dfir\tools\git\mingw64\bin\git-credential-helper-selector.exe,,,UnknownOrUserSid,S-1-5-21-2395961029-2893071609-3470587398-1000,,60,1953,0,0,0,0,0,0,0,1199840000,0,0,5,849019,0,0,0
3071,2026-07-15 14:37:00,\Device\HarddiskVolume3\dfir\tools\hayabusa\hayabusa.exe,,,UnknownOrUserSid,S-1-5-21-2395961029-2893071609-3470587398-1000,,60,526,0,0,0,0,0,0,0,600000000,0,4096,52,8637610852,0,0,1
3072,2026-07-15 14:37:00,\Device\HarddiskVolume3\dfir\tools\EZ\net9\EvtxeCmd\EvtxECmd.exe,,,UnknownOrUserSid,S-1-5-21-2395961029-2893071609-3470587398-1000,,60,517,0,0,0,0,0,0,0,1800000000,0,12288,545,3111646623,0,0,3
3131,2026-07-15 15:37:00,System,,,LocalSystem,S-1-5-18,,4,29,0,0,0,0,0,0,0,36000000000,22611968,81758720,646182,86822684648,21,306,904
3132,2026-07-15 15:37:00,Registry,,,LocalSystem,S-1-5-18,,4,335,0,0,0,0,0,0,0,28800960000,0,7770112,968,546706005,145,0,838
3133,2026-07-15 15:37:00,\Device\HarddiskVolume3\Windows\System32\smss.exe,,,LocalSystem,S-1-5-18,,4,312,0,0,0,0,0,0,0,599840000,0,0,1,243878,0,0,0
3134,2026-07-15 15:37:00,\Device\HarddiskVolume3\Windows\System32\csrss.exe,,,LocalSystem,S-1-5-18,,4,313,0,0,0,0,0,0,0,72000000000,0,8192,34906,4896477309,0,0,2
3135,2026-07-15 15:37:00,\Device\HarddiskVolume3\Windows\System32\wininit.exe,,,LocalSystem,S-1-5-18,,4,314,0,0,0,0,0,0,0,3600000000,0,0,11,3947954,0,0,0
3136,2026-07-15 15:37:00,\Device\HarddiskVolume3\Windows\System32\winlogon.exe,,,LocalSystem,S-1-5-18,,4,32,0,0,0,0,0,0,0,1800000000,0,0,12,2322451,0,0,0
3137,2026-07-15 15:37:00,\Device\HarddiskVolume3\Windows\System32\services.exe,,,LocalSystem,S-1-5-18,,4,31,0,0,0,0,0,0,0,36000000000,0,24576,10978,1147899856,0,0,6
3138,2026-07-15 15:37:00,\Device\HarddiskVolume3\Windows\System32\lsass.exe,,,LocalSystem,S-1-5-18,,4,315,0,0,0,0,0,0,0,36000000000,0,1916928,17434,3140422250,124,0,265
3139,2026-07-15 15:37:00,\Device\HarddiskVolume3\Windows\System32\svchost.exe [DcomLaunch],,,LocalSystem,S-1-5-18,,4,30,0,0,0,0,0,0,0,72000000000,0,16384,5391,977169258,0,0,4
3140,2026-07-15 15:37:00,\Device\HarddiskVolume3\Windows\System32\LogonUI.exe,,,LocalSystem,S-1-5-18,,4,523,0,0,0,0,0,0,0,36000000000,0,16384,1553,2961347443,0,0,4
3141,2026-07-15 15:37:00,\Device\HarddiskVolume3\Windows\System32\svchost.exe [netsvcs],,,LocalSystem,S-1-5-18,,4,317,0,0,0,0,0,0,0,442800160000,680448,1982464,10257,3568630159,33,29,183
3142,2026-07-15 15:37:00,\Device\HarddiskVolume3\Windows\System32\svchost.exe [LocalSystemNetworkRestricted],,,LocalSystem,S-1-5-18,,4,323,0,0,0,0,0,0,0,284399840000,2249728,4935680,3294,5180859517,0,73,827
3143,2026-07-15 15:37:00,\Device\HarddiskVolume3\Windows\System32\svchost.exe [appmodel],,,LocalSystem,S-1-5-18,,4,326,0,0,0,0,0,0,0,36000000000,0,61440,446,139674687,0,0,15
3144,2026-07-15 15:37:00,\Device\HarddiskVolume3\Windows\System32\svchost.exe [UserProfileService],,,LocalSystem,S-1-5-18,,4,318,0,0,0,0,0,0,0,36000000000,0,196608,553,228007041,0,0,48
3145,2026-07-15 15:37:00,\Device\HarddiskVolume3\Windows\System32\svchost.exe [netsvcsRedirectionGuard],,,LocalSystem,S-1-5-18,,4,1775,0,0,0,0,0,0,0,67199680000,0,0,195,49571791,0,0,0
3146,2026-07-15 15:37:00,\Device\HarddiskVolume3\Windows\System32\dllhost.exe,,,LocalSystem,S-1-5-18,,4,351,0,0,0,0,0,0,0,600000000,589824,24576,78,51291557,0,5,6
3147,2026-07-15 15:37:00,\Device\HarddiskVolume3\Windows\System32\spoolsv.exe,,,LocalSystem,S-1-5-18,,4,329,0,0,0,0,0,0,0,1199840000,0,0,8,1797902,0,0,0
3148,2026-07-15 15:37:00,\Device\HarddiskVolume3\Windows\System32\svchost.exe [utcsvc],,,LocalSystem,S-1-5-18,,4,330,0,0,0,0,0,0,0,36000000000,654848,2371584,6545,4766059817,8,15,130
3149,2026-07-15 15:37:00,\Device\HarddiskVolume3\Windows\System32\svchost.exe [NetSvcs],,,LocalSystem,S-1-5-18,,4,331,0,0,0,0,0,0,0,36000000000,0,0,213,34450271,0,0,0
3150,2026-07-15 15:37:00,\Device\HarddiskVolume3\ProgramData\Microsoft\Windows Defender\Platform\4.18.26060.3008-0\MpDefenderCoreService.exe,,,LocalSystem,S-1-5-18,,4,1078,0,0,0,0,0,0,0,36000000000,0,0,515,417202364,0,0,0
3151,2026-07-15 15:37:00,\Device\HarddiskVolume3\Windows\System32\OpenSSH\ssh-agent.exe,,,LocalSystem,S-1-5-18,,4,1057,0,0,0,0,0,0,0,1199840000,0,0,2,1125485,0,0,0
3152,2026-07-15 15:37:00,\Device\HarddiskVolume3\ProgramData\Microsoft\Windows Defender\Platform\4.18.26060.3008-0\MsMpEng.exe,,,LocalSystem,S-1-5-18,,4,1081,0,0,0,0,0,0,0,36000000000,73289216,13828096,749653,223007513341,2,825,1901
3153,2026-07-15 15:37:00,\Device\HarddiskVolume3\Windows\System32\OpenSSH\sshd.exe,,,LocalSystem,S-1-5-18,,4,1059,0,0,0,0,0,0,0,10200160000,0,40960,498,317580470,0,0,10
3154,2026-07-15 15:37:00,\Device\HarddiskVolume3\Windows\System32\svchost.exe [wsappx],,,LocalSystem,S-1-5-18,,4,325,0,0,0,0,0,0,0,6000320000,0,192512,370,249016315,0,0,47
3155,2026-07-15 15:37:00,\Device\HarddiskVolume3\Windows\System32\AggregatorHost.exe,,,LocalSystem,S-1-5-18,,4,332,0,0,0,0,0,0,0,20999520000,0,90112,155,124326814,0,0,22
3156,2026-07-15 15:37:00,\Device\HarddiskVolume3\Windows\System32\wbem\WmiPrvSE.exe,,,LocalSystem,S-1-5-18,,4,333,0,0,0,0,0,0,0,4800000000,65536,81920,2029,242094832,0,1,20
3157,2026-07-15 15:37:00,System Interrupts,,,LocalSystem,S-1-5-18,,4,28,0,0,0,0,0,0,0,36000000000,0,0,0,1526857537808,0,0,0
3158,2026-07-15 15:37:00,\Device\HarddiskVolume3\Program Files (x86)\Microsoft\EdgeUpdate\MicrosoftEdgeUpdate.exe,,,LocalSystem,S-1-5-18,,4,342,0,0,0,0,0,0,0,4199680000,86016,20480,126,26531939,0,3,5
3159,2026-07-15 15:37:00,\Device\HarddiskVolume3\Windows\System32\svchost.exe [InvSvcGroup],,,LocalSystem,S-1-5-18,,4,344,0,0,0,0,0,0,0,36000000000,147456,81920,462,275267228,0,5,20
3160,2026-07-15 15:37:00,\Device\HarddiskVolume3\Windows\System32\svchost.exe [wusvcs],,,LocalSystem,S-1-5-18,,4,337,0,0,0,0,0,0,0,600000000,0,192512,570,939440619,0,0,46
3161,2026-07-15 15:37:00,\Device\HarddiskVolume3\Windows\UUS\amd64\MoUsoCoreWorker.exe,,,LocalSystem,S-1-5-18,,4,356,0,0,0,0,0,0,0,600000000,0,847872,1359,1901697181,42,0,207
3162,2026-07-15 15:37:00,\Device\HarddiskVolume3\Windows\System32\svchost.exe [whesvc],,,LocalSystem,S-1-5-18,,4,1845,0,0,0,0,0,0,0,36000000000,0,135168,29962,4315686165,0,0,33
3163,2026-07-15 15:37:00,\Device\HarddiskVolume3\Windows\System32\SearchIndexer.exe,,,LocalSystem,S-1-5-18,,4,338,0,0,0,0,0,0,0,36000000000,0,319488,2790,572160490,2,0,78
3164,2026-07-15 15:37:00,\Device\HarddiskVolume3\Windows\System32\SearchProtocolHost.exe,,,LocalSystem,S-1-5-18,,4,339,0,0,0,0,0,0,0,4800160000,156672,114688,1268,533418102,0,8,28
3165,2026-07-15 15:37:00,\Device\HarddiskVolume3\Windows\System32\SecurityHealthService.exe,,,LocalSystem,S-1-5-18,,4,354,0,0,0,0,0,0,0,36000000000,0,0,225,71407317,0,0,0
3166,2026-07-15 15:37:00,Memory Compression,,,LocalSystem,S-1-5-18,,4,336,0,0,0,0,0,0,0,10800000000,0,0,270,16029404,0,0,0
3167,2026-07-15 15:37:00,\Device\HarddiskVolume3\Windows\System32\VSSVC.exe,,,LocalSystem,S-1-5-18,,4,359,0,0,0,0,0,0,0,3600160000,0,24576,884,193141903,0,0,6
3168,2026-07-15 15:37:00,\Device\HarddiskVolume3\Windows\System32\svchost.exe [swprv],,,LocalSystem,S-1-5-18,,4,360,0,0,0,0,0,0,0,7200000000,0,16384,393,169128944,0,0,4
3169,2026-07-15 15:37:00,\Device\HarddiskVolume3\Windows\System32\fontdrvhost.exe,,,UnknownOrUserSid,S-1-5-96-0-0,,1700,316,0,0,0,0,0,0,0,6600480000,0,0,105,2752035,0,0,0
3170,2026-07-15 15:37:00,\Device\HarddiskVolume3\Windows\System32\svchost.exe [RPCSS],,,NetworkService,S-1-5-20,,9,26,0,0,0,0,0,0,0,36000000000,53248,8192,15311,1980417029,0,1,2
3171,2026-07-15 15:37:00,\Device\HarddiskVolume3\Windows\System32\svchost.exe [netprofm],,,NetworkService,S-1-5-20,,9,362,0,0,0,0,0,0,0,36000000000,0,0,2103,547161532,0,0,0
3172,2026-07-15 15:37:00,\Device\HarddiskVolume3\Windows\System32\svchost.exe [NetworkService],,,NetworkService,S-1-5-20,,9,363,0,0,0,0,0,0,0,160800160000,11264,499712,12000,5622750726,0,2,106
3173,2026-07-15 15:37:00,\Device\HarddiskVolume3\Windows\System32\svchost.exe [NetworkServiceNetworkRestricted],,,NetworkService,S-1-5-20,,9,365,0,0,0,0,0,0,0,36000000000,0,0,174,34503538,0,0,0
3174,2026-07-15 15:37:00,\Device\HarddiskVolume3\Windows\System32\sppsvc.exe,,,NetworkService,S-1-5-20,,9,361,0,0,0,0,0,0,0,1200160000,0,0,445,853506054,0,0,0
3175,2026-07-15 15:37:00,\Device\HarddiskVolume3\Windows\System32\wbem\WmiPrvSE.exe,,,NetworkService,S-1-5-20,,9,333,0,0,0,0,0,0,0,3000000000,2560,151552,878,511478916,0,1,37
3176,2026-07-15 15:37:00,\Device\HarddiskVolume3\Windows\System32\dwm.exe,,,UnknownOrUserSid,S-1-5-90-0-1,,13,33,0,0,0,0,0,0,0,36000000000,0,0,15903,5704412449,0,0,0
3177,2026-07-15 15:37:00,\Device\HarddiskVolume3\Windows\System32\svchost.exe [LocalServiceNetworkRestricted],,,LocalService,S-1-5-19,,6,368,0,0,0,0,0,0,0,279000160000,475136,2548224,8093,1861265952,74,29,435
3178,2026-07-15 15:37:00,\Device\HarddiskVolume3\Windows\System32\svchost.exe [LocalService],,,LocalService,S-1-5-19,,6,367,0,0,0,0,0,0,0,177600160000,0,0,3722,622710529,0,0,0
3179,2026-07-15 15:37:00,\Device\HarddiskVolume3\Windows\System32\svchost.exe [LocalServiceNoNetwork],,,LocalService,S-1-5-19,,6,366,0,0,0,0,0,0,0,72000000000,86016,1462272,21440,4691662002,0,2,321
3180,2026-07-15 15:37:00,\Device\HarddiskVolume3\Windows\System32\svchost.exe [LocalServiceRedirectionGuard],,,LocalService,S-1-5-19,,6,1777,0,0,0,0,0,0,0,32400160000,0,0,731,142244879,0,0,0
3181,2026-07-15 15:37:00,\Device\HarddiskVolume3\Windows\System32\svchost.exe [LocalServiceHttp],,,LocalService,S-1-5-19,,6,1778,0,0,0,0,0,0,0,36000000000,0,0,1021,355175936,0,0,0
3182,2026-07-15 15:37:00,\Device\HarddiskVolume3\Windows\System32\svchost.exe [LocalServiceNoNetworkFirewall],,,LocalService,S-1-5-19,,6,369,0,0,0,0,0,0,0,36000000000,0,0,621,227056411,0,0,0
3183,2026-07-15 15:37:00,\Device\HarddiskVolume3\Windows\System32\svchost.exe [WSAIFabricSvcGroup],,,LocalService,S-1-5-19,,6,1779,0,0,0,0,0,0,0,36000000000,0,0,139,50280642,0,0,0
3184,2026-07-15 15:37:00,\Device\HarddiskVolume3\ProgramData\Microsoft\Windows Defender\Platform\4.18.26060.3008-0\NisSrv.exe,,,LocalService,S-1-5-19,,6,1093,0,0,0,0,0,0,0,36000000000,0,0,1232,504806599,0,0,0
3185,2026-07-15 15:37:00,\Device\HarddiskVolume3\Windows\System32\OpenSSH\sshd.exe,,,UnknownOrUserSid,S-1-5-21-2395961029-2893071609-3470587398-1000,,60,1059,0,0,0,0,0,0,0,3000000000,0,8192,208,155210016,0,0,2
3186,2026-07-15 15:37:00,\Device\HarddiskVolume3\Windows\System32\cmd.exe,,,UnknownOrUserSid,S-1-5-21-2395961029-2893071609-3470587398-1000,,60,514,0,0,0,0,0,0,0,5400000000,0,20480,69,64513548,0,0,5
3187,2026-07-15 15:37:00,\Device\HarddiskVolume3\Windows\System32\conhost.exe,,,UnknownOrUserSid,S-1-5-21-2395961029-2893071609-3470587398-1000,,60,349,0,0,0,0,0,0,0,111000000000,0,8192,76558,8565659873,0,0,2
3188,2026-07-15 15:37:00,\Device\HarddiskVolume3\dfir\tools\git\bin\bash.exe,,,UnknownOrUserSid,S-1-5-21-2395961029-2893071609-3470587398-1000,,60,1108,0,0,0,0,0,0,0,3000160000,0,4096,54,63446575,0,0,1
3189,2026-07-15 15:37:00,\Device\HarddiskVolume3\dfir\tools\git\usr\bin\bash.exe,,,UnknownOrUserSid,S-1-5-21-2395961029-2893071609-3470587398-1000,,60,1099,0,0,0,0,0,0,0,17400000000,0,348160,4771,2349189171,0,0,85
3190,2026-07-15 15:37:00,\Device\HarddiskVolume3\dfir\Python\python.exe,,,UnknownOrUserSid,S-1-5-21-2395961029-2893071609-3470587398-1000,,60,392,0,0,0,0,0,0,0,1800000000,0,24576,1861,34399523765,0,0,5
3191,2026-07-15 15:37:00,\Device\HarddiskVolume3\Windows\System32\WindowsPowerShell\v1.0\powershell.exe,,,UnknownOrUserSid,S-1-5-21-2395961029-2893071609-3470587398-1000,,60,383,0,0,0,0,0,0,0,15000160000,0,0,244,60383733,0,0,0
3192,2026-07-15 15:37:00,\Device\HarddiskVolume3\dfir\tools\git\usr\bin\timeout.exe,,,UnknownOrUserSid,S-1-5-21-2395961029-2893071609-3470587398-1000,,60,1112,0,0,0,0,0,0,0,3000000000,0,0,177,123062939,0,0,0
3193,2026-07-15 15:37:00,\Device\HarddiskVolume3\dfir\Python\Scripts\vol.exe,,,UnknownOrUserSid,S-1-5-21-2395961029-2893071609-3470587398-1000,,60,1329,0,0,0,0,0,0,0,1200000000,0,0,21,31087135,0,0,0
3194,2026-07-15 15:37:00,\Device\HarddiskVolume3\dfir\tools\git\mingw64\bin\git.exe,,,UnknownOrUserSid,S-1-5-21-2395961029-2893071609-3470587398-1000,,60,1098,0,0,0,0,0,0,0,1200000000,0,0,3,1393540,0,0,0
3195,2026-07-15 15:37:00,\Device\HarddiskVolume3\dfir\tools\git\usr\bin\tail.exe,,,UnknownOrUserSid,S-1-5-21-2395961029-2893071609-3470587398-1000,,60,1318,0,0,0,0,0,0,0,36000000000,0,0,225943,23115949537,0,0,0
3196,2026-07-15 15:37:00,\Device\HarddiskVolume3\dfir\tools\git\mingw64\libexec\git-core\git.exe,,,UnknownOrUserSid,S-1-5-21-2395961029-2893071609-3470587398-1000,,60,1326,0,0,0,0,0,0,0,2400000000,0,0,10,2015149,0,0,0
3197,2026-07-15 15:37:00,\Device\HarddiskVolume3\dfir\tools\git\mingw64\libexec\git-core\git-remote-https.exe,,,UnknownOrUserSid,S-1-5-21-2395961029-2893071609-3470587398-1000,,60,1328,0,0,0,0,0,0,0,1200000000,0,0,4,1627258,0,0,0
3198,2026-07-15 15:37:00,\Device\HarddiskVolume3\dfir\tools\git\usr\bin\sh.exe,,,UnknownOrUserSid,S-1-5-21-2395961029-2893071609-3470587398-1000,,60,1130,0,0,0,0,0,0,0,1200000000,0,0,4,796109,0,0,0
3199,2026-07-15 15:37:00,\Device\HarddiskVolume3\dfir\tools\git\mingw64\bin\git-credential-helper-selector.exe,,,UnknownOrUserSid,S-1-5-21-2395961029-2893071609-3470587398-1000,,60,1953,0,0,0,0,0,0,0,1800000000,0,0,67,4462345,0,0,0
3200,2026-07-15 15:37:00,\Device\HarddiskVolume3\dfir\tools\hayabusa\hayabusa.exe,,,UnknownOrUserSid,S-1-5-21-2395961029-2893071609-3470587398-1000,,60,526,0,0,0,0,0,0,0,600000000,0,0,64,758732327,0,0,0
3201,2026-07-15 15:37:00,\Device\HarddiskVolume3\dfir\tools\EZ\net9\EvtxeCmd\EvtxECmd.exe,,,UnknownOrUserSid,S-1-5-21-2395961029-2893071609-3470587398-1000,,60,517,0,0,0,0,0,0,0,600000000,0,8192,197,1170886842,0,0,2
3257,2026-07-15 16:37:00,System,,,LocalSystem,S-1-5-18,,4,29,0,0,0,0,0,0,0,36000000000,200704,2222080,345641,56052278392,0,28,261
3258,2026-07-15 16:37:00,Registry,,,LocalSystem,S-1-5-18,,4,335,0,0,0,0,0,0,0,27000800000,0,3387392,462,276681090,80,0,382
3259,2026-07-15 16:37:00,\Device\HarddiskVolume3\Windows\System32\smss.exe,,,LocalSystem,S-1-5-18,,4,312,0,0,0,0,0,0,0,600000000,0,0,1,3379958,0,0,0
3260,2026-07-15 16:37:00,\Device\HarddiskVolume3\Windows\System32\csrss.exe,,,LocalSystem,S-1-5-18,,4,313,0,0,0,0,0,0,0,72000000000,0,0,19751,2614218327,0,0,0
3261,2026-07-15 16:37:00,\Device\HarddiskVolume3\Windows\System32\wininit.exe,,,LocalSystem,S-1-5-18,,4,314,0,0,0,0,0,0,0,3600000000,0,0,11,2665844,0,0,0
3262,2026-07-15 16:37:00,\Device\HarddiskVolume3\Windows\System32\winlogon.exe,,,LocalSystem,S-1-5-18,,4,32,0,0,0,0,0,0,0,1800000000,0,0,12,2208222,0,0,0
3263,2026-07-15 16:37:00,\Device\HarddiskVolume3\Windows\System32\services.exe,,,LocalSystem,S-1-5-18,,4,31,0,0,0,0,0,0,0,36000000000,0,20480,5412,624176289,0,0,5
3264,2026-07-15 16:37:00,\Device\HarddiskVolume3\Windows\System32\lsass.exe,,,LocalSystem,S-1-5-18,,4,315,0,0,0,0,0,0,0,36000000000,0,135168,5718,994974434,8,0,22
3265,2026-07-15 16:37:00,\Device\HarddiskVolume3\Windows\System32\svchost.exe [DcomLaunch],,,LocalSystem,S-1-5-18,,4,30,0,0,0,0,0,0,0,72000000000,0,0,4769,851578489,0,0,0
3266,2026-07-15 16:37:00,\Device\HarddiskVolume3\Windows\System32\LogonUI.exe,,,LocalSystem,S-1-5-18,,4,523,0,0,0,0,0,0,0,36000000000,0,16384,1316,3113002295,0,0,4
3267,2026-07-15 16:37:00,\Device\HarddiskVolume3\Windows\System32\svchost.exe [netsvcs],,,LocalSystem,S-1-5-18,,4,317,0,0,0,0,0,0,0,444599360000,0,1032192,4742,1480216066,21,0,102
3268,2026-07-15 16:37:00,\Device\HarddiskVolume3\Windows\System32\svchost.exe [LocalSystemNetworkRestricted],,,LocalSystem,S-1-5-18,,4,323,0,0,0,0,0,0,0,280799520000,0,1810432,1522,2110375772,0,0,310
3269,2026-07-15 16:37:00,\Device\HarddiskVolume3\Windows\System32\svchost.exe [appmodel],,,LocalSystem,S-1-5-18,,4,326,0,0,0,0,0,0,0,36000000000,0,49152,287,127987807,0,0,12
3270,2026-07-15 16:37:00,\Device\HarddiskVolume3\Windows\System32\svchost.exe [UserProfileService],,,LocalSystem,S-1-5-18,,4,318,0,0,0,0,0,0,0,36000000000,0,8192,173,59325161,0,0,2
3271,2026-07-15 16:37:00,\Device\HarddiskVolume3\Windows\System32\svchost.exe [netsvcsRedirectionGuard],,,LocalSystem,S-1-5-18,,4,1775,0,0,0,0,0,0,0,64799840000,0,0,196,50366860,0,0,0
3272,2026-07-15 16:37:00,\Device\HarddiskVolume3\Windows\System32\spoolsv.exe,,,LocalSystem,S-1-5-18,,4,329,0,0,0,0,0,0,0,1200000000,0,0,8,1966795,0,0,0
3273,2026-07-15 16:37:00,\Device\HarddiskVolume3\Windows\System32\svchost.exe [utcsvc],,,LocalSystem,S-1-5-18,,4,330,0,0,0,0,0,0,0,36000000000,0,2818048,3315,2985628144,8,0,180
3274,2026-07-15 16:37:00,\Device\HarddiskVolume3\Windows\System32\svchost.exe [NetSvcs],,,LocalSystem,S-1-5-18,,4,331,0,0,0,0,0,0,0,36000000000,0,0,220,29167303,0,0,0
3275,2026-07-15 16:37:00,\Device\HarddiskVolume3\ProgramData\Microsoft\Windows Defender\Platform\4.18.26060.3008-0\MpDefenderCoreService.exe,,,LocalSystem,S-1-5-18,,4,1078,0,0,0,0,0,0,0,36000000000,0,57344,450,396057463,0,0,14
3276,2026-07-15 16:37:00,\Device\HarddiskVolume3\Windows\System32\OpenSSH\ssh-agent.exe,,,LocalSystem,S-1-5-18,,4,1057,0,0,0,0,0,0,0,1200000000,0,0,4,392446,0,0,0
3277,2026-07-15 16:37:00,\Device\HarddiskVolume3\ProgramData\Microsoft\Windows Defender\Platform\4.18.26060.3008-0\MsMpEng.exe,,,LocalSystem,S-1-5-18,,4,1081,0,0,0,0,0,0,0,36000000000,54129152,6176768,362736,103395533869,1,696,779
3278,2026-07-15 16:37:00,\Device\HarddiskVolume3\Windows\System32\OpenSSH\sshd.exe,,,LocalSystem,S-1-5-18,,4,1059,0,0,0,0,0,0,0,4200160000,0,16384,195,121843541,0,0,4
3279,2026-07-15 16:37:00,\Device\HarddiskVolume3\Windows\System32\svchost.exe [wsappx],,,LocalSystem,S-1-5-18,,4,325,0,0,0,0,0,0,0,6600160000,0,221184,218,156663488,0,0,54
3280,2026-07-15 16:37:00,\Device\HarddiskVolume3\Windows\System32\AggregatorHost.exe,,,LocalSystem,S-1-5-18,,4,332,0,0,0,0,0,0,0,18599520000,0,90112,132,117793968,0,0,22
3281,2026-07-15 16:37:00,System Interrupts,,,LocalSystem,S-1-5-18,,4,28,0,0,0,0,0,0,0,36000000000,0,0,0,1605866065317,0,0,0
3282,2026-07-15 16:37:00,\Device\HarddiskVolume3\Program Files (x86)\Microsoft\EdgeUpdate\MicrosoftEdgeUpdate.exe,,,LocalSystem,S-1-5-18,,4,342,0,0,0,0,0,0,0,3600000000,0,20480,86,22407737,0,0,5
3283,2026-07-15 16:37:00,\Device\HarddiskVolume3\Windows\System32\svchost.exe [InvSvcGroup],,,LocalSystem,S-1-5-18,,4,344,0,0,0,0,0,0,0,36000000000,0,57344,170,136696294,0,0,14
3284,2026-07-15 16:37:00,\Device\HarddiskVolume3\Windows\System32\svchost.exe [wusvcs],,,LocalSystem,S-1-5-18,,4,337,0,0,0,0,0,0,0,600160000,0,307200,585,1122225384,0,0,74
3285,2026-07-15 16:37:00,\Device\HarddiskVolume3\Windows\UUS\amd64\MoUsoCoreWorker.exe,,,LocalSystem,S-1-5-18,,4,356,0,0,0,0,0,0,0,600160000,0,798720,1347,1863129023,42,0,195
3286,2026-07-15 16:37:00,\Device\HarddiskVolume3\Windows\System32\svchost.exe [whesvc],,,LocalSystem,S-1-5-18,,4,1845,0,0,0,0,0,0,0,36000000000,0,180224,14830,1985845433,0,0,44
3287,2026-07-15 16:37:00,\Device\HarddiskVolume3\Windows\System32\SearchIndexer.exe,,,LocalSystem,S-1-5-18,,4,338,0,0,0,0,0,0,0,36000000000,0,45056,776,269327251,0,0,11
3288,2026-07-15 16:37:00,\Device\HarddiskVolume3\Windows\System32\SearchProtocolHost.exe,,,LocalSystem,S-1-5-18,,4,339,0,0,0,0,0,0,0,3000000000,0,24576,333,208423161,0,0,6
3289,2026-07-15 16:37:00,\Device\HarddiskVolume3\Windows\System32\SecurityHealthService.exe,,,LocalSystem,S-1-5-18,,4,354,0,0,0,0,0,0,0,36000000000,0,0,184,67780687,0,0,0
3290,2026-07-15 16:37:00,Memory Compression,,,LocalSystem,S-1-5-18,,4,336,0,0,0,0,0,0,0,3599840000,0,0,14,983925,0,0,0
3291,2026-07-15 16:37:00,\Device\HarddiskVolume3\Windows\System32\VSSVC.exe,,,LocalSystem,S-1-5-18,,4,359,0,0,0,0,0,0,0,1800000000,0,8192,440,97050291,0,0,2
3292,2026-07-15 16:37:00,\Device\HarddiskVolume3\Windows\System32\svchost.exe [swprv],,,LocalSystem,S-1-5-18,,4,360,0,0,0,0,0,0,0,3599840000,0,0,186,85504249,0,0,0
3293,2026-07-15 16:37:00,\Device\HarddiskVolume3\Windows\System32\fontdrvhost.exe,,,UnknownOrUserSid,S-1-5-96-0-0,,1700,316,0,0,0,0,0,0,0,1800320000,0,0,15,418730,0,0,0
3294,2026-07-15 16:37:00,\Device\HarddiskVolume3\Windows\System32\svchost.exe [RPCSS],,,NetworkService,S-1-5-20,,9,26,0,0,0,0,0,0,0,36000000000,0,0,8743,1304430515,0,0,0
3295,2026-07-15 16:37:00,\Device\HarddiskVolume3\Windows\System32\svchost.exe [netprofm],,,NetworkService,S-1-5-20,,9,362,0,0,0,0,0,0,0,36000000000,0,0,1976,541266010,0,0,0
3296,2026-07-15 16:37:00,\Device\HarddiskVolume3\Windows\System32\svchost.exe [NetworkService],,,NetworkService,S-1-5-20,,9,363,0,0,0,0,0,0,0,160799680000,0,94208,10467,5313717165,0,0,23
3297,2026-07-15 16:37:00,\Device\HarddiskVolume3\Windows\System32\svchost.exe [NetworkServiceNetworkRestricted],,,NetworkService,S-1-5-20,,9,365,0,0,0,0,0,0,0,36000000000,0,0,179,32956867,0,0,0
3298,2026-07-15 16:37:00,\Device\HarddiskVolume3\Windows\System32\sppsvc.exe,,,NetworkService,S-1-5-20,,9,361,0,0,0,0,0,0,0,599840000,0,8192,177,515890408,0,0,2
3299,2026-07-15 16:37:00,\Device\HarddiskVolume3\Windows\System32\wbem\WmiPrvSE.exe,,,NetworkService,S-1-5-20,,9,333,0,0,0,0,0,0,0,1200000000,0,0,350,199367096,0,0,0
3300,2026-07-15 16:37:00,\Device\HarddiskVolume3\Windows\System32\dwm.exe,,,UnknownOrUserSid,S-1-5-90-0-1,,13,33,0,0,0,0,0,0,0,36000000000,0,0,15742,5731968935,0,0,0
3301,2026-07-15 16:37:00,\Device\HarddiskVolume3\Windows\System32\svchost.exe [LocalServiceNetworkRestricted],,,LocalService,S-1-5-19,,6,368,0,0,0,0,0,0,0,282598400000,0,1053696,5105,1295435477,37,0,201
3302,2026-07-15 16:37:00,\Device\HarddiskVolume3\Windows\System32\svchost.exe [LocalService],,,LocalService,S-1-5-19,,6,367,0,0,0,0,0,0,0,176399840000,0,0,2226,444704515,0,0,0
3303,2026-07-15 16:37:00,\Device\HarddiskVolume3\Windows\System32\svchost.exe [LocalServiceNoNetwork],,,LocalService,S-1-5-19,,6,366,0,0,0,0,0,0,0,72000000000,262144,1601536,21441,4559735901,0,4,357
3304,2026-07-15 16:37:00,\Device\HarddiskVolume3\Windows\System32\svchost.exe [LocalServiceRedirectionGuard],,,LocalService,S-1-5-19,,6,1777,0,0,0,0,0,0,0,32400320000,0,0,435,96052350,0,0,0
3305,2026-07-15 16:37:00,\Device\HarddiskVolume3\Windows\System32\svchost.exe [LocalServiceHttp],,,LocalService,S-1-5-19,,6,1778,0,0,0,0,0,0,0,36000000000,0,0,839,400098648,0,0,0
3306,2026-07-15 16:37:00,\Device\HarddiskVolume3\Windows\System32\svchost.exe [LocalServiceNoNetworkFirewall],,,LocalService,S-1-5-19,,6,369,0,0,0,0,0,0,0,36000000000,0,0,512,202595673,0,0,0
3307,2026-07-15 16:37:00,\Device\HarddiskVolume3\Windows\System32\svchost.exe [WSAIFabricSvcGroup],,,LocalService,S-1-5-19,,6,1779,0,0,0,0,0,0,0,36000000000,0,0,139,58499977,0,0,0
3308,2026-07-15 16:37:00,\Device\HarddiskVolume3\ProgramData\Microsoft\Windows Defender\Platform\4.18.26060.3008-0\NisSrv.exe,,,LocalService,S-1-5-19,,6,1093,0,0,0,0,0,0,0,36000000000,0,0,880,341526102,0,0,0
3309,2026-07-15 16:37:00,\Device\HarddiskVolume3\Windows\System32\OpenSSH\sshd.exe,,,UnknownOrUserSid,S-1-5-21-2395961029-2893071609-3470587398-1000,,60,1059,0,0,0,0,0,0,0,1800160000,0,0,117,82148836,0,0,0
3310,2026-07-15 16:37:00,\Device\HarddiskVolume3\Windows\System32\cmd.exe,,,UnknownOrUserSid,S-1-5-21-2395961029-2893071609-3470587398-1000,,60,514,0,0,0,0,0,0,0,4200160000,0,0,40,32187050,0,0,0
3311,2026-07-15 16:37:00,\Device\HarddiskVolume3\Windows\System32\conhost.exe,,,UnknownOrUserSid,S-1-5-21-2395961029-2893071609-3470587398-1000,,60,349,0,0,0,0,0,0,0,109800160000,0,0,73704,8521061078,0,0,0
3312,2026-07-15 16:37:00,\Device\HarddiskVolume3\dfir\tools\git\bin\bash.exe,,,UnknownOrUserSid,S-1-5-21-2395961029-2893071609-3470587398-1000,,60,1108,0,0,0,0,0,0,0,1800000000,0,0,28,31965595,0,0,0
3313,2026-07-15 16:37:00,\Device\HarddiskVolume3\dfir\tools\git\usr\bin\bash.exe,,,UnknownOrUserSid,S-1-5-21-2395961029-2893071609-3470587398-1000,,60,1099,0,0,0,0,0,0,0,11400800000,0,184320,3431,1552181940,0,0,45
3314,2026-07-15 16:37:00,\Device\HarddiskVolume3\dfir\Python\python.exe,,,UnknownOrUserSid,S-1-5-21-2395961029-2893071609-3470587398-1000,,60,392,0,0,0,0,0,0,0,1200160000,0,0,1231,2741623847,0,0,0
3315,2026-07-15 16:37:00,\Device\HarddiskVolume3\Windows\System32\WindowsPowerShell\v1.0\powershell.exe,,,UnknownOrUserSid,S-1-5-21-2395961029-2893071609-3470587398-1000,,60,383,0,0,0,0,0,0,0,10800160000,0,0,163,38420661,0,0,0
3316,2026-07-15 16:37:00,\Device\HarddiskVolume3\dfir\tools\git\usr\bin\timeout.exe,,,UnknownOrUserSid,S-1-5-21-2395961029-2893071609-3470587398-1000,,60,1112,0,0,0,0,0,0,0,1800160000,0,0,101,73733617,0,0,0
3317,2026-07-15 16:37:00,\Device\HarddiskVolume3\dfir\tools\chainsaw\chainsaw.exe,,,UnknownOrUserSid,S-1-5-21-2395961029-2893071609-3470587398-1000,,60,1313,0,0,0,0,0,0,0,600000000,0,0,27,2857202940,0,0,0
3318,2026-07-15 16:37:00,\Device\HarddiskVolume3\dfir\Python\Scripts\vol.exe,,,UnknownOrUserSid,S-1-5-21-2395961029-2893071609-3470587398-1000,,60,1329,0,0,0,0,0,0,0,600160000,0,0,11,16040611,0,0,0
3319,2026-07-15 16:37:00,\Device\HarddiskVolume3\dfir\tools\git\mingw64\bin\git.exe,,,UnknownOrUserSid,S-1-5-21-2395961029-2893071609-3470587398-1000,,60,1098,0,0,0,0,0,0,0,1200000000,0,0,3,1491653,0,0,0
3320,2026-07-15 16:37:00,\Device\HarddiskVolume3\dfir\tools\git\usr\bin\tail.exe,,,UnknownOrUserSid,S-1-5-21-2395961029-2893071609-3470587398-1000,,60,1318,0,0,0,0,0,0,0,36000000000,0,0,225952,23672202909,0,0,0
3321,2026-07-15 16:37:00,\Device\HarddiskVolume3\dfir\tools\git\mingw64\libexec\git-core\git.exe,,,UnknownOrUserSid,S-1-5-21-2395961029-2893071609-3470587398-1000,,60,1326,0,0,0,0,0,0,0,2400000000,0,0,8,1924746,0,0,0
3322,2026-07-15 16:37:00,\Device\HarddiskVolume3\dfir\tools\git\mingw64\libexec\git-core\git-remote-https.exe,,,UnknownOrUserSid,S-1-5-21-2395961029-2893071609-3470587398-1000,,60,1328,0,0,0,0,0,0,0,1200000000,0,0,4,1390385,0,0,0
3323,2026-07-15 16:37:00,\Device\HarddiskVolume3\dfir\tools\git\usr\bin\sh.exe,,,UnknownOrUserSid,S-1-5-21-2395961029-2893071609-3470587398-1000,,60,1130,0,0,0,0,0,0,0,1200000000,0,0,3,623711,0,0,0
3324,2026-07-15 16:37:00,\Device\HarddiskVolume3\dfir\tools\git\mingw64\bin\git-credential-helper-selector.exe,,,UnknownOrUserSid,S-1-5-21-2395961029-2893071609-3470587398-1000,,60,1953,0,0,0,0,0,0,0,1200000000,0,0,5,588672,0,0,0
3383,2026-07-15 17:37:00,System,,,LocalSystem,S-1-5-18,,4,29,0,0,0,0,0,0,0,35999850000,6536704,1993216,348188,56290919422,0,15,309
3384,2026-07-15 17:37:00,Registry,,,LocalSystem,S-1-5-18,,4,335,0,0,0,0,0,0,0,27000010000,0,2715648,365,285682533,77,0,280
3385,2026-07-15 17:37:00,\Device\HarddiskVolume3\Windows\System32\smss.exe,,,LocalSystem,S-1-5-18,,4,312,0,0,0,0,0,0,0,600000000,0,0,1,87600,0,0,0
3386,2026-07-15 17:37:00,\Device\HarddiskVolume3\Windows\System32\csrss.exe,,,LocalSystem,S-1-5-18,,4,313,0,0,0,0,0,0,0,71999700000,0,0,19646,2599358687,0,0,0
3387,2026-07-15 17:37:00,\Device\HarddiskVolume3\Windows\System32\wininit.exe,,,LocalSystem,S-1-5-18,,4,314,0,0,0,0,0,0,0,1200320000,0,0,4,2069112,0,0,0
3388,2026-07-15 17:37:00,\Device\HarddiskVolume3\Windows\System32\services.exe,,,LocalSystem,S-1-5-18,,4,31,0,0,0,0,0,0,0,35999850000,0,20480,5269,632645460,0,0,5
3389,2026-07-15 17:37:00,\Device\HarddiskVolume3\Windows\System32\lsass.exe,,,LocalSystem,S-1-5-18,,4,315,0,0,0,0,0,0,0,35999850000,0,90112,5595,1085712692,8,0,11
3390,2026-07-15 17:37:00,\Device\HarddiskVolume3\Windows\System32\svchost.exe [DcomLaunch],,,LocalSystem,S-1-5-18,,4,30,0,0,0,0,0,0,0,71999700000,0,8192,4663,870002170,0,0,2
3391,2026-07-15 17:37:00,\Device\HarddiskVolume3\Windows\System32\LogonUI.exe,,,LocalSystem,S-1-5-18,,4,523,0,0,0,0,0,0,0,35999850000,0,16384,1296,3074845511,0,0,4
3392,2026-07-15 17:37:00,\Device\HarddiskVolume3\Windows\System32\svchost.exe [netsvcs],,,LocalSystem,S-1-5-18,,4,317,0,0,0,0,0,0,0,440997570000,0,757760,4084,1525253731,18,0,63
3393,2026-07-15 17:37:00,\Device\HarddiskVolume3\Windows\System32\svchost.exe [LocalSystemNetworkRestricted],,,LocalSystem,S-1-5-18,,4,323,0,0,0,0,0,0,0,280798800000,295424,1601536,1483,2213287932,0,17,273
3394,2026-07-15 17:37:00,\Device\HarddiskVolume3\Windows\System32\svchost.exe [appmodel],,,LocalSystem,S-1-5-18,,4,326,0,0,0,0,0,0,0,35999850000,0,94208,287,159139426,0,0,23
3395,2026-07-15 17:37:00,\Device\HarddiskVolume3\Windows\System32\svchost.exe [UserProfileService],,,LocalSystem,S-1-5-18,,4,318,0,0,0,0,0,0,0,35999850000,0,16384,173,61054745,0,0,4
3396,2026-07-15 17:37:00,\Device\HarddiskVolume3\Windows\System32\svchost.exe [netsvcsRedirectionGuard],,,LocalSystem,S-1-5-18,,4,1775,0,0,0,0,0,0,0,64799700000,0,0,192,51800326,0,0,0
3397,2026-07-15 17:37:00,\Device\HarddiskVolume3\Windows\System32\svchost.exe [utcsvc],,,LocalSystem,S-1-5-18,,4,330,0,0,0,0,0,0,0,35999850000,0,430080,3376,1631021661,6,0,103
3398,2026-07-15 17:37:00,\Device\HarddiskVolume3\Windows\System32\svchost.exe [NetSvcs],,,LocalSystem,S-1-5-18,,4,331,0,0,0,0,0,0,0,35999850000,0,0,197,41403967,0,0,0
3399,2026-07-15 17:37:00,\Device\HarddiskVolume3\ProgramData\Microsoft\Windows Defender\Platform\4.18.26060.3008-0\MpDefenderCoreService.exe,,,LocalSystem,S-1-5-18,,4,1078,0,0,0,0,0,0,0,35999850000,0,45056,564,465275512,0,0,11
3400,2026-07-15 17:37:00,\Device\HarddiskVolume3\ProgramData\Microsoft\Windows Defender\Platform\4.18.26060.3008-0\MsMpEng.exe,,,LocalSystem,S-1-5-18,,4,1081,0,0,0,0,0,0,0,35999850000,57601024,7565312,363457,109430569458,1,693,1101
3401,2026-07-15 17:37:00,\Device\HarddiskVolume3\Windows\System32\OpenSSH\sshd.exe,,,LocalSystem,S-1-5-18,,4,1059,0,0,0,0,0,0,0,3000160000,0,45056,195,115953328,0,0,11
3402,2026-07-15 17:37:00,\Device\HarddiskVolume3\Windows\System32\svchost.exe [wsappx],,,LocalSystem,S-1-5-18,,4,325,0,0,0,0,0,0,0,6000160000,0,196608,362,241902830,0,0,48
3403,2026-07-15 17:37:00,\Device\HarddiskVolume3\Windows\System32\AggregatorHost.exe,,,LocalSystem,S-1-5-18,,4,332,0,0,0,0,0,0,0,19799530000,0,90112,116,93472701,0,0,22
3404,2026-07-15 17:37:00,System Interrupts,,,LocalSystem,S-1-5-18,,4,28,0,0,0,0,0,0,0,35999850000,0,0,0,1634013876414,0,0,0
3405,2026-07-15 17:37:00,\Device\HarddiskVolume3\Program Files (x86)\Microsoft\EdgeUpdate\MicrosoftEdgeUpdate.exe,,,LocalSystem,S-1-5-18,,4,342,0,0,0,0,0,0,0,2400160000,0,32768,80,22770735,0,0,8
3406,2026-07-15 17:37:00,\Device\HarddiskVolume3\Windows\System32\svchost.exe [InvSvcGroup],,,LocalSystem,S-1-5-18,,4,344,0,0,0,0,0,0,0,35999850000,0,69632,168,140653353,0,0,17
3407,2026-07-15 17:37:00,\Device\HarddiskVolume3\Windows\System32\svchost.exe [wusvcs],,,LocalSystem,S-1-5-18,,4,337,0,0,0,0,0,0,0,600000000,0,212992,390,837067394,0,0,51
3408,2026-07-15 17:37:00,\Device\HarddiskVolume3\Windows\UUS\amd64\MoUsoCoreWorker.exe,,,LocalSystem,S-1-5-18,,4,356,0,0,0,0,0,0,0,600000000,0,839680,1346,1686417692,42,0,205
3409,2026-07-15 17:37:00,\Device\HarddiskVolume3\Windows\System32\svchost.exe [whesvc],,,LocalSystem,S-1-5-18,,4,1845,0,0,0,0,0,0,0,35999850000,0,180224,14410,1874413973,0,0,44
3410,2026-07-15 17:37:00,\Device\HarddiskVolume3\Windows\System32\SearchIndexer.exe,,,LocalSystem,S-1-5-18,,4,338,0,0,0,0,0,0,0,35999850000,0,98304,1175,304681540,0,0,24
3411,2026-07-15 17:37:00,\Device\HarddiskVolume3\Windows\System32\SearchProtocolHost.exe,,,LocalSystem,S-1-5-18,,4,339,0,0,0,0,0,0,0,2400160000,0,98304,731,211147542,0,0,24
3412,2026-07-15 17:37:00,\Device\HarddiskVolume3\Windows\System32\SecurityHealthService.exe,,,LocalSystem,S-1-5-18,,4,354,0,0,0,0,0,0,0,35999850000,0,0,178,66908870,0,0,0
3413,2026-07-15 17:37:00,Memory Compression,,,LocalSystem,S-1-5-18,,4,336,0,0,0,0,0,0,0,3600160000,0,0,32,1257584,0,0,0
3414,2026-07-15 17:37:00,\Device\HarddiskVolume3\Windows\System32\VSSVC.exe,,,LocalSystem,S-1-5-18,,4,359,0,0,0,0,0,0,0,1800000000,0,28672,449,100074233,0,0,7
3415,2026-07-15 17:37:00,\Device\HarddiskVolume3\Windows\System32\svchost.exe [swprv],,,LocalSystem,S-1-5-18,,4,360,0,0,0,0,0,0,0,3600000000,0,16384,183,88656803,0,0,4
3416,2026-07-15 17:37:00,\Device\HarddiskVolume3\Windows\System32\fontdrvhost.exe,,,UnknownOrUserSid,S-1-5-96-0-0,,1700,316,0,0,0,0,0,0,0,1200000000,0,0,10,381236,0,0,0
3417,2026-07-15 17:37:00,\Device\HarddiskVolume3\Windows\System32\svchost.exe [RPCSS],,,NetworkService,S-1-5-20,,9,26,0,0,0,0,0,0,0,35999850000,0,0,8248,1292587078,0,0,0
3418,2026-07-15 17:37:00,\Device\HarddiskVolume3\Windows\System32\svchost.exe [netprofm],,,NetworkService,S-1-5-20,,9,362,0,0,0,0,0,0,0,35999850000,0,0,1964,558202270,0,0,0
3419,2026-07-15 17:37:00,\Device\HarddiskVolume3\Windows\System32\svchost.exe [NetworkService],,,NetworkService,S-1-5-20,,9,363,0,0,0,0,0,0,0,161999250000,0,192512,11407,5745233708,0,0,47
3420,2026-07-15 17:37:00,\Device\HarddiskVolume3\Windows\System32\svchost.exe [NetworkServiceNetworkRestricted],,,NetworkService,S-1-5-20,,9,365,0,0,0,0,0,0,0,35999850000,0,0,172,35712070,0,0,0
3421,2026-07-15 17:37:00,\Device\HarddiskVolume3\Windows\System32\wbem\WmiPrvSE.exe,,,NetworkService,S-1-5-20,,9,333,0,0,0,0,0,0,0,1200160000,0,131072,480,289900622,0,0,32
3422,2026-07-15 17:37:00,\Device\HarddiskVolume3\Windows\System32\dwm.exe,,,UnknownOrUserSid,S-1-5-90-0-1,,13,33,0,0,0,0,0,0,0,35999850000,0,0,15730,5746445337,0,0,0
3423,2026-07-15 17:37:00,\Device\HarddiskVolume3\Windows\System32\svchost.exe [LocalServiceNetworkRestricted],,,LocalService,S-1-5-19,,6,368,0,0,0,0,0,0,0,280797850000,0,971264,5195,1385479808,38,0,221
3424,2026-07-15 17:37:00,\Device\HarddiskVolume3\Windows\System32\svchost.exe [LocalService],,,LocalService,S-1-5-19,,6,367,0,0,0,0,0,0,0,176398930000,0,0,2340,455634226,0,0,0
3425,2026-07-15 17:37:00,\Device\HarddiskVolume3\Windows\System32\svchost.exe [LocalServiceNoNetwork],,,LocalService,S-1-5-19,,6,366,0,0,0,0,0,0,0,71999700000,0,1187840,21141,4658128521,0,0,259
3426,2026-07-15 17:37:00,\Device\HarddiskVolume3\Windows\System32\svchost.exe [LocalServiceRedirectionGuard],,,LocalService,S-1-5-19,,6,1777,0,0,0,0,0,0,0,31199690000,0,0,395,78796549,0,0,0
3427,2026-07-15 17:37:00,\Device\HarddiskVolume3\Windows\System32\svchost.exe [LocalServiceHttp],,,LocalService,S-1-5-19,,6,1778,0,0,0,0,0,0,0,35999850000,0,0,905,399918853,0,0,0
3428,2026-07-15 17:37:00,\Device\HarddiskVolume3\Windows\System32\svchost.exe [LocalServiceNoNetworkFirewall],,,LocalService,S-1-5-19,,6,369,0,0,0,0,0,0,0,35999850000,0,0,528,195775473,0,0,0
3429,2026-07-15 17:37:00,\Device\HarddiskVolume3\Windows\System32\svchost.exe [WSAIFabricSvcGroup],,,LocalService,S-1-5-19,,6,1779,0,0,0,0,0,0,0,35999850000,0,0,138,50804842,0,0,0
3430,2026-07-15 17:37:00,\Device\HarddiskVolume3\ProgramData\Microsoft\Windows Defender\Platform\4.18.26060.3008-0\NisSrv.exe,,,LocalService,S-1-5-19,,6,1093,0,0,0,0,0,0,0,35999850000,0,0,810,336982131,0,0,0
3431,2026-07-15 17:37:00,\Device\HarddiskVolume3\Windows\System32\OpenSSH\sshd.exe,,,UnknownOrUserSid,S-1-5-21-2395961029-2893071609-3470587398-1000,,60,1059,0,0,0,0,0,0,0,1800000000,0,8192,119,83461076,0,0,2
3432,2026-07-15 17:37:00,\Device\HarddiskVolume3\Windows\System32\cmd.exe,,,UnknownOrUserSid,S-1-5-21-2395961029-2893071609-3470587398-1000,,60,514,0,0,0,0,0,0,0,600000000,0,20480,28,29736700,0,0,5
3433,2026-07-15 17:37:00,\Device\HarddiskVolume3\Windows\System32\conhost.exe,,,UnknownOrUserSid,S-1-5-21-2395961029-2893071609-3470587398-1000,,60,349,0,0,0,0,0,0,0,109799550000,0,8192,72445,8463959051,0,0,2
3434,2026-07-15 17:37:00,\Device\HarddiskVolume3\dfir\tools\git\bin\bash.exe,,,UnknownOrUserSid,S-1-5-21-2395961029-2893071609-3470587398-1000,,60,1108,0,0,0,0,0,0,0,600000000,0,4096,26,31179990,0,0,1
3435,2026-07-15 17:37:00,\Device\HarddiskVolume3\dfir\tools\git\usr\bin\bash.exe,,,UnknownOrUserSid,S-1-5-21-2395961029-2893071609-3470587398-1000,,60,1099,0,0,0,0,0,0,0,8400000000,0,323584,2619,1191546765,0,0,79
3436,2026-07-15 17:37:00,\Device\HarddiskVolume3\dfir\Python\python.exe,,,UnknownOrUserSid,S-1-5-21-2395961029-2893071609-3470587398-1000,,60,392,0,0,0,0,0,0,0,600000000,0,4096,918,5719133832,0,0,1
3437,2026-07-15 17:37:00,\Device\HarddiskVolume3\Windows\System32\WindowsPowerShell\v1.0\powershell.exe,,,UnknownOrUserSid,S-1-5-21-2395961029-2893071609-3470587398-1000,,60,383,0,0,0,0,0,0,0,7799850000,0,0,116,27905851,0,0,0
3438,2026-07-15 17:37:00,\Device\HarddiskVolume3\dfir\tools\git\usr\bin\timeout.exe,,,UnknownOrUserSid,S-1-5-21-2395961029-2893071609-3470587398-1000,,60,1112,0,0,0,0,0,0,0,1200000000,0,0,71,49360495,0,0,0
3439,2026-07-15 17:37:00,\Device\HarddiskVolume3\dfir\Python\Scripts\vol.exe,,,UnknownOrUserSid,S-1-5-21-2395961029-2893071609-3470587398-1000,,60,1329,0,0,0,0,0,0,0,600000000,0,0,10,15487679,0,0,0
3440,2026-07-15 17:37:00,\Device\HarddiskVolume3\dfir\tools\git\usr\bin\tail.exe,,,UnknownOrUserSid,S-1-5-21-2395961029-2893071609-3470587398-1000,,60,1318,0,0,0,0,0,0,0,36599850000,0,0,226060,24086519239,0,0,0
3441,2026-07-15 17:37:00,\Device\HarddiskVolume3\dfir\tools\EZ\net9\EvtxeCmd\EvtxECmd.exe,,,UnknownOrUserSid,S-1-5-21-2395961029-2893071609-3470587398-1000,,60,517,0,0,0,0,0,0,0,600000000,0,24576,183,596844732,0,0,6
3442,2026-07-15 17:37:00,\Device\HarddiskVolume3\dfir\tools\git\usr\bin\cut.exe,,,UnknownOrUserSid,S-1-5-21-2395961029-2893071609-3470587398-1000,,60,1131,0,0,0,0,0,0,0,600000000,0,0,130,23826508,0,0,0
3443,2026-07-15 17:37:00,\Device\HarddiskVolume3\dfir\tools\git\usr\bin\sort.exe,,,UnknownOrUserSid,S-1-5-21-2395961029-2893071609-3470587398-1000,,60,1123,0,0,0,0,0,0,0,600000000,0,0,130,25507367,0,0,0
3445,2026-07-15 18:37:00,System,,,LocalSystem,S-1-5-18,,4,29,0,0,0,0,0,0,0,36000000000,14874112,3144192,592300,77485271277,0,202,452
3446,2026-07-15 18:37:00,Registry,,,LocalSystem,S-1-5-18,,4,335,0,0,0,0,0,0,0,27000300000,0,3600384,496,357475274,84,0,395
3447,2026-07-15 18:37:00,\Device\HarddiskVolume3\Windows\System32\smss.exe,,,LocalSystem,S-1-5-18,,4,312,0,0,0,0,0,0,0,599850000,0,0,1,283824,0,0,0
3448,2026-07-15 18:37:00,\Device\HarddiskVolume3\Windows\System32\csrss.exe,,,LocalSystem,S-1-5-18,,4,313,0,0,0,0,0,0,0,72000000000,0,0,20380,2667165644,0,0,0
3449,2026-07-15 18:37:00,\Device\HarddiskVolume3\Windows\System32\wininit.exe,,,LocalSystem,S-1-5-18,,4,314,0,0,0,0,0,0,0,1800000000,0,0,4,2140592,0,0,0
3450,2026-07-15 18:37:00,\Device\HarddiskVolume3\Windows\System32\services.exe,,,LocalSystem,S-1-5-18,,4,31,0,0,0,0,0,0,0,36000000000,87040,110592,9414,1008466612,0,9,27
3451,2026-07-15 18:37:00,\Device\HarddiskVolume3\Windows\System32\lsass.exe,,,LocalSystem,S-1-5-18,,4,315,0,0,0,0,0,0,0,36000000000,404480,114688,26097,2753449548,8,4,17
3452,2026-07-15 18:37:00,\Device\HarddiskVolume3\Windows\System32\svchost.exe [DcomLaunch],,,LocalSystem,S-1-5-18,,4,30,0,0,0,0,0,0,0,72000000000,0,8192,5529,999903915,0,0,2
3453,2026-07-15 18:37:00,\Device\HarddiskVolume3\Windows\System32\LogonUI.exe,,,LocalSystem,S-1-5-18,,4,523,0,0,0,0,0,0,0,36000000000,0,16384,1312,3058751991,0,0,4
3454,2026-07-15 18:37:00,\Device\HarddiskVolume3\Windows\System32\svchost.exe [netsvcs],,,LocalSystem,S-1-5-18,,4,317,0,0,0,0,0,0,0,436799100000,821248,2408448,7583,3089644646,46,53,238
3455,2026-07-15 18:37:00,\Device\HarddiskVolume3\Windows\System32\svchost.exe [LocalSystemNetworkRestricted],,,LocalSystem,S-1-5-18,,4,323,0,0,0,0,0,0,0,280199700000,0,1851392,1492,3818341729,0,0,288
3456,2026-07-15 18:37:00,\Device\HarddiskVolume3\Windows\System32\svchost.exe [appmodel],,,LocalSystem,S-1-5-18,,4,326,0,0,0,0,0,0,0,36000000000,0,45056,294,128542148,0,0,11
3457,2026-07-15 18:37:00,\Device\HarddiskVolume3\Windows\System32\svchost.exe [UserProfileService],,,LocalSystem,S-1-5-18,,4,318,0,0,0,0,0,0,0,36000000000,0,16384,173,57570355,0,0,4
3458,2026-07-15 18:37:00,\Device\HarddiskVolume3\Windows\System32\svchost.exe [netsvcsRedirectionGuard],,,LocalSystem,S-1-5-18,,4,1775,0,0,0,0,0,0,0,64199700000,0,0,189,47680677,0,0,0
3459,2026-07-15 18:37:00,\Device\HarddiskVolume3\Windows\System32\svchost.exe [utcsvc],,,LocalSystem,S-1-5-18,,4,330,0,0,0,0,0,0,0,36000000000,0,442368,3359,1616455130,12,0,107
3460,2026-07-15 18:37:00,\Device\HarddiskVolume3\Windows\System32\svchost.exe [NetSvcs],,,LocalSystem,S-1-5-18,,4,331,0,0,0,0,0,0,0,36000000000,0,0,234,30792101,0,0,0
3461,2026-07-15 18:37:00,\Device\HarddiskVolume3\ProgramData\Microsoft\Windows Defender\Platform\4.18.26060.3008-0\MpDefenderCoreService.exe,,,LocalSystem,S-1-5-18,,4,1078,0,0,0,0,0,0,0,36000000000,0,57344,588,414982578,0,0,14
3462,2026-07-15 18:37:00,\Device\HarddiskVolume3\ProgramData\Microsoft\Windows Defender\Platform\4.18.26060.3008-0\MsMpEng.exe,,,LocalSystem,S-1-5-18,,4,1081,0,0,0,0,0,0,0,36000000000,1441126912,47222784,441995,293603306065,2,25207,10662
3463,2026-07-15 18:37:00,\Device\HarddiskVolume3\Windows\System32\OpenSSH\sshd.exe,,,LocalSystem,S-1-5-18,,4,1059,0,0,0,0,0,0,0,2399850000,0,49152,189,103726110,0,0,12
3464,2026-07-15 18:37:00,\Device\HarddiskVolume3\Windows\System32\svchost.exe [wsappx],,,LocalSystem,S-1-5-18,,4,325,0,0,0,0,0,0,0,2999850000,0,196608,186,124165631,0,0,48
3465,2026-07-15 18:37:00,\Device\HarddiskVolume3\Windows\System32\AggregatorHost.exe,,,LocalSystem,S-1-5-18,,4,332,0,0,0,0,0,0,0,21000300000,0,77824,155,116240295,0,0,19
3466,2026-07-15 18:37:00,System Interrupts,,,LocalSystem,S-1-5-18,,4,28,0,0,0,0,0,0,0,36000000000,0,0,0,1622018760145,0,0,0
3467,2026-07-15 18:37:00,\Device\HarddiskVolume3\Program Files (x86)\Microsoft\EdgeUpdate\MicrosoftEdgeUpdate.exe,,,LocalSystem,S-1-5-18,,4,342,0,0,0,0,0,0,0,2400150000,0,20480,80,25384018,0,0,5
3468,2026-07-15 18:37:00,\Device\HarddiskVolume3\Windows\System32\svchost.exe [InvSvcGroup],,,LocalSystem,S-1-5-18,,4,344,0,0,0,0,0,0,0,36000000000,0,77824,173,152193791,0,0,19
3469,2026-07-15 18:37:00,\Device\HarddiskVolume3\Windows\System32\svchost.exe [wusvcs],,,LocalSystem,S-1-5-18,,4,337,0,0,0,0,0,0,0,2399850000,724480,360448,1834,3875473427,0,13,85
3470,2026-07-15 18:37:00,\Device\HarddiskVolume3\Windows\UUS\amd64\MoUsoCoreWorker.exe,,,LocalSystem,S-1-5-18,,4,356,0,0,0,0,0,0,0,1800000000,151552,2056192,4246,5095024500,126,5,502
3471,2026-07-15 18:37:00,\Device\HarddiskVolume3\Windows\System32\svchost.exe [whesvc],,,LocalSystem,S-1-5-18,,4,1845,0,0,0,0,0,0,0,36000000000,0,81920,15814,1938074848,0,0,20
3472,2026-07-15 18:37:00,\Device\HarddiskVolume3\Windows\System32\SearchIndexer.exe,,,LocalSystem,S-1-5-18,,4,338,0,0,0,0,0,0,0,36000000000,0,212992,1364,401320430,3,0,52
3473,2026-07-15 18:37:00,\Device\HarddiskVolume3\Windows\System32\SearchProtocolHost.exe,,,LocalSystem,S-1-5-18,,4,339,0,0,0,0,0,0,0,1800000000,0,139264,660,213361679,0,0,34
3474,2026-07-15 18:37:00,\Device\HarddiskVolume3\Windows\System32\conhost.exe,,,LocalSystem,S-1-5-18,,4,349,0,0,0,0,0,0,0,4799250000,0,0,2166,367955366,0,0,0
3475,2026-07-15 18:37:00,\Device\HarddiskVolume3\Windows\System32\SecurityHealthService.exe,,,LocalSystem,S-1-5-18,,4,354,0,0,0,0,0,0,0,36000000000,0,0,209,65558797,0,0,0
3476,2026-07-15 18:37:00,Memory Compression,,,LocalSystem,S-1-5-18,,4,336,0,0,0,0,0,0,0,5999850000,663552,0,975,77795809,0,19,0
3477,2026-07-15 18:37:00,\Device\HarddiskVolume3\Windows\System32\VSSVC.exe,,,LocalSystem,S-1-5-18,,4,359,0,0,0,0,0,0,0,1799850000,0,36864,450,97868136,0,0,9
3478,2026-07-15 18:37:00,\Device\HarddiskVolume3\Windows\System32\svchost.exe [swprv],,,LocalSystem,S-1-5-18,,4,360,0,0,0,0,0,0,0,3599850000,0,28672,182,85947509,0,0,7
3479,2026-07-15 18:37:00,\Device\HarddiskVolume3\Windows\System32\upfc.exe,,,LocalSystem,S-1-5-18,,4,1668,0,0,0,0,0,0,0,599850000,0,0,102,59609010,0,0,0
3480,2026-07-15 18:37:00,\Device\HarddiskVolume3\Windows\UUS\amd64\WaaSMedicAgent.exe,,,LocalSystem,S-1-5-18,,4,2208,0,0,0,0,0,0,0,599850000,0,0,39,26385119,0,0,0
3481,2026-07-15 18:37:00,\Device\HarddiskVolume3\ProgramData\Microsoft\Windows Defender\Platform\4.18.26060.3008-0\MpCmdRun.exe,,,LocalSystem,S-1-5-18,,4,1092,0,0,0,0,0,0,0,4199400000,868352,20480,1817,298342476,0,46,5
3482,2026-07-15 18:37:00,\Device\HarddiskVolume3\Windows\System32\fontdrvhost.exe,,,UnknownOrUserSid,S-1-5-96-0-0,,1700,316,0,0,0,0,0,0,0,1799700000,0,0,30,858832,0,0,0
3483,2026-07-15 18:37:00,\Device\HarddiskVolume3\Windows\System32\svchost.exe [RPCSS],,,NetworkService,S-1-5-20,,9,26,0,0,0,0,0,0,0,36000000000,0,0,10016,1464566553,0,0,0
3484,2026-07-15 18:37:00,\Device\HarddiskVolume3\Windows\System32\svchost.exe [netprofm],,,NetworkService,S-1-5-20,,9,362,0,0,0,0,0,0,0,36000000000,0,0,2994,627979167,0,0,0
3485,2026-07-15 18:37:00,\Device\HarddiskVolume3\Windows\System32\svchost.exe [NetworkService],,,NetworkService,S-1-5-20,,9,363,0,0,0,0,0,0,0,161399700000,0,16404480,26217,11609343602,0,0,2781
3486,2026-07-15 18:37:00,\Device\HarddiskVolume3\Windows\System32\svchost.exe [NetworkServiceNetworkRestricted],,,NetworkService,S-1-5-20,,9,365,0,0,0,0,0,0,0,36000000000,0,0,172,31423164,0,0,0
3487,2026-07-15 18:37:00,\Device\HarddiskVolume3\Windows\System32\sppsvc.exe,,,NetworkService,S-1-5-20,,9,361,0,0,0,0,0,0,0,1200150000,0,16384,300,869093596,0,0,4
3488,2026-07-15 18:37:00,\Device\HarddiskVolume3\Windows\System32\wbem\WmiPrvSE.exe,,,NetworkService,S-1-5-20,,9,333,0,0,0,0,0,0,0,1799850000,61440,139264,898,479243483,0,1,34
3489,2026-07-15 18:37:00,\Device\HarddiskVolume3\Windows\System32\dwm.exe,,,UnknownOrUserSid,S-1-5-90-0-1,,13,33,0,0,0,0,0,0,0,36000000000,0,0,15771,5909329852,0,0,0
3490,2026-07-15 18:37:00,\Device\HarddiskVolume3\Windows\System32\svchost.exe [LocalServiceNetworkRestricted],,,LocalService,S-1-5-19,,6,368,0,0,0,0,0,0,0,278398800000,65536,1221632,5425,1393465453,44,1,246
3491,2026-07-15 18:37:00,\Device\HarddiskVolume3\Windows\System32\svchost.exe [LocalService],,,LocalService,S-1-5-19,,6,367,0,0,0,0,0,0,0,176400300000,0,0,2446,452096606,0,0,0
3492,2026-07-15 18:37:00,\Device\HarddiskVolume3\Windows\System32\svchost.exe [LocalServiceNoNetwork],,,LocalService,S-1-5-19,,6,366,0,0,0,0,0,0,0,72000000000,53248,1556480,21433,4992253511,0,1,347
3493,2026-07-15 18:37:00,\Device\HarddiskVolume3\Windows\System32\svchost.exe [LocalServiceRedirectionGuard],,,LocalService,S-1-5-19,,6,1777,0,0,0,0,0,0,0,35400000000,0,0,452,92642253,0,0,0
3494,2026-07-15 18:37:00,\Device\HarddiskVolume3\Windows\System32\svchost.exe [LocalServiceHttp],,,LocalService,S-1-5-19,,6,1778,0,0,0,0,0,0,0,36000000000,0,0,964,402904309,0,0,0
3495,2026-07-15 18:37:00,\Device\HarddiskVolume3\Windows\System32\svchost.exe [LocalServiceNoNetworkFirewall],,,LocalService,S-1-5-19,,6,369,0,0,0,0,0,0,0,36000000000,0,0,544,260558151,0,0,0
3496,2026-07-15 18:37:00,\Device\HarddiskVolume3\Windows\System32\svchost.exe [WSAIFabricSvcGroup],,,LocalService,S-1-5-19,,6,1779,0,0,0,0,0,0,0,36000000000,0,0,136,47144923,0,0,0
3497,2026-07-15 18:37:00,\Device\HarddiskVolume3\ProgramData\Microsoft\Windows Defender\Platform\4.18.26060.3008-0\NisSrv.exe,,,LocalService,S-1-5-19,,6,1093,0,0,0,0,0,0,0,36000000000,0,0,849,378608288,0,0,0
3498,2026-07-15 18:37:00,\Device\HarddiskVolume3\Windows\System32\OpenSSH\sshd.exe,,,UnknownOrUserSid,S-1-5-21-2395961029-2893071609-3470587398-1000,,60,1059,0,0,0,0,0,0,0,1800000000,0,8192,107,70272715,0,0,2
3499,2026-07-15 18:37:00,\Device\HarddiskVolume3\Windows\System32\cmd.exe,,,UnknownOrUserSid,S-1-5-21-2395961029-2893071609-3470587398-1000,,60,514,0,0,0,0,0,0,0,1199850000,0,36864,29,30719218,0,0,9
3500,2026-07-15 18:37:00,\Device\HarddiskVolume3\Windows\System32\conhost.exe,,,UnknownOrUserSid,S-1-5-21-2395961029-2893071609-3470587398-1000,,60,349,0,0,0,0,0,0,0,109800000000,0,8192,70485,8142565383,0,0,2
3501,2026-07-15 18:37:00,\Device\HarddiskVolume3\dfir\tools\git\bin\bash.exe,,,UnknownOrUserSid,S-1-5-21-2395961029-2893071609-3470587398-1000,,60,1108,0,0,0,0,0,0,0,1199850000,0,12288,29,31639714,0,0,3
3502,2026-07-15 18:37:00,\Device\HarddiskVolume3\dfir\tools\git\usr\bin\bash.exe,,,UnknownOrUserSid,S-1-5-21-2395961029-2893071609-3470587398-1000,,60,1099,0,0,0,0,0,0,0,9000000000,0,294912,2370,1218421396,0,0,72
3503,2026-07-15 18:37:00,\Device\HarddiskVolume3\dfir\Python\python.exe,,,UnknownOrUserSid,S-1-5-21-2395961029-2893071609-3470587398-1000,,60,392,0,0,0,0,0,0,0,600150000,0,20480,922,9860935752,0,0,5
3504,2026-07-15 18:37:00,\Device\HarddiskVolume3\Windows\System32\WindowsPowerShell\v1.0\powershell.exe,,,UnknownOrUserSid,S-1-5-21-2395961029-2893071609-3470587398-1000,,60,383,0,0,0,0,0,0,0,7800150000,0,0,265,50330050,0,0,0
3505,2026-07-15 18:37:00,\Device\HarddiskVolume3\dfir\tools\git\usr\bin\timeout.exe,,,UnknownOrUserSid,S-1-5-21-2395961029-2893071609-3470587398-1000,,60,1112,0,0,0,0,0,0,0,1800000000,0,0,106,76046268,0,0,0
3506,2026-07-15 18:37:00,\Device\HarddiskVolume3\dfir\tools\chainsaw\chainsaw.exe,,,UnknownOrUserSid,S-1-5-21-2395961029-2893071609-3470587398-1000,,60,1313,0,0,0,0,0,0,0,599850000,0,0,33,3407451832,0,0,0
3507,2026-07-15 18:37:00,\Device\HarddiskVolume3\dfir\Python\Scripts\vol.exe,,,UnknownOrUserSid,S-1-5-21-2395961029-2893071609-3470587398-1000,,60,1329,0,0,0,0,0,0,0,600150000,0,0,10,15218221,0,0,0
3508,2026-07-15 18:37:00,\Device\HarddiskVolume3\dfir\tools\git\usr\bin\tail.exe,,,UnknownOrUserSid,S-1-5-21-2395961029-2893071609-3470587398-1000,,60,1318,0,0,0,0,0,0,0,36000000000,0,0,225992,23876169096,0,0,0
3509,2026-07-15 18:37:00,\Device\HarddiskVolume3\dfir\tools\EZ\net9\AmcacheParser.exe,,,UnknownOrUserSid,S-1-5-21-2395961029-2893071609-3470587398-1000,,60,1120,0,0,0,0,0,0,0,600000000,0,28672,181,1043503458,0,0,7
4199,2026-07-15 19:08:00,System,,,LocalSystem,S-1-5-18,,4,29,0,0,0,0,0,0,0,282810000,400896,12289024,76831,96279492214,4,74,242
4200,2026-07-15 19:08:00,\Device\HarddiskVolume3\Windows\System32\csrss.exe,,,LocalSystem,S-1-5-18,,4,313,0,0,0,0,0,0,0,565620000,1250816,40960,741,194074626,0,26,10
4201,2026-07-15 19:08:00,\Device\HarddiskVolume3\Windows\System32\wininit.exe,,,LocalSystem,S-1-5-18,,4,314,0,0,0,0,0,0,0,282810000,0,0,21,2105903,0,0,0
4202,2026-07-15 19:08:00,\Device\HarddiskVolume3\Windows\System32\winlogon.exe,,,LocalSystem,S-1-5-18,,4,32,0,0,0,0,0,0,0,282810000,0,0,77,6834207,0,0,0
4203,2026-07-15 19:08:00,\Device\HarddiskVolume3\Windows\System32\services.exe,,,LocalSystem,S-1-5-18,,4,31,0,0,0,0,0,0,0,282810000,1126912,446464,2677,554039123,0,192,109
4204,2026-07-15 19:08:00,\Device\HarddiskVolume3\Windows\System32\lsass.exe,,,LocalSystem,S-1-5-18,,4,315,0,0,0,0,0,0,0,282810000,620032,45056,2061,276308305,0,43,11
4205,2026-07-15 19:08:00,\Device\HarddiskVolume3\Windows\System32\svchost.exe [DcomLaunch],,,LocalSystem,S-1-5-18,,4,30,0,0,0,0,0,0,0,848430000,500224,0,700,139806447,0,10,0
4206,2026-07-15 19:08:00,\Device\HarddiskVolume3\Windows\System32\svchost.exe [appmodel],,,LocalSystem,S-1-5-18,,4,326,0,0,0,0,0,0,0,282810000,0,8192,991,166214691,1,0,2
4207,2026-07-15 19:08:00,\Device\HarddiskVolume3\Windows\System32\svchost.exe [wsappx],,,LocalSystem,S-1-5-18,,4,325,0,0,0,0,0,0,0,565620000,0,196608,1278,6013045475,10,0,48
4208,2026-07-15 19:08:00,\Device\HarddiskVolume3\Windows\System32\svchost.exe [LocalSystemNetworkRestricted],,,LocalSystem,S-1-5-18,,4,323,0,0,0,0,0,0,0,2828100000,61440,0,532,63093021,0,3,0
4209,2026-07-15 19:08:00,\Device\HarddiskVolume3\Windows\System32\svchost.exe [netsvcs],,,LocalSystem,S-1-5-18,,4,317,0,0,0,0,0,0,0,3676530000,10463744,6668800,27095,11509019716,21,829,596
4210,2026-07-15 19:08:00,\Device\HarddiskVolume3\Windows\System32\svchost.exe [GPSvcGroup],,,LocalSystem,S-1-5-18,,4,357,0,0,0,0,0,0,0,282810000,0,0,14,1600979,0,0,0
4211,2026-07-15 19:08:00,\Device\HarddiskVolume3\Windows\System32\svchost.exe [UserProfileService],,,LocalSystem,S-1-5-18,,4,318,0,0,0,0,0,0,0,282810000,0,0,10,737942,0,0,0
4212,2026-07-15 19:08:00,\Device\HarddiskVolume3\Windows\servicing\TrustedInstaller.exe,,,LocalSystem,S-1-5-18,,4,327,0,0,0,0,0,0,0,282810000,0,0,83,9605860,0,0,0
4213,2026-07-15 19:08:00,\Device\HarddiskVolume3\Windows\System32\svchost.exe [netsvcsRedirectionGuard],,,LocalSystem,S-1-5-18,,4,1775,0,0,0,0,0,0,0,282810000,0,0,2,69029,0,0,0
4214,2026-07-15 19:08:00,\Device\HarddiskVolume3\Windows\WinSxS\amd64_microsoft-windows-servicingstack_31bf3856ad364e35_10.0.26100.8872_none_a4fce299776b787f\TiWorker.exe,,,LocalSystem,S-1-5-18,,4,2011,0,0,0,0,0,0,0,282810000,2448771584,796196352,12534,51015321972,46,6445,9146
4215,2026-07-15 19:08:00,\Device\HarddiskVolume3\Windows\System32\dllhost.exe,,,LocalSystem,S-1-5-18,,4,351,0,0,0,0,0,0,0,282810000,0,0,9,679425,0,0,0
4216,2026-07-15 19:08:00,\Device\HarddiskVolume3\Windows\System32\LogonUI.exe,,,LocalSystem,S-1-5-18,,4,523,0,0,0,0,0,0,0,282810000,17625600,106496,3064,1377743705,0,1090,26
4217,2026-07-15 19:08:00,\Device\HarddiskVolume3\Windows\System32\spoolsv.exe,,,LocalSystem,S-1-5-18,,4,329,0,0,0,0,0,0,0,282810000,0,0,4,91104,0,0,0
4218,2026-07-15 19:08:00,\Device\HarddiskVolume3\Windows\System32\svchost.exe [NetSvcs],,,LocalSystem,S-1-5-18,,4,331,0,0,0,0,0,0,0,282810000,0,0,560,66830041,0,0,0
4219,2026-07-15 19:08:00,\Device\HarddiskVolume3\Windows\System32\svchost.exe [osprivacy],,,LocalSystem,S-1-5-18,,4,346,0,0,0,0,0,0,0,282810000,0,0,13,904381,0,0,0
4220,2026-07-15 19:08:00,\Device\HarddiskVolume3\Windows\System32\svchost.exe [utcsvc],,,LocalSystem,S-1-5-18,,4,330,0,0,0,0,0,0,0,282810000,18330112,2293760,2619,3599140357,3,253,117
4221,2026-07-15 19:08:00,\Device\HarddiskVolume3\Windows\System32\OpenSSH\ssh-agent.exe,,,LocalSystem,S-1-5-18,,4,1057,0,0,0,0,0,0,0,282810000,0,0,6,520346,0,0,0
4222,2026-07-15 19:08:00,\Device\HarddiskVolume3\Windows\System32\OpenSSH\sshd.exe,,,LocalSystem,S-1-5-18,,4,1059,0,0,0,0,0,0,0,282810000,0,0,4,784196,0,0,0
4223,2026-07-15 19:08:00,\Device\HarddiskVolume3\ProgramData\Microsoft\Windows Defender\Platform\4.18.26060.3008-0\MsMpEng.exe,,,LocalSystem,S-1-5-18,,4,1081,0,0,0,0,0,0,0,282810000,291222528,327630848,8853,30590904643,0,1176,1761
4224,2026-07-15 19:08:00,\Device\HarddiskVolume3\ProgramData\Microsoft\Windows Defender\Platform\4.18.26060.3008-0\MpDefenderCoreService.exe,,,LocalSystem,S-1-5-18,,4,1078,0,0,0,0,0,0,0,282810000,5031424,176128,863,615565570,0,146,43
4225,2026-07-15 19:08:00,\Device\HarddiskVolume3\Windows\System32\AggregatorHost.exe,,,LocalSystem,S-1-5-18,,4,332,0,0,0,0,0,0,0,282810000,3571712,102400,1063,350707992,0,198,25
4226,2026-07-15 19:08:00,\Device\HarddiskVolume3\Windows\System32\svchost.exe [AppReadiness],,,LocalSystem,S-1-5-18,,4,324,0,0,0,0,0,0,0,282810000,209408,16384,151,79059364,0,12,4
4227,2026-07-15 19:08:00,\Device\HarddiskVolume3\Windows\System32\vds.exe,,,LocalSystem,S-1-5-18,,4,441,0,0,0,0,0,0,0,282810000,4769792,192512,1664,552102191,0,157,47
4228,2026-07-15 19:08:00,\Device\HarddiskVolume3\Windows\System32\wbem\WmiPrvSE.exe,,,LocalSystem,S-1-5-18,,4,333,0,0,0,0,0,0,0,282810000,732160,20480,19046,2644446444,0,32,5
4229,2026-07-15 19:08:00,System Interrupts,,,LocalSystem,S-1-5-18,,4,28,0,0,0,0,0,0,0,282810000,0,0,0,16621430697,0,0,0
4230,2026-07-15 19:08:00,\Device\HarddiskVolume3\Windows\System32\fontdrvhost.exe,,,UnknownOrUserSid,S-1-5-96-0-1,,1686,316,0,0,0,0,0,0,0,282810000,0,0,4,873546,0,0,0
4231,2026-07-15 19:08:00,\Device\HarddiskVolume3\Windows\System32\fontdrvhost.exe,,,UnknownOrUserSid,S-1-5-96-0-0,,1700,316,0,0,0,0,0,0,0,282810000,0,0,49,1697345,0,0,0
4232,2026-07-15 19:08:00,\Device\HarddiskVolume3\Windows\System32\svchost.exe [RPCSS],,,NetworkService,S-1-5-20,,9,26,0,0,0,0,0,0,0,282810000,122880,16384,2076,372728204,0,12,4
4233,2026-07-15 19:08:00,\Device\HarddiskVolume3\Windows\System32\svchost.exe [NetworkService],,,NetworkService,S-1-5-20,,9,363,0,0,0,0,0,0,0,1131240000,3121152,16384,876,348676385,0,60,4
4234,2026-07-15 19:08:00,\Device\HarddiskVolume3\Windows\System32\svchost.exe [netprofm],,,NetworkService,S-1-5-20,,9,362,0,0,0,0,0,0,0,282810000,765952,16384,1544,266640033,0,43,4
4235,2026-07-15 19:08:00,\Device\HarddiskVolume3\Windows\System32\svchost.exe [NetworkServiceNetworkRestricted],,,NetworkService,S-1-5-20,,9,365,0,0,0,0,0,0,0,282810000,65536,0,708,159591062,0,5,0
4236,2026-07-15 19:08:00,\Device\HarddiskVolume3\Windows\System32\sppsvc.exe,,,NetworkService,S-1-5-20,,9,361,0,0,0,0,0,0,0,282810000,13288448,6012928,1743,2917451413,2,406,65
4237,2026-07-15 19:08:00,\Device\HarddiskVolume3\Windows\System32\SppExtComObj.Exe,,,NetworkService,S-1-5-20,,9,364,0,0,0,0,0,0,0,282810000,681472,16384,359,161750599,0,69,4
4238,2026-07-15 19:08:00,\Device\HarddiskVolume3\Windows\System32\dwm.exe,,,UnknownOrUserSid,S-1-5-90-0-1,,13,33,0,0,0,0,0,0,0,282810000,544768,0,12592,3831552108,0,27,0
4239,2026-07-15 19:08:00,\Device\HarddiskVolume3\Windows\System32\svchost.exe [LocalServiceNetworkRestricted],,,LocalService,S-1-5-19,,6,368,0,0,0,0,0,0,0,1979670000,3248640,761856,1580,3048675551,8,81,37
4240,2026-07-15 19:08:00,\Device\HarddiskVolume3\Windows\System32\svchost.exe [LocalServiceNoNetwork],,,LocalService,S-1-5-19,,6,366,0,0,0,0,0,0,0,565620000,1124352,102400,941,223782594,0,48,10
4241,2026-07-15 19:08:00,\Device\HarddiskVolume3\Windows\System32\svchost.exe [LocalService],,,LocalService,S-1-5-19,,6,367,0,0,0,0,0,0,0,848430000,204800,32768,529,98939640,1,11,8
4242,2026-07-15 19:08:00,\Device\HarddiskVolume3\Windows\System32\svchost.exe [LocalServiceRedirectionGuard],,,LocalService,S-1-5-19,,6,1777,0,0,0,0,0,0,0,282810000,0,0,45,6761674,0,0,0
4243,2026-07-15 19:08:00,\Device\HarddiskVolume3\Windows\System32\svchost.exe [LocalServiceHttp],,,LocalService,S-1-5-19,,6,1778,0,0,0,0,0,0,0,282810000,0,0,336,86805995,0,0,0
4244,2026-07-15 19:08:00,\Device\HarddiskVolume3\Windows\System32\svchost.exe [LocalServiceNoNetworkFirewall],,,LocalService,S-1-5-19,,6,369,0,0,0,0,0,0,0,282810000,534528,81920,5743,3239049951,0,73,20
4245,2026-07-15 19:08:00,\Device\HarddiskVolume3\Windows\System32\svchost.exe [WSAIFabricSvcGroup],,,LocalService,S-1-5-19,,6,1779,0,0,0,0,0,0,0,282810000,0,0,10,1160874,0,0,0
4246,2026-07-15 19:08:00,\Device\HarddiskVolume3\ProgramData\Microsoft\Windows Defender\Platform\4.18.26060.3008-0\NisSrv.exe,,,LocalService,S-1-5-19,,6,1093,0,0,0,0,0,0,0,282810000,1613824,32768,415,180286390,0,87,8
3571,2026-07-15 19:37:00,System,,,LocalSystem,S-1-5-18,,4,29,0,0,0,0,0,0,0,36000000000,6513152,13244928,99110,35718387586,0,9,226
3572,2026-07-15 19:37:00,Registry,,,LocalSystem,S-1-5-18,,4,335,0,0,0,0,0,0,0,25799550000,0,3162112,489,326239564,73,0,413
3573,2026-07-15 19:37:00,\Device\HarddiskVolume3\Windows\System32\smss.exe,,,LocalSystem,S-1-5-18,,4,312,0,0,0,0,0,0,0,600150000,0,0,1,246682,0,0,0
3574,2026-07-15 19:37:00,\Device\HarddiskVolume3\Windows\System32\csrss.exe,,,LocalSystem,S-1-5-18,,4,313,0,0,0,0,0,0,0,72000000000,0,90112,10044,1163847936,0,0,22
3575,2026-07-15 19:37:00,\Device\HarddiskVolume3\Windows\System32\wininit.exe,,,LocalSystem,S-1-5-18,,4,314,0,0,0,0,0,0,0,1800150000,0,0,4,2964733,0,0,0
3576,2026-07-15 19:37:00,\Device\HarddiskVolume3\Windows\System32\services.exe,,,LocalSystem,S-1-5-18,,4,31,0,0,0,0,0,0,0,36000000000,0,28672,2889,557398488,0,0,7
3577,2026-07-15 19:37:00,\Device\HarddiskVolume3\Windows\System32\lsass.exe,,,LocalSystem,S-1-5-18,,4,315,0,0,0,0,0,0,0,36000000000,0,90112,2779,662512145,8,0,11
3578,2026-07-15 19:37:00,\Device\HarddiskVolume3\Windows\System32\svchost.exe [DcomLaunch],,,LocalSystem,S-1-5-18,,4,30,0,0,0,0,0,0,0,72000000000,0,0,4585,879145532,0,0,0
3579,2026-07-15 19:37:00,\Device\HarddiskVolume3\Windows\System32\LogonUI.exe,,,LocalSystem,S-1-5-18,,4,523,0,0,0,0,0,0,0,36000000000,0,16384,1297,3155032796,0,0,4
3580,2026-07-15 19:37:00,\Device\HarddiskVolume3\Windows\System32\svchost.exe [netsvcs],,,LocalSystem,S-1-5-18,,4,317,0,0,0,0,0,0,0,439200450000,0,913408,3389,1229985635,18,0,95
3581,2026-07-15 19:37:00,\Device\HarddiskVolume3\Windows\System32\svchost.exe [LocalSystemNetworkRestricted],,,LocalSystem,S-1-5-18,,4,323,0,0,0,0,0,0,0,282600450000,0,835584,1433,2689647272,0,0,139
3582,2026-07-15 19:37:00,\Device\HarddiskVolume3\Windows\System32\svchost.exe [appmodel],,,LocalSystem,S-1-5-18,,4,326,0,0,0,0,0,0,0,36000000000,0,36864,268,130757707,0,0,9
3583,2026-07-15 19:37:00,\Device\HarddiskVolume3\Windows\System32\svchost.exe [UserProfileService],,,LocalSystem,S-1-5-18,,4,318,0,0,0,0,0,0,0,36000000000,0,16384,169,56772855,0,0,4
3584,2026-07-15 19:37:00,\Device\HarddiskVolume3\Windows\System32\svchost.exe [netsvcsRedirectionGuard],,,LocalSystem,S-1-5-18,,4,1775,0,0,0,0,0,0,0,66600450000,0,0,192,55171184,0,0,0
3585,2026-07-15 19:37:00,\Device\HarddiskVolume3\Windows\System32\svchost.exe [utcsvc],,,LocalSystem,S-1-5-18,,4,330,0,0,0,0,0,0,0,36000000000,126976,315392,1367,992692595,10,2,77
3586,2026-07-15 19:37:00,\Device\HarddiskVolume3\Windows\System32\svchost.exe [NetSvcs],,,LocalSystem,S-1-5-18,,4,331,0,0,0,0,0,0,0,36000000000,0,0,214,45417107,0,0,0
3587,2026-07-15 19:37:00,\Device\HarddiskVolume3\ProgramData\Microsoft\Windows Defender\Platform\4.18.26060.3008-0\MpDefenderCoreService.exe,,,LocalSystem,S-1-5-18,,4,1078,0,0,0,0,0,0,0,36000000000,0,40960,526,412402580,0,0,10
3588,2026-07-15 19:37:00,\Device\HarddiskVolume3\ProgramData\Microsoft\Windows Defender\Platform\4.18.26060.3008-0\MsMpEng.exe,,,LocalSystem,S-1-5-18,,4,1081,0,0,0,0,0,0,0,36000000000,15350272,716800,61920,144300081056,0,195,159
3589,2026-07-15 19:37:00,\Device\HarddiskVolume3\Windows\System32\OpenSSH\sshd.exe,,,LocalSystem,S-1-5-18,,4,1059,0,0,0,0,0,0,0,1200000000,0,49152,203,115829969,0,0,12
3590,2026-07-15 19:37:00,\Device\HarddiskVolume3\Windows\System32\svchost.exe [wsappx],,,LocalSystem,S-1-5-18,,4,325,0,0,0,0,0,0,0,3000150000,0,196608,186,122670836,0,0,48
3591,2026-07-15 19:37:00,\Device\HarddiskVolume3\Windows\System32\AggregatorHost.exe,,,LocalSystem,S-1-5-18,,4,332,0,0,0,0,0,0,0,19200600000,0,106496,109,124353807,0,0,26
3592,2026-07-15 19:37:00,System Interrupts,,,LocalSystem,S-1-5-18,,4,28,0,0,0,0,0,0,0,36000000000,0,0,0,1704493592651,0,0,0
3593,2026-07-15 19:37:00,\Device\HarddiskVolume3\Program Files (x86)\Microsoft\EdgeUpdate\MicrosoftEdgeUpdate.exe,,,LocalSystem,S-1-5-18,,4,342,0,0,0,0,0,0,0,2399850000,0,12288,82,25293622,0,0,3
3594,2026-07-15 19:37:00,\Device\HarddiskVolume3\Windows\System32\svchost.exe [InvSvcGroup],,,LocalSystem,S-1-5-18,,4,344,0,0,0,0,0,0,0,36000000000,0,77824,176,154409367,0,0,19
3595,2026-07-15 19:37:00,\Device\HarddiskVolume3\Windows\System32\svchost.exe [wusvcs],,,LocalSystem,S-1-5-18,,4,337,0,0,0,0,0,0,0,600000000,0,253952,593,1169239961,0,0,61
3596,2026-07-15 19:37:00,\Device\HarddiskVolume3\Windows\UUS\amd64\MoUsoCoreWorker.exe,,,LocalSystem,S-1-5-18,,4,356,0,0,0,0,0,0,0,600000000,0,851968,1405,1920495411,42,0,208
3597,2026-07-15 19:37:00,\Device\HarddiskVolume3\Windows\System32\svchost.exe [whesvc],,,LocalSystem,S-1-5-18,,4,1845,0,0,0,0,0,0,0,36000000000,0,184320,5209,744812320,0,0,45
3598,2026-07-15 19:37:00,\Device\HarddiskVolume3\Windows\System32\SearchIndexer.exe,,,LocalSystem,S-1-5-18,,4,338,0,0,0,0,0,0,0,36000000000,0,24576,535,201651675,0,0,6
3599,2026-07-15 19:37:00,\Device\HarddiskVolume3\Windows\System32\SearchProtocolHost.exe,,,LocalSystem,S-1-5-18,,4,339,0,0,0,0,0,0,0,600000000,78336,131072,208,144924369,0,4,32
3600,2026-07-15 19:37:00,\Device\HarddiskVolume3\Windows\System32\taskhostw.exe,,,LocalSystem,S-1-5-18,,4,348,0,0,0,0,0,0,0,600150000,0,135168,300,1576479727,0,0,33
3601,2026-07-15 19:37:00,\Device\HarddiskVolume3\Windows\System32\SecurityHealthService.exe,,,LocalSystem,S-1-5-18,,4,354,0,0,0,0,0,0,0,36000000000,0,0,137,63794167,0,0,0
3602,2026-07-15 19:37:00,Memory Compression,,,LocalSystem,S-1-5-18,,4,336,0,0,0,0,0,0,0,13199850000,638976,0,6160,916377283,0,24,0
3603,2026-07-15 19:37:00,\Device\HarddiskVolume3\Windows\System32\fontdrvhost.exe,,,UnknownOrUserSid,S-1-5-96-0-0,,1700,316,0,0,0,0,0,0,0,1200000000,0,0,10,291883,0,0,0
3604,2026-07-15 19:37:00,\Device\HarddiskVolume3\Windows\System32\svchost.exe [RPCSS],,,NetworkService,S-1-5-20,,9,26,0,0,0,0,0,0,0,36000000000,0,0,3250,838285673,0,0,0
3605,2026-07-15 19:37:00,\Device\HarddiskVolume3\Windows\System32\svchost.exe [netprofm],,,NetworkService,S-1-5-20,,9,362,0,0,0,0,0,0,0,36000000000,0,0,1915,526493177,0,0,0
3606,2026-07-15 19:37:00,\Device\HarddiskVolume3\Windows\System32\svchost.exe [NetworkService],,,NetworkService,S-1-5-20,,9,363,0,0,0,0,0,0,0,156600150000,0,81920,10298,5257135324,0,0,20
3607,2026-07-15 19:37:00,\Device\HarddiskVolume3\Windows\System32\svchost.exe [NetworkServiceNetworkRestricted],,,NetworkService,S-1-5-20,,9,365,0,0,0,0,0,0,0,36000000000,0,0,163,41240673,0,0,0
3608,2026-07-15 19:37:00,\Device\HarddiskVolume3\Windows\System32\sppsvc.exe,,,NetworkService,S-1-5-20,,9,361,0,0,0,0,0,0,0,600150000,0,0,131,455441168,0,0,0
3609,2026-07-15 19:37:00,\Device\HarddiskVolume3\Windows\System32\dwm.exe,,,UnknownOrUserSid,S-1-5-90-0-1,,13,33,0,0,0,0,0,0,0,36000000000,0,0,15730,6107729274,0,0,0
3610,2026-07-15 19:37:00,\Device\HarddiskVolume3\Windows\System32\svchost.exe [LocalServiceNetworkRestricted],,,LocalService,S-1-5-19,,6,368,0,0,0,0,0,0,0,278400450000,131072,651776,3210,1132874368,28,2,156
3611,2026-07-15 19:37:00,\Device\HarddiskVolume3\Windows\System32\svchost.exe [LocalService],,,LocalService,S-1-5-19,,6,367,0,0,0,0,0,0,0,177000300000,0,0,1286,356332264,0,0,0
3612,2026-07-15 19:37:00,\Device\HarddiskVolume3\Windows\System32\svchost.exe [LocalServiceNoNetwork],,,LocalService,S-1-5-19,,6,366,0,0,0,0,0,0,0,72000000000,65536,1277952,21222,4849425829,0,1,280
3613,2026-07-15 19:37:00,\Device\HarddiskVolume3\Windows\System32\svchost.exe [LocalServiceRedirectionGuard],,,LocalService,S-1-5-19,,6,1777,0,0,0,0,0,0,0,36000000000,0,0,187,46047109,0,0,0
3614,2026-07-15 19:37:00,\Device\HarddiskVolume3\Windows\System32\svchost.exe [LocalServiceHttp],,,LocalService,S-1-5-19,,6,1778,0,0,0,0,0,0,0,36000000000,0,0,846,458480168,0,0,0
3615,2026-07-15 19:37:00,\Device\HarddiskVolume3\Windows\System32\svchost.exe [LocalServiceNoNetworkFirewall],,,LocalService,S-1-5-19,,6,369,0,0,0,0,0,0,0,36000000000,0,0,515,238659200,0,0,0
3616,2026-07-15 19:37:00,\Device\HarddiskVolume3\Windows\System32\svchost.exe [WSAIFabricSvcGroup],,,LocalService,S-1-5-19,,6,1779,0,0,0,0,0,0,0,36000000000,0,0,136,52505694,0,0,0
3617,2026-07-15 19:37:00,\Device\HarddiskVolume3\ProgramData\Microsoft\Windows Defender\Platform\4.18.26060.3008-0\NisSrv.exe,,,LocalService,S-1-5-19,,6,1093,0,0,0,0,0,0,0,36000000000,0,0,630,269166063,0,0,0
3618,2026-07-15 19:37:00,\Device\HarddiskVolume3\Windows\System32\OpenSSH\sshd.exe,,,UnknownOrUserSid,S-1-5-21-2395961029-2893071609-3470587398-1000,,60,1059,0,0,0,0,0,0,0,600000000,0,8192,98,73751492,0,0,2
3619,2026-07-15 19:37:00,\Device\HarddiskVolume3\Windows\System32\cmd.exe,,,UnknownOrUserSid,S-1-5-21-2395961029-2893071609-3470587398-1000,,60,514,0,0,0,0,0,0,0,600000000,0,36864,31,32686714,0,0,9
3620,2026-07-15 19:37:00,\Device\HarddiskVolume3\Windows\System32\conhost.exe,,,UnknownOrUserSid,S-1-5-21-2395961029-2893071609-3470587398-1000,,60,349,0,0,0,0,0,0,0,108600000000,0,8192,66810,8072903777,0,0,2
3621,2026-07-15 19:37:00,\Device\HarddiskVolume3\dfir\tools\git\bin\bash.exe,,,UnknownOrUserSid,S-1-5-21-2395961029-2893071609-3470587398-1000,,60,1108,0,0,0,0,0,0,0,600000000,0,12288,35,33243845,0,0,3
3622,2026-07-15 19:37:00,\Device\HarddiskVolume3\dfir\tools\git\usr\bin\bash.exe,,,UnknownOrUserSid,S-1-5-21-2395961029-2893071609-3470587398-1000,,60,1099,0,0,0,0,0,0,0,3000000000,0,630784,1161,655340152,0,0,154
3623,2026-07-15 19:37:00,\Device\HarddiskVolume3\Windows\System32\WindowsPowerShell\v1.0\powershell.exe,,,UnknownOrUserSid,S-1-5-21-2395961029-2893071609-3470587398-1000,,60,383,0,0,0,0,0,0,0,4199700000,0,0,96,27256564,0,0,0
3624,2026-07-15 19:37:00,\Device\HarddiskVolume3\dfir\tools\git\usr\bin\timeout.exe,,,UnknownOrUserSid,S-1-5-21-2395961029-2893071609-3470587398-1000,,60,1112,0,0,0,0,0,0,0,600000000,0,0,40,25904020,0,0,0
3625,2026-07-15 19:37:00,\Device\HarddiskVolume3\dfir\tools\chainsaw\chainsaw.exe,,,UnknownOrUserSid,S-1-5-21-2395961029-2893071609-3470587398-1000,,60,1313,0,0,0,0,0,0,0,600000000,0,4509696,1015,1543181247,0,0,1101
3626,2026-07-15 19:37:00,\Device\HarddiskVolume3\dfir\tools\git\usr\bin\tail.exe,,,UnknownOrUserSid,S-1-5-21-2395961029-2893071609-3470587398-1000,,60,1318,0,0,0,0,0,0,0,36000000000,0,0,225925,24849252042,0,0,0
3633,2026-07-15 20:37:00,System,,,LocalSystem,S-1-5-18,,4,29,0,0,0,0,0,0,0,36000000000,38180864,50543616,1217590,151746674908,1,604,1746
3634,2026-07-15 20:37:00,Registry,,,LocalSystem,S-1-5-18,,4,335,0,0,0,0,0,0,0,30599840000,0,8155136,787,449374315,122,0,601
3635,2026-07-15 20:37:00,\Device\HarddiskVolume3\Windows\System32\smss.exe,,,LocalSystem,S-1-5-18,,4,312,0,0,0,0,0,0,0,600000000,0,0,1,225658,0,0,0
3636,2026-07-15 20:37:00,\Device\HarddiskVolume3\Windows\System32\csrss.exe,,,LocalSystem,S-1-5-18,,4,313,0,0,0,0,0,0,0,72000000000,12288,20480,58416,8237832826,0,1,5
3637,2026-07-15 20:37:00,\Device\HarddiskVolume3\Windows\System32\wininit.exe,,,LocalSystem,S-1-5-18,,4,314,0,0,0,0,0,0,0,1800000000,0,0,4,919450,0,0,0
3638,2026-07-15 20:37:00,\Device\HarddiskVolume3\Windows\System32\services.exe,,,LocalSystem,S-1-5-18,,4,31,0,0,0,0,0,0,0,36000000000,3644928,1736704,22132,2200472005,0,558,424
3639,2026-07-15 20:37:00,\Device\HarddiskVolume3\Windows\System32\lsass.exe,,,LocalSystem,S-1-5-18,,4,315,0,0,0,0,0,0,0,36000000000,0,544768,23235,3442179608,36,0,80
3640,2026-07-15 20:37:00,\Device\HarddiskVolume3\Windows\System32\svchost.exe [DcomLaunch],,,LocalSystem,S-1-5-18,,4,30,0,0,0,0,0,0,0,72000000000,0,0,6855,1364226704,0,0,0
3641,2026-07-15 20:37:00,\Device\HarddiskVolume3\Windows\System32\LogonUI.exe,,,LocalSystem,S-1-5-18,,4,523,0,0,0,0,0,0,0,36000000000,0,16384,1311,2594189551,0,0,4
3642,2026-07-15 20:37:00,\Device\HarddiskVolume3\Windows\System32\svchost.exe [netsvcs],,,LocalSystem,S-1-5-18,,4,317,0,0,0,0,0,0,0,446400000000,13679104,13378048,35495,20100691970,63,465,1113
3643,2026-07-15 20:37:00,\Device\HarddiskVolume3\Windows\System32\svchost.exe [LocalSystemNetworkRestricted],,,LocalSystem,S-1-5-18,,4,323,0,0,0,0,0,0,0,282600000000,4023808,6365184,3757,5039937412,26,320,998
3644,2026-07-15 20:37:00,\Device\HarddiskVolume3\Windows\System32\svchost.exe [appmodel],,,LocalSystem,S-1-5-18,,4,326,0,0,0,0,0,0,0,36000000000,8933376,774144,522,318742071,6,266,189
3645,2026-07-15 20:37:00,\Device\HarddiskVolume3\Windows\System32\svchost.exe [UserProfileService],,,LocalSystem,S-1-5-18,,4,318,0,0,0,0,0,0,0,36000000000,0,32768,250,93161188,0,0,8
3646,2026-07-15 20:37:00,\Device\HarddiskVolume3\Windows\servicing\TrustedInstaller.exe,,,LocalSystem,S-1-5-18,,4,327,0,0,0,0,0,0,0,1200000000,61440,81920,312,81744819,0,1,20
3647,2026-07-15 20:37:00,\Device\HarddiskVolume3\Windows\System32\svchost.exe [netsvcsRedirectionGuard],,,LocalSystem,S-1-5-18,,4,1775,0,0,0,0,0,0,0,64800160000,0,0,192,45633286,0,0,0
3648,2026-07-15 20:37:00,\Device\HarddiskVolume3\Windows\System32\spoolsv.exe,,,LocalSystem,S-1-5-18,,4,329,0,0,0,0,0,0,0,2400000000,0,0,23,6685635,0,0,0
3649,2026-07-15 20:37:00,\Device\HarddiskVolume3\Windows\System32\svchost.exe [utcsvc],,,LocalSystem,S-1-5-18,,4,330,0,0,0,0,0,0,0,36000000000,65536,450560,10237,3771168079,13,1,109
3650,2026-07-15 20:37:00,\Device\HarddiskVolume3\Windows\System32\svchost.exe [NetSvcs],,,LocalSystem,S-1-5-18,,4,331,0,0,0,0,0,0,0,36000000000,0,0,227,28821443,0,0,0
3651,2026-07-15 20:37:00,\Device\HarddiskVolume3\ProgramData\Microsoft\Windows Defender\Platform\4.18.26060.3008-0\MpDefenderCoreService.exe,,,LocalSystem,S-1-5-18,,4,1078,0,0,0,0,0,0,0,36000000000,2445824,81920,605,496517852,0,15,20
3652,2026-07-15 20:37:00,\Device\HarddiskVolume3\ProgramData\Microsoft\Windows Defender\Platform\4.18.26060.3008-0\MsMpEng.exe,,,LocalSystem,S-1-5-18,,4,1081,0,0,0,0,0,0,0,36000000000,280912384,383827968,1482178,555710547292,4,5263,7237
3653,2026-07-15 20:37:00,\Device\HarddiskVolume3\Windows\System32\OpenSSH\sshd.exe,,,LocalSystem,S-1-5-18,,4,1059,0,0,0,0,0,0,0,12600000000,0,0,688,442005084,0,0,0
3654,2026-07-15 20:37:00,\Device\HarddiskVolume3\Windows\System32\svchost.exe [osprivacy],,,LocalSystem,S-1-5-18,,4,346,0,0,0,0,0,0,0,1200000000,466944,327680,421,130769972,6,19,80
3655,2026-07-15 20:37:00,\Device\HarddiskVolume3\Windows\System32\svchost.exe [wsappx],,,LocalSystem,S-1-5-18,,4,325,0,0,0,0,0,0,0,6000000000,0,196608,390,273525724,0,0,48
3656,2026-07-15 20:37:00,\Device\HarddiskVolume3\Windows\System32\AggregatorHost.exe,,,LocalSystem,S-1-5-18,,4,332,0,0,0,0,0,0,0,18600160000,0,65536,147,100923256,0,0,16
3657,2026-07-15 20:37:00,\Device\HarddiskVolume3\Windows\System32\wbem\WmiPrvSE.exe,,,LocalSystem,S-1-5-18,,4,333,0,0,0,0,0,0,0,600000000,0,32768,1926,189562888,0,0,8
3658,2026-07-15 20:37:00,System Interrupts,,,LocalSystem,S-1-5-18,,4,28,0,0,0,0,0,0,0,36000000000,0,0,0,1430949097124,0,0,0
3659,2026-07-15 20:37:00,\Device\HarddiskVolume3\Program Files (x86)\Microsoft\EdgeUpdate\MicrosoftEdgeUpdate.exe,,,LocalSystem,S-1-5-18,,4,342,0,0,0,0,0,0,0,2400000000,0,12288,80,18266699,0,0,3
3660,2026-07-15 20:37:00,\Device\HarddiskVolume3\Windows\System32\svchost.exe [InvSvcGroup],,,LocalSystem,S-1-5-18,,4,344,0,0,0,0,0,0,0,36000000000,0,24576,172,106599029,0,0,6
3661,2026-07-15 20:37:00,\Device\HarddiskVolume3\Windows\System32\svchost.exe [wusvcs],,,LocalSystem,S-1-5-18,,4,337,0,0,0,0,0,0,0,600000000,0,106496,587,902461509,0,0,25
3662,2026-07-15 20:37:00,\Device\HarddiskVolume3\Windows\UUS\amd64\MoUsoCoreWorker.exe,,,LocalSystem,S-1-5-18,,4,356,0,0,0,0,0,0,0,600000000,69632,15646720,8827,8449543122,297,2,3806
3663,2026-07-15 20:37:00,\Device\HarddiskVolume3\Windows\System32\svchost.exe [whesvc],,,LocalSystem,S-1-5-18,,4,1845,0,0,0,0,0,0,0,36000000000,0,172032,53353,7194103716,0,0,42
3664,2026-07-15 20:37:00,\Device\HarddiskVolume3\Windows\System32\SearchIndexer.exe,,,LocalSystem,S-1-5-18,,4,338,0,0,0,0,0,0,0,36000000000,1292800,118784,39344,5559366548,0,33,29
3665,2026-07-15 20:37:00,\Device\HarddiskVolume3\Windows\System32\SearchProtocolHost.exe,,,LocalSystem,S-1-5-18,,4,339,0,0,0,0,0,0,0,2400000000,78336,0,681,220487121,0,4,0
3666,2026-07-15 20:37:00,\Device\HarddiskVolume3\Windows\System32\conhost.exe,,,LocalSystem,S-1-5-18,,4,349,0,0,0,0,0,0,0,600000000,0,0,259,56974691,0,0,0
3667,2026-07-15 20:37:00,\Device\HarddiskVolume3\Windows\System32\taskhostw.exe,,,LocalSystem,S-1-5-18,,4,348,0,0,0,0,0,0,0,1200000000,1290240,311296,944,587306468,0,82,61
3668,2026-07-15 20:37:00,\Device\HarddiskVolume3\Windows\Microsoft.NET\Framework64\v4.0.30319\ngentask.exe,,,LocalSystem,S-1-5-18,,4,1070,0,0,0,0,0,0,0,600000000,0,0,10,1659492,0,0,0
3669,2026-07-15 20:37:00,\Device\HarddiskVolume3\Windows\Microsoft.NET\Framework\v4.0.30319\ngentask.exe,,,LocalSystem,S-1-5-18,,4,1080,0,0,0,0,0,0,0,600000000,0,0,4,1509524,0,0,0
3670,2026-07-15 20:37:00,\Device\HarddiskVolume3\Windows\System32\SecurityHealthService.exe,,,LocalSystem,S-1-5-18,,4,354,0,0,0,0,0,0,0,36000000000,0,0,330,83310761,0,0,0
3671,2026-07-15 20:37:00,Memory Compression,,,LocalSystem,S-1-5-18,,4,336,0,0,0,0,0,0,0,14400150000,2662400,0,2509,214351253,0,130,0
3672,2026-07-15 20:37:00,\Device\HarddiskVolume3\Windows\WinSxS\amd64_microsoft-windows-servicingstack_31bf3856ad364e35_10.0.26100.8872_none_a4fce299776b787f\TiWorker.exe,,,LocalSystem,S-1-5-18,,4,2011,0,0,0,0,0,0,0,1200000000,552960,118784,179,532323119,0,11,29
3673,2026-07-15 20:37:00,\Device\HarddiskVolume3\Windows\System32\VSSVC.exe,,,LocalSystem,S-1-5-18,,4,359,0,0,0,0,0,0,0,7199850000,0,61440,2057,392971174,0,0,15
3674,2026-07-15 20:37:00,\Device\HarddiskVolume3\Windows\System32\svchost.exe [swprv],,,LocalSystem,S-1-5-18,,4,360,0,0,0,0,0,0,0,13199850000,0,28672,659,253919820,0,0,7
3675,2026-07-15 20:37:00,\Device\HarddiskVolume3\Windows\System32\dstokenclean.exe,,,LocalSystem,S-1-5-18,,4,1069,0,0,0,0,0,0,0,600000000,31744,8192,76,16057089,0,1,2
3676,2026-07-15 20:37:00,\Device\HarddiskVolume3\Windows\System32\rundll32.exe,,,LocalSystem,S-1-5-18,,4,398,0,0,0,0,0,0,0,1200000000,404992,40960,341,82441773,0,20,10
3677,2026-07-15 20:37:00,\Device\HarddiskVolume3\Windows\System32\fontdrvhost.exe,,,UnknownOrUserSid,S-1-5-96-0-0,,1700,316,0,0,0,0,0,0,0,4200000000,0,0,60,1647227,0,0,0
3678,2026-07-15 20:37:00,\Device\HarddiskVolume3\Windows\System32\svchost.exe [RPCSS],,,NetworkService,S-1-5-20,,9,26,0,0,0,0,0,0,0,36000000000,0,28672,33656,3890058631,0,0,7
3679,2026-07-15 20:37:00,\Device\HarddiskVolume3\Windows\System32\svchost.exe [netprofm],,,NetworkService,S-1-5-20,,9,362,0,0,0,0,0,0,0,36000000000,0,0,3591,696920710,0,0,0
3680,2026-07-15 20:37:00,\Device\HarddiskVolume3\Windows\System32\svchost.exe [NetworkService],,,NetworkService,S-1-5-20,,9,363,0,0,0,0,0,0,0,168000000000,20480,696320,14927,6824876431,0,3,56
3681,2026-07-15 20:37:00,\Device\HarddiskVolume3\Windows\System32\svchost.exe [NetworkServiceNetworkRestricted],,,NetworkService,S-1-5-20,,9,365,0,0,0,0,0,0,0,36000000000,0,0,175,29550285,0,0,0
3682,2026-07-15 20:37:00,\Device\HarddiskVolume3\Windows\System32\sppsvc.exe,,,NetworkService,S-1-5-20,,9,361,0,0,0,0,0,0,0,1200000000,0,225280,557,1425622342,0,0,9
3683,2026-07-15 20:37:00,\Device\HarddiskVolume3\Windows\System32\wbem\WmiPrvSE.exe,,,NetworkService,S-1-5-20,,9,333,0,0,0,0,0,0,0,5999850000,770048,237568,6558,2209869393,0,18,58
3684,2026-07-15 20:37:00,\Device\HarddiskVolume3\Windows\System32\dwm.exe,,,UnknownOrUserSid,S-1-5-90-0-1,,13,33,0,0,0,0,0,0,0,36000000000,0,0,16131,5224641973,0,0,0
3685,2026-07-15 20:37:00,\Device\HarddiskVolume3\Windows\System32\svchost.exe [LocalServiceNetworkRestricted],,,LocalService,S-1-5-19,,6,368,0,0,0,0,0,0,0,280200160000,4096,1893376,11812,2202239088,55,1,369
3686,2026-07-15 20:37:00,\Device\HarddiskVolume3\Windows\System32\svchost.exe [LocalService],,,LocalService,S-1-5-19,,6,367,0,0,0,0,0,0,0,176399840000,0,0,5548,798617309,0,0,0
3687,2026-07-15 20:37:00,\Device\HarddiskVolume3\Windows\System32\svchost.exe [LocalServiceNoNetwork],,,LocalService,S-1-5-19,,6,366,0,0,0,0,0,0,0,72000000000,65536,1331200,21573,4512357293,0,1,299
3688,2026-07-15 20:37:00,\Device\HarddiskVolume3\Windows\System32\svchost.exe [LocalServiceRedirectionGuard],,,LocalService,S-1-5-19,,6,1777,0,0,0,0,0,0,0,34200000000,0,0,1285,225171585,0,0,0
3689,2026-07-15 20:37:00,\Device\HarddiskVolume3\Windows\System32\svchost.exe [LocalServiceHttp],,,LocalService,S-1-5-19,,6,1778,0,0,0,0,0,0,0,36000000000,0,0,1264,470341569,0,0,0
3690,2026-07-15 20:37:00,\Device\HarddiskVolume3\Windows\System32\svchost.exe [LocalServiceNoNetworkFirewall],,,LocalService,S-1-5-19,,6,369,0,0,0,0,0,0,0,36000000000,0,0,662,226560208,0,0,0
3691,2026-07-15 20:37:00,\Device\HarddiskVolume3\Windows\System32\svchost.exe [WSAIFabricSvcGroup],,,LocalService,S-1-5-19,,6,1779,0,0,0,0,0,0,0,36000000000,0,0,138,46541175,0,0,0
3692,2026-07-15 20:37:00,\Device\HarddiskVolume3\Windows\System32\wbem\WmiPrvSE.exe,,,LocalService,S-1-5-19,,6,333,0,0,0,0,0,0,0,1800000000,0,24576,2980,869377777,0,0,6
3693,2026-07-15 20:37:00,\Device\HarddiskVolume3\ProgramData\Microsoft\Windows Defender\Platform\4.18.26060.3008-0\NisSrv.exe,,,LocalService,S-1-5-19,,6,1093,0,0,0,0,0,0,0,36000000000,0,0,874,351002327,0,0,0
3694,2026-07-15 20:37:00,\Device\HarddiskVolume3\Windows\System32\conhost.exe,,,LocalService,S-1-5-19,,6,349,0,0,0,0,0,0,0,600000000,65536,0,241,65390246,0,1,0
3695,2026-07-15 20:37:00,\Device\HarddiskVolume3\Windows\System32\sc.exe,,,LocalService,S-1-5-19,,6,454,0,0,0,0,0,0,0,600000000,20480,0,60,19199818,0,2,0
3696,2026-07-15 20:37:00,\Device\HarddiskVolume3\Windows\System32\OpenSSH\sshd.exe,,,UnknownOrUserSid,S-1-5-21-2395961029-2893071609-3470587398-1000,,60,1059,0,0,0,0,0,0,0,7200150000,0,0,334,242698598,0,0,0
3697,2026-07-15 20:37:00,\Device\HarddiskVolume3\Windows\System32\cmd.exe,,,UnknownOrUserSid,S-1-5-21-2395961029-2893071609-3470587398-1000,,60,514,0,0,0,0,0,0,0,3600000000,0,0,79,93157694,0,0,0
3698,2026-07-15 20:37:00,\Device\HarddiskVolume3\Windows\System32\conhost.exe,,,UnknownOrUserSid,S-1-5-21-2395961029-2893071609-3470587398-1000,,60,349,0,0,0,0,0,0,0,115200150000,0,0,90187,9922417295,0,0,0
3699,2026-07-15 20:37:00,\Device\HarddiskVolume3\dfir\tools\git\bin\bash.exe,,,UnknownOrUserSid,S-1-5-21-2395961029-2893071609-3470587398-1000,,60,1108,0,0,0,0,0,0,0,3600000000,0,0,84,96171493,0,0,0
3700,2026-07-15 20:37:00,\Device\HarddiskVolume3\dfir\tools\git\usr\bin\bash.exe,,,UnknownOrUserSid,S-1-5-21-2395961029-2893071609-3470587398-1000,,60,1099,0,0,0,0,0,0,0,35400900000,0,561152,9778,4804517288,0,0,137
3701,2026-07-15 20:37:00,\Device\HarddiskVolume3\dfir\Python\python.exe,,,UnknownOrUserSid,S-1-5-21-2395961029-2893071609-3470587398-1000,,60,392,0,0,0,0,0,0,0,2400000000,0,12288,3704,45745627576,0,0,3
3702,2026-07-15 20:37:00,\Device\HarddiskVolume3\Windows\System32\WindowsPowerShell\v1.0\powershell.exe,,,UnknownOrUserSid,S-1-5-21-2395961029-2893071609-3470587398-1000,,60,383,0,0,0,0,0,0,0,22800000000,0,0,711,114515273,0,0,0
3703,2026-07-15 20:37:00,\Device\HarddiskVolume3\dfir\tools\git\usr\bin\timeout.exe,,,UnknownOrUserSid,S-1-5-21-2395961029-2893071609-3470587398-1000,,60,1112,0,0,0,0,0,0,0,6600000000,0,0,387,270531904,0,0,0
3704,2026-07-15 20:37:00,\Device\HarddiskVolume3\dfir\tools\chainsaw\chainsaw.exe,,,UnknownOrUserSid,S-1-5-21-2395961029-2893071609-3470587398-1000,,60,1313,0,0,0,0,0,0,0,1200000000,0,4096,54,9141307748,0,0,1
3705,2026-07-15 20:37:00,\Device\HarddiskVolume3\dfir\Python\Scripts\vol.exe,,,UnknownOrUserSid,S-1-5-21-2395961029-2893071609-3470587398-1000,,60,1329,0,0,0,0,0,0,0,2400000000,0,0,42,64749014,0,0,0
3706,2026-07-15 20:37:00,\Device\HarddiskVolume3\dfir\tools\git\usr\bin\tail.exe,,,UnknownOrUserSid,S-1-5-21-2395961029-2893071609-3470587398-1000,,60,1318,0,0,0,0,0,0,0,36000000000,0,0,226027,21998716802,0,0,0
3707,2026-07-15 20:37:00,\Device\HarddiskVolume3\dfir\tools\hayabusa\hayabusa.exe,,,UnknownOrUserSid,S-1-5-21-2395961029-2893071609-3470587398-1000,,60,526,0,0,0,0,0,0,0,600000000,0,2609152,11635,50275577314,0,0,329
3708,2026-07-15 20:37:00,\Device\HarddiskVolume3\dfir\tools\EZ\net9\EvtxeCmd\EvtxECmd.exe,,,UnknownOrUserSid,S-1-5-21-2395961029-2893071609-3470587398-1000,,60,517,0,0,0,0,0,0,0,1800000000,0,0,480,1596268590,0,0,0
3709,2026-07-15 20:37:00,\Device\HarddiskVolume3\dfir\tools\git\usr\bin\sed.exe,,,UnknownOrUserSid,S-1-5-21-2395961029-2893071609-3470587398-1000,,60,1113,0,0,0,0,0,0,0,600150000,0,0,28,15743124,0,0,0
3710,2026-07-15 20:37:00,\Device\HarddiskVolume3\dfir\tools\git\usr\bin\awk.exe,,,UnknownOrUserSid,S-1-5-21-2395961029-2893071609-3470587398-1000,,60,1115,0,0,0,0,0,0,0,600150000,0,0,40,15143935,0,0,0
3711,2026-07-15 20:37:00,\Device\HarddiskVolume3\Windows\System32\OpenSSH\sshd.exe,,,UnknownOrUserSid,S-1-5-111-3847866527-469524349-687026318-516638107-1125189541-7024,,2217,1059,0,0,0,0,0,0,0,5400000000,24576,0,76,78031633,0,1,0
3759,2026-07-15 21:37:00,System,,,LocalSystem,S-1-5-18,,4,29,0,0,0,0,0,0,0,36000000000,6778880,29465088,351015,61907959608,0,39,560
3760,2026-07-15 21:37:00,Registry,,,LocalSystem,S-1-5-18,,4,335,0,0,0,0,0,0,0,27600320000,0,6631424,780,336430606,103,0,694
3761,2026-07-15 21:37:00,\Device\HarddiskVolume3\Windows\System32\smss.exe,,,LocalSystem,S-1-5-18,,4,312,0,0,0,0,0,0,0,600160000,0,0,1,153125,0,0,0
3762,2026-07-15 21:37:00,\Device\HarddiskVolume3\Windows\System32\csrss.exe,,,LocalSystem,S-1-5-18,,4,313,0,0,0,0,0,0,0,72000000000,0,8192,20372,2729114276,0,0,2
3763,2026-07-15 21:37:00,\Device\HarddiskVolume3\Windows\System32\wininit.exe,,,LocalSystem,S-1-5-18,,4,314,0,0,0,0,0,0,0,1199840000,0,0,4,1769871,0,0,0
3764,2026-07-15 21:37:00,\Device\HarddiskVolume3\Windows\System32\services.exe,,,LocalSystem,S-1-5-18,,4,31,0,0,0,0,0,0,0,36000000000,0,24576,6092,719875072,0,0,6
3765,2026-07-15 21:37:00,\Device\HarddiskVolume3\Windows\System32\lsass.exe,,,LocalSystem,S-1-5-18,,4,315,0,0,0,0,0,0,0,36000000000,200704,598016,11223,1685173396,36,2,86
3766,2026-07-15 21:37:00,\Device\HarddiskVolume3\Windows\System32\svchost.exe [DcomLaunch],,,LocalSystem,S-1-5-18,,4,30,0,0,0,0,0,0,0,72000000000,0,0,5017,881841859,0,0,0
3767,2026-07-15 21:37:00,\Device\HarddiskVolume3\Windows\System32\LogonUI.exe,,,LocalSystem,S-1-5-18,,4,523,0,0,0,0,0,0,0,36000000000,0,16384,1313,2774131848,0,0,4
3768,2026-07-15 21:37:00,\Device\HarddiskVolume3\Windows\System32\svchost.exe [netsvcs],,,LocalSystem,S-1-5-18,,4,317,0,0,0,0,0,0,0,477000320000,0,2285568,7197,3560140356,24,0,382
3769,2026-07-15 21:37:00,\Device\HarddiskVolume3\Windows\System32\svchost.exe [LocalSystemNetworkRestricted],,,LocalSystem,S-1-5-18,,4,323,0,0,0,0,0,0,0,316800320000,332288,2068480,1767,3389052308,0,20,348
3770,2026-07-15 21:37:00,\Device\HarddiskVolume3\Windows\System32\svchost.exe [appmodel],,,LocalSystem,S-1-5-18,,4,326,0,0,0,0,0,0,0,36000000000,57344,1650688,450,191799491,4,1,403
3771,2026-07-15 21:37:00,\Device\HarddiskVolume3\Windows\System32\svchost.exe [UserProfileService],,,LocalSystem,S-1-5-18,,4,318,0,0,0,0,0,0,0,36000000000,0,45056,244,84463912,0,0,11
3772,2026-07-15 21:37:00,\Device\HarddiskVolume3\Windows\System32\svchost.exe [netsvcsRedirectionGuard],,,LocalSystem,S-1-5-18,,4,1775,0,0,0,0,0,0,0,64800320000,0,0,193,50493696,0,0,0
3773,2026-07-15 21:37:00,\Device\HarddiskVolume3\Windows\System32\spoolsv.exe,,,LocalSystem,S-1-5-18,,4,329,0,0,0,0,0,0,0,1200000000,0,0,4,5929467,0,0,0
3774,2026-07-15 21:37:00,\Device\HarddiskVolume3\Windows\System32\svchost.exe [utcsvc],,,LocalSystem,S-1-5-18,,4,330,0,0,0,0,0,0,0,36000000000,49152,491520,3471,1931189972,6,1,115
3775,2026-07-15 21:37:00,\Device\HarddiskVolume3\Windows\System32\svchost.exe [NetSvcs],,,LocalSystem,S-1-5-18,,4,331,0,0,0,0,0,0,0,36000000000,0,0,210,56935803,0,0,0
3776,2026-07-15 21:37:00,\Device\HarddiskVolume3\ProgramData\Microsoft\Windows Defender\Platform\4.18.26060.3008-0\MpDefenderCoreService.exe,,,LocalSystem,S-1-5-18,,4,1078,0,0,0,0,0,0,0,36000000000,0,40960,469,284673018,0,0,10
3777,2026-07-15 21:37:00,\Device\HarddiskVolume3\ProgramData\Microsoft\Windows Defender\Platform\4.18.26060.3008-0\MsMpEng.exe,,,LocalSystem,S-1-5-18,,4,1081,0,0,0,0,0,0,0,36000000000,188442624,8511488,401465,360321749510,1,3226,1333
3778,2026-07-15 21:37:00,\Device\HarddiskVolume3\Windows\System32\OpenSSH\sshd.exe,,,LocalSystem,S-1-5-18,,4,1059,0,0,0,0,0,0,0,7799520000,0,45056,426,323826352,0,0,11
3779,2026-07-15 21:37:00,\Device\HarddiskVolume3\Windows\System32\svchost.exe [osprivacy],,,LocalSystem,S-1-5-18,,4,346,0,0,0,0,0,0,0,1800000000,0,0,9,5525805,0,0,0
3780,2026-07-15 21:37:00,\Device\HarddiskVolume3\Windows\System32\svchost.exe [wsappx],,,LocalSystem,S-1-5-18,,4,325,0,0,0,0,0,0,0,3000160000,0,188416,193,114931900,0,0,46
3781,2026-07-15 21:37:00,\Device\HarddiskVolume3\Windows\System32\AggregatorHost.exe,,,LocalSystem,S-1-5-18,,4,332,0,0,0,0,0,0,0,19800320000,0,86016,121,102916677,0,0,21
3782,2026-07-15 21:37:00,\Device\HarddiskVolume3\Windows\System32\wbem\WmiPrvSE.exe,,,LocalSystem,S-1-5-18,,4,333,0,0,0,0,0,0,0,5400000000,0,0,51,30594126,0,0,0
3783,2026-07-15 21:37:00,System Interrupts,,,LocalSystem,S-1-5-18,,4,28,0,0,0,0,0,0,0,36000000000,0,0,0,1575724674310,0,0,0
3784,2026-07-15 21:37:00,\Device\HarddiskVolume3\Program Files (x86)\Microsoft\EdgeUpdate\MicrosoftEdgeUpdate.exe,,,LocalSystem,S-1-5-18,,4,342,0,0,0,0,0,0,0,2399840000,0,20480,83,27691055,0,0,5
3785,2026-07-15 21:37:00,\Device\HarddiskVolume3\Windows\System32\svchost.exe [InvSvcGroup],,,LocalSystem,S-1-5-18,,4,344,0,0,0,0,0,0,0,36000000000,0,53248,172,153941229,0,0,13
3786,2026-07-15 21:37:00,\Device\HarddiskVolume3\Windows\System32\svchost.exe [wusvcs],,,LocalSystem,S-1-5-18,,4,337,0,0,0,0,0,0,0,600000000,0,172032,612,1142121438,0,0,41
3787,2026-07-15 21:37:00,\Device\HarddiskVolume3\Windows\UUS\amd64\MoUsoCoreWorker.exe,,,LocalSystem,S-1-5-18,,4,356,0,0,0,0,0,0,0,600000000,0,765952,1411,2002163896,42,0,187
3788,2026-07-15 21:37:00,\Device\HarddiskVolume3\Windows\System32\svchost.exe [whesvc],,,LocalSystem,S-1-5-18,,4,1845,0,0,0,0,0,0,0,36000000000,0,163840,16068,2205191530,0,0,40
3789,2026-07-15 21:37:00,\Device\HarddiskVolume3\Windows\System32\SearchIndexer.exe,,,LocalSystem,S-1-5-18,,4,338,0,0,0,0,0,0,0,36000000000,0,233472,1483,404510181,0,0,57
3790,2026-07-15 21:37:00,\Device\HarddiskVolume3\Windows\System32\SearchProtocolHost.exe,,,LocalSystem,S-1-5-18,,4,339,0,0,0,0,0,0,0,4200000000,209408,77824,1037,385967358,0,6,19
3791,2026-07-15 21:37:00,\Device\HarddiskVolume3\Windows\System32\SecurityHealthService.exe,,,LocalSystem,S-1-5-18,,4,354,0,0,0,0,0,0,0,36000000000,0,0,176,65503076,0,0,0
3792,2026-07-15 21:37:00,Memory Compression,,,LocalSystem,S-1-5-18,,4,336,0,0,0,0,0,0,0,22800160000,0,0,13001,2477684064,0,0,0
3793,2026-07-15 21:37:00,\Device\HarddiskVolume3\Windows\System32\VSSVC.exe,,,LocalSystem,S-1-5-18,,4,359,0,0,0,0,0,0,0,1800000000,0,28672,456,102401941,0,0,7
3794,2026-07-15 21:37:00,\Device\HarddiskVolume3\Windows\System32\svchost.exe [swprv],,,LocalSystem,S-1-5-18,,4,360,0,0,0,0,0,0,0,3600000000,0,16384,209,86171074,0,0,4
3795,2026-07-15 21:37:00,\Device\HarddiskVolume3\Windows\System32\fontdrvhost.exe,,,UnknownOrUserSid,S-1-5-96-0-0,,1700,316,0,0,0,0,0,0,0,2400160000,0,0,25,670313,0,0,0
3796,2026-07-15 21:37:00,\Device\HarddiskVolume3\Windows\System32\svchost.exe [RPCSS],,,NetworkService,S-1-5-20,,9,26,0,0,0,0,0,0,0,36000000000,0,16384,9412,1466375945,0,0,4
3797,2026-07-15 21:37:00,\Device\HarddiskVolume3\Windows\System32\svchost.exe [netprofm],,,NetworkService,S-1-5-20,,9,362,0,0,0,0,0,0,0,36000000000,0,0,2017,513714057,0,0,0
3798,2026-07-15 21:37:00,\Device\HarddiskVolume3\Windows\System32\svchost.exe [NetworkService],,,NetworkService,S-1-5-20,,9,363,0,0,0,0,0,0,0,161400160000,0,684032,11405,5317396005,0,0,143
3799,2026-07-15 21:37:00,\Device\HarddiskVolume3\Windows\System32\svchost.exe [NetworkServiceNetworkRestricted],,,NetworkService,S-1-5-20,,9,365,0,0,0,0,0,0,0,36000000000,0,0,172,39594849,0,0,0
3800,2026-07-15 21:37:00,\Device\HarddiskVolume3\Windows\System32\sppsvc.exe,,,NetworkService,S-1-5-20,,9,361,0,0,0,0,0,0,0,600000000,0,57344,195,437506648,0,0,14
3801,2026-07-15 21:37:00,\Device\HarddiskVolume3\Windows\System32\wbem\WmiPrvSE.exe,,,NetworkService,S-1-5-20,,9,333,0,0,0,0,0,0,0,1799840000,0,143360,713,383509276,0,0,35
3802,2026-07-15 21:37:00,\Device\HarddiskVolume3\Windows\System32\dwm.exe,,,UnknownOrUserSid,S-1-5-90-0-1,,13,33,0,0,0,0,0,0,0,36000000000,0,0,15700,5581951221,0,0,0
3803,2026-07-15 21:37:00,\Device\HarddiskVolume3\Windows\System32\svchost.exe [LocalServiceNetworkRestricted],,,LocalService,S-1-5-19,,6,368,0,0,0,0,0,0,0,280200800000,335872,1409536,5231,1339610407,52,6,301
3804,2026-07-15 21:37:00,\Device\HarddiskVolume3\Windows\System32\svchost.exe [LocalService],,,LocalService,S-1-5-19,,6,367,0,0,0,0,0,0,0,176400160000,0,0,2370,458775223,0,0,0
3805,2026-07-15 21:37:00,\Device\HarddiskVolume3\Windows\System32\svchost.exe [LocalServiceNoNetwork],,,LocalService,S-1-5-19,,6,366,0,0,0,0,0,0,0,72000000000,0,1552384,21453,4624179407,0,0,344
3806,2026-07-15 21:37:00,\Device\HarddiskVolume3\Windows\System32\svchost.exe [LocalServiceRedirectionGuard],,,LocalService,S-1-5-19,,6,1777,0,0,0,0,0,0,0,30600000000,0,0,419,80878287,0,0,0
3807,2026-07-15 21:37:00,\Device\HarddiskVolume3\Windows\System32\svchost.exe [LocalServiceHttp],,,LocalService,S-1-5-19,,6,1778,0,0,0,0,0,0,0,36000000000,0,0,929,323858244,0,0,0
3808,2026-07-15 21:37:00,\Device\HarddiskVolume3\Windows\System32\svchost.exe [LocalServiceNoNetworkFirewall],,,LocalService,S-1-5-19,,6,369,0,0,0,0,0,0,0,36000000000,0,0,555,213277596,0,0,0
3809,2026-07-15 21:37:00,\Device\HarddiskVolume3\Windows\System32\svchost.exe [WSAIFabricSvcGroup],,,LocalService,S-1-5-19,,6,1779,0,0,0,0,0,0,0,36000000000,0,0,139,50929598,0,0,0
3810,2026-07-15 21:37:00,\Device\HarddiskVolume3\ProgramData\Microsoft\Windows Defender\Platform\4.18.26060.3008-0\NisSrv.exe,,,LocalService,S-1-5-19,,6,1093,0,0,0,0,0,0,0,36000000000,0,0,712,276338397,0,0,0
3811,2026-07-15 21:37:00,\Device\HarddiskVolume3\Windows\System32\OpenSSH\sshd.exe,,,UnknownOrUserSid,S-1-5-21-2395961029-2893071609-3470587398-1000,,60,1059,0,0,0,0,0,0,0,2400000000,0,0,116,79303225,0,0,0
3812,2026-07-15 21:37:00,\Device\HarddiskVolume3\Windows\System32\cmd.exe,,,UnknownOrUserSid,S-1-5-21-2395961029-2893071609-3470587398-1000,,60,514,0,0,0,0,0,0,0,599840000,0,8192,27,31198562,0,0,2
3813,2026-07-15 21:37:00,\Device\HarddiskVolume3\Windows\System32\conhost.exe,,,UnknownOrUserSid,S-1-5-21-2395961029-2893071609-3470587398-1000,,60,349,0,0,0,0,0,0,0,110400000000,0,0,71100,8138289564,0,0,0
3814,2026-07-15 21:37:00,\Device\HarddiskVolume3\dfir\tools\git\bin\bash.exe,,,UnknownOrUserSid,S-1-5-21-2395961029-2893071609-3470587398-1000,,60,1108,0,0,0,0,0,0,0,599840000,0,4096,30,32153405,0,0,1
3815,2026-07-15 21:37:00,\Device\HarddiskVolume3\dfir\tools\git\usr\bin\bash.exe,,,UnknownOrUserSid,S-1-5-21-2395961029-2893071609-3470587398-1000,,60,1099,0,0,0,0,0,0,0,10800000000,0,294912,2508,1274198084,0,0,72
3816,2026-07-15 21:37:00,\Device\HarddiskVolume3\dfir\Python\python.exe,,,UnknownOrUserSid,S-1-5-21-2395961029-2893071609-3470587398-1000,,60,392,0,0,0,0,0,0,0,1200000000,0,356352,1084,17057069027,0,0,87
3817,2026-07-15 21:37:00,\Device\HarddiskVolume3\Windows\System32\WindowsPowerShell\v1.0\powershell.exe,,,UnknownOrUserSid,S-1-5-21-2395961029-2893071609-3470587398-1000,,60,383,0,0,0,0,0,0,0,9000000000,0,0,279,65205938,0,0,0
3818,2026-07-15 21:37:00,\Device\HarddiskVolume3\dfir\tools\git\usr\bin\timeout.exe,,,UnknownOrUserSid,S-1-5-21-2395961029-2893071609-3470587398-1000,,60,1112,0,0,0,0,0,0,0,2400000000,0,0,81,50640513,0,0,0
3819,2026-07-15 21:37:00,\Device\HarddiskVolume3\dfir\tools\chainsaw\chainsaw.exe,,,UnknownOrUserSid,S-1-5-21-2395961029-2893071609-3470587398-1000,,60,1313,0,0,0,0,0,0,0,600160000,0,4096,3172,115088893632,0,0,1
3820,2026-07-15 21:37:00,\Device\HarddiskVolume3\dfir\tools\git\usr\bin\grep.exe,,,UnknownOrUserSid,S-1-5-21-2395961029-2893071609-3470587398-1000,,60,1114,0,0,0,0,0,0,0,600000000,0,4096,337,36516240,0,0,1
3821,2026-07-15 21:37:00,\Device\HarddiskVolume3\dfir\Python\Scripts\vol.exe,,,UnknownOrUserSid,S-1-5-21-2395961029-2893071609-3470587398-1000,,60,1329,0,0,0,0,0,0,0,1200000000,0,0,23,33337407,0,0,0
3822,2026-07-15 21:37:00,\Device\HarddiskVolume3\dfir\tools\git\usr\bin\tail.exe,,,UnknownOrUserSid,S-1-5-21-2395961029-2893071609-3470587398-1000,,60,1318,0,0,0,0,0,0,0,36000000000,0,0,225902,23860114729,0,0,0
3823,2026-07-15 21:37:00,\Device\HarddiskVolume3\dfir\tools\hayabusa\hayabusa.exe,,,UnknownOrUserSid,S-1-5-21-2395961029-2893071609-3470587398-1000,,60,526,0,0,0,0,0,0,0,599840000,0,5013504,4961,3067694119,0,0,1224
3824,2026-07-15 21:37:00,\Device\HarddiskVolume3\Windows\System32\OpenSSH\sshd.exe,,,UnknownOrUserSid,S-1-5-111-3847866527-469524349-687026318-516638107-1125189541-2964,,1554,1059,0,0,0,0,0,0,0,4200000000,0,0,77,71991790,0,0,0
3825,2026-07-15 21:37:00,\Device\HarddiskVolume3\Windows\System32\OpenSSH\sshd.exe,,,UnknownOrUserSid,S-1-5-111-3847866527-469524349-687026318-516638107-1125189541-6960,,2075,1059,0,0,0,0,0,0,0,600000000,0,0,53,65485205,0,0,0
4261,2026-07-15 21:45:00,System,,,LocalSystem,S-1-5-18,,4,29,0,0,0,0,0,0,0,36219690000,257094656,9497088,462337,178289199499,7,2555,928
4262,2026-07-15 21:45:00,\Device\HarddiskVolume3\Windows\System32\csrss.exe,,,LocalSystem,S-1-5-18,,4,313,0,0,0,0,0,0,0,72439380000,1711104,8192,22729,3348972844,0,42,2
4263,2026-07-15 21:45:00,\Device\HarddiskVolume3\Windows\System32\wininit.exe,,,LocalSystem,S-1-5-18,,4,314,0,0,0,0,0,0,0,36219690000,49152,0,233,144067663,0,3,0
4264,2026-07-15 21:45:00,\Device\HarddiskVolume3\Windows\System32\winlogon.exe,,,LocalSystem,S-1-5-18,,4,32,0,0,0,0,0,0,0,8019850000,0,0,84,86069097,0,0,0
4265,2026-07-15 21:45:00,\Device\HarddiskVolume3\Windows\System32\services.exe,,,LocalSystem,S-1-5-18,,4,31,0,0,0,0,0,0,0,36219690000,2393088,8192,14235,2243290293,0,177,2
4266,2026-07-15 21:45:00,\Device\HarddiskVolume3\Windows\System32\lsass.exe,,,LocalSystem,S-1-5-18,,4,315,0,0,0,0,0,0,0,36219690000,4188672,507904,17849,3193927772,35,195,79
4267,2026-07-15 21:45:00,\Device\HarddiskVolume3\Windows\System32\svchost.exe [DcomLaunch],,,LocalSystem,S-1-5-18,,4,30,0,0,0,0,0,0,0,72439380000,496128,0,9021,1759538478,0,9,0
4268,2026-07-15 21:45:00,\Device\HarddiskVolume3\Windows\System32\LogonUI.exe,,,LocalSystem,S-1-5-18,,4,523,0,0,0,0,0,0,0,36219690000,16666112,32768,5240,5014490693,0,1147,8
4269,2026-07-15 21:45:00,\Device\HarddiskVolume3\Windows\System32\svchost.exe [appmodel],,,LocalSystem,S-1-5-18,,4,326,0,0,0,0,0,0,0,36219690000,274432,8192,455,334521274,0,18,2
4270,2026-07-15 21:45:00,\Device\HarddiskVolume3\Windows\System32\svchost.exe [GPSvcGroup],,,LocalSystem,S-1-5-18,,4,357,0,0,0,0,0,0,0,9819690000,0,0,251,148625659,0,0,0
4271,2026-07-15 21:45:00,\Device\HarddiskVolume3\Windows\System32\svchost.exe [LocalSystemNetworkRestricted],,,LocalSystem,S-1-5-18,,4,323,0,0,0,0,0,0,0,250157680000,117755392,1908736,9693,16835284088,1,4769,263
4272,2026-07-15 21:45:00,\Device\HarddiskVolume3\Windows\System32\svchost.exe [netsvcs],,,LocalSystem,S-1-5-18,,4,317,0,0,0,0,0,0,0,394596580000,70026240,21680128,24760,14857496500,25,3625,4006
4273,2026-07-15 21:45:00,\Device\HarddiskVolume3\Windows\System32\svchost.exe [UserProfileService],,,LocalSystem,S-1-5-18,,4,318,0,0,0,0,0,0,0,36219690000,3168256,1017856,578,368339435,2,111,68
4274,2026-07-15 21:45:00,\Device\HarddiskVolume3\Windows\System32\svchost.exe [netsvcsRedirectionGuard],,,LocalSystem,S-1-5-18,,4,1775,0,0,0,0,0,0,0,63819690000,418816,0,589,423466448,0,16,0
4275,2026-07-15 21:45:00,\Device\HarddiskVolume3\Windows\System32\spoolsv.exe,,,LocalSystem,S-1-5-18,,4,329,0,0,0,0,0,0,0,4419690000,2951680,0,930,284168449,0,191,0
4276,2026-07-15 21:45:00,\Device\HarddiskVolume3\Windows\System32\svchost.exe [utcsvc],,,LocalSystem,S-1-5-18,,4,330,0,0,0,0,0,0,0,36219690000,18813440,2465792,7112,5889642931,18,446,158
4277,2026-07-15 21:45:00,\Device\HarddiskVolume3\Windows\System32\svchost.exe [NetSvcs],,,LocalSystem,S-1-5-18,,4,331,0,0,0,0,0,0,0,36219690000,0,0,835,154909742,0,0,0
4278,2026-07-15 21:45:00,\Device\HarddiskVolume3\Windows\System32\OpenSSH\ssh-agent.exe,,,LocalSystem,S-1-5-18,,4,1057,0,0,0,0,0,0,0,3819850000,0,0,28,19055454,0,0,0
4279,2026-07-15 21:45:00,\Device\HarddiskVolume3\ProgramData\Microsoft\Windows Defender\Platform\4.18.26060.3008-0\MpDefenderCoreService.exe,,,LocalSystem,S-1-5-18,,4,1078,0,0,0,0,0,0,0,36219690000,6034944,32768,1316,1481240301,0,232,8
4280,2026-07-15 21:45:00,\Device\HarddiskVolume3\Windows\System32\OpenSSH\sshd.exe,,,LocalSystem,S-1-5-18,,4,1059,0,0,0,0,0,0,0,8619850000,32768,0,262,256310604,0,1,0
4281,2026-07-15 21:45:00,\Device\HarddiskVolume3\ProgramData\Microsoft\Windows Defender\Platform\4.18.26060.3008-0\MsMpEng.exe,,,LocalSystem,S-1-5-18,,4,1081,0,0,0,0,0,0,0,36219690000,616985088,9039872,430816,401512066146,1,15549,1453
4282,2026-07-15 21:45:00,\Device\HarddiskVolume3\Windows\System32\svchost.exe [osprivacy],,,LocalSystem,S-1-5-18,,4,346,0,0,0,0,0,0,0,36219690000,592896,0,483,426356554,0,54,0
4283,2026-07-15 21:45:00,\Device\HarddiskVolume3\Windows\System32\svchost.exe [wsappx],,,LocalSystem,S-1-5-18,,4,325,0,0,0,0,0,0,0,9219530000,1197056,36864,293,190236726,0,53,9
4284,2026-07-15 21:45:00,\Device\HarddiskVolume3\Windows\System32\AggregatorHost.exe,,,LocalSystem,S-1-5-18,,4,332,0,0,0,0,0,0,0,26619370000,3632128,110592,1114,2156952346,0,203,27
4285,2026-07-15 21:45:00,System Interrupts,,,LocalSystem,S-1-5-18,,4,28,0,0,0,0,0,0,0,36219690000,0,0,0,1595820624779,0,0,0
4286,2026-07-15 21:45:00,Registry,,,LocalSystem,S-1-5-18,,4,335,0,0,0,0,0,0,0,27000160000,0,9416704,1085,793101652,132,0,1002
4287,2026-07-15 21:45:00,\Device\HarddiskVolume3\Windows\System32\smss.exe,,,LocalSystem,S-1-5-18,,4,312,0,0,0,0,0,0,0,1800000000,0,0,3,5091662,0,0,0
4288,2026-07-15 21:45:00,\Device\HarddiskVolume3\Program Files (x86)\Microsoft\EdgeUpdate\MicrosoftEdgeUpdate.exe,,,LocalSystem,S-1-5-18,,4,342,0,0,0,0,0,0,0,5399840000,1630208,12288,569,334747640,0,97,3
4289,2026-07-15 21:45:00,\Device\HarddiskVolume3\Windows\System32\svchost.exe [InvSvcGroup],,,LocalSystem,S-1-5-18,,4,344,0,0,0,0,0,0,0,31199680000,266240,0,266,312744967,0,13,0
4290,2026-07-15 21:45:00,\Device\HarddiskVolume3\Windows\System32\svchost.exe [wusvcs],,,LocalSystem,S-1-5-18,,4,337,0,0,0,0,0,0,0,2399840000,4249088,331776,1483,3693298675,0,239,77
4291,2026-07-15 21:45:00,\Device\HarddiskVolume3\Windows\UUS\amd64\MoUsoCoreWorker.exe,,,LocalSystem,S-1-5-18,,4,356,0,0,0,0,0,0,0,2399840000,6793216,2609152,6238,5195127845,174,347,637
4292,2026-07-15 21:45:00,\Device\HarddiskVolume3\Windows\System32\svchost.exe [whesvc],,,LocalSystem,S-1-5-18,,4,1845,0,0,0,0,0,0,0,35399840000,885760,98304,18380,3200489418,0,41,24
4293,2026-07-15 21:45:00,\Device\HarddiskVolume3\Windows\System32\wbem\WmiPrvSE.exe,,,LocalSystem,S-1-5-18,,4,333,0,0,0,0,0,0,0,5399840000,467456,0,2014,250763738,0,30,0
4294,2026-07-15 21:45:00,\Device\HarddiskVolume3\Windows\System32\SearchIndexer.exe,,,LocalSystem,S-1-5-18,,4,338,0,0,0,0,0,0,0,35399840000,9869824,1183744,4893,2074355840,7,1109,269
4295,2026-07-15 21:45:00,\Device\HarddiskVolume3\Windows\System32\SearchProtocolHost.exe,,,LocalSystem,S-1-5-18,,4,339,0,0,0,0,0,0,0,1199840000,2085888,0,2471,689782379,0,161,0
4296,2026-07-15 21:45:00,\Device\HarddiskVolume3\Windows\System32\SearchFilterHost.exe,,,LocalSystem,S-1-5-18,,4,341,0,0,0,0,0,0,0,1199840000,1183744,0,336,186260022,0,64,0
4297,2026-07-15 21:45:00,\Device\HarddiskVolume3\Windows\System32\Defrag.exe,,,LocalSystem,S-1-5-18,,4,1061,0,0,0,0,0,0,0,600000000,7168,0,519,98092374,0,1,0
4298,2026-07-15 21:45:00,\Device\HarddiskVolume3\Windows\System32\conhost.exe,,,LocalSystem,S-1-5-18,,4,349,0,0,0,0,0,0,0,600000000,4096,0,771,92007689,0,1,0
4299,2026-07-15 21:45:00,\Device\HarddiskVolume3\Windows\System32\svchost.exe [defragsvc],,,LocalSystem,S-1-5-18,,4,1060,0,0,0,0,0,0,0,2400000000,352299520,512000,94749,44243554403,0,12214,125
4300,2026-07-15 21:45:00,\Device\HarddiskVolume3\Windows\System32\SecurityHealthService.exe,,,LocalSystem,S-1-5-18,,4,354,0,0,0,0,0,0,0,21600000000,1610752,143360,2955,1496044699,0,129,12
4301,2026-07-15 21:45:00,\Device\HarddiskVolume3\Windows\System32\VSSVC.exe,,,LocalSystem,S-1-5-18,,4,359,0,0,0,0,0,0,0,1800160000,512,0,450,107963481,0,1,0
4302,2026-07-15 21:45:00,\Device\HarddiskVolume3\Windows\System32\svchost.exe [swprv],,,LocalSystem,S-1-5-18,,4,360,0,0,0,0,0,0,0,3600000000,0,0,186,96406610,0,0,0
4303,2026-07-15 21:45:00,\Device\HarddiskVolume3\Windows\System32\fontdrvhost.exe,,,UnknownOrUserSid,S-1-5-96-0-0,,1700,316,0,0,0,0,0,0,0,6219850000,131072,0,136,31963127,0,4,0
4304,2026-07-15 21:45:00,\Device\HarddiskVolume3\Windows\System32\svchost.exe [RPCSS],,,NetworkService,S-1-5-20,,9,26,0,0,0,0,0,0,0,36219690000,216064,0,14288,2498265196,0,20,0
4305,2026-07-15 21:45:00,\Device\HarddiskVolume3\Windows\System32\svchost.exe [netprofm],,,NetworkService,S-1-5-20,,9,362,0,0,0,0,0,0,0,36219690000,802816,0,6480,1460925530,0,44,0
4306,2026-07-15 21:45:00,\Device\HarddiskVolume3\Windows\System32\svchost.exe [NetworkService],,,NetworkService,S-1-5-20,,9,363,0,0,0,0,0,0,0,164078600000,18512384,192512,13444,7792259355,15,409,44
4307,2026-07-15 21:45:00,\Device\HarddiskVolume3\Windows\System32\svchost.exe [NetworkServiceNetworkRestricted],,,NetworkService,S-1-5-20,,9,365,0,0,0,0,0,0,0,36219690000,20480,0,398,141434758,0,2,0
4308,2026-07-15 21:45:00,\Device\HarddiskVolume3\Windows\System32\sppsvc.exe,,,NetworkService,S-1-5-20,,9,361,0,0,0,0,0,0,0,819530000,13754880,106496,1362,2298518541,1,421,14
4309,2026-07-15 21:45:00,\Device\HarddiskVolume3\Windows\System32\SppExtComObj.Exe,,,NetworkService,S-1-5-20,,9,364,0,0,0,0,0,0,0,219690000,689664,0,478,154744708,0,71,0
4310,2026-07-15 21:45:00,\Device\HarddiskVolume3\Windows\System32\wbem\WmiPrvSE.exe,,,NetworkService,S-1-5-20,,9,333,0,0,0,0,0,0,0,3600160000,431616,0,1718,1061351428,0,50,0
4311,2026-07-15 21:45:00,\Device\HarddiskVolume3\Windows\System32\dwm.exe,,,UnknownOrUserSid,S-1-5-90-0-1,,13,33,0,0,0,0,0,0,0,36219690000,303104,0,20650,7765143986,0,16,0
4312,2026-07-15 21:45:00,\Device\HarddiskVolume3\Windows\System32\svchost.exe [LocalServiceNetworkRestricted],,,LocalService,S-1-5-19,,6,368,0,0,0,0,0,0,0,284357200000,18419200,6251008,8944,4463441804,175,411,792
4313,2026-07-15 21:45:00,\Device\HarddiskVolume3\Windows\System32\svchost.exe [LocalService],,,LocalService,S-1-5-19,,6,367,0,0,0,0,0,0,0,179458750000,3618304,20480,4226,1863887961,0,202,5
4314,2026-07-15 21:45:00,\Device\HarddiskVolume3\Windows\System32\svchost.exe [LocalServiceNoNetwork],,,LocalService,S-1-5-19,,6,366,0,0,0,0,0,0,0,72439380000,2403840,1261568,23424,6097717694,0,106,182
4315,2026-07-15 21:45:00,\Device\HarddiskVolume3\Windows\System32\svchost.exe [LocalServiceRedirectionGuard],,,LocalService,S-1-5-19,,6,1777,0,0,0,0,0,0,0,36219690000,0,0,586,203391434,0,0,0
4316,2026-07-15 21:45:00,\Device\HarddiskVolume3\Windows\System32\svchost.exe [LocalServiceHttp],,,LocalService,S-1-5-19,,6,1778,0,0,0,0,0,0,0,36219690000,0,0,1410,612360114,0,0,0
4317,2026-07-15 21:45:00,\Device\HarddiskVolume3\Windows\System32\svchost.exe [LocalServiceNoNetworkFirewall],,,LocalService,S-1-5-19,,6,369,0,0,0,0,0,0,0,36219690000,553984,0,3007,1739831253,0,79,0
4318,2026-07-15 21:45:00,\Device\HarddiskVolume3\Windows\System32\svchost.exe [WSAIFabricSvcGroup],,,LocalService,S-1-5-19,,6,1779,0,0,0,0,0,0,0,36219690000,24576,0,179,154805312,0,1,0
4319,2026-07-15 21:45:00,\Device\HarddiskVolume3\ProgramData\Microsoft\Windows Defender\Platform\4.18.26060.3008-0\NisSrv.exe,,,LocalService,S-1-5-19,,6,1093,0,0,0,0,0,0,0,36219690000,1994752,0,1173,574258976,0,109,0
4320,2026-07-15 21:45:00,\Device\HarddiskVolume3\Windows\System32\fontdrvhost.exe,,,UnknownOrUserSid,S-1-5-96-0-1,,1686,316,0,0,0,0,0,0,0,3000320000,0,0,12,13951526,0,0,0
4321,2026-07-15 21:45:00,\Device\HarddiskVolume3\Windows\System32\OpenSSH\sshd.exe,,,UnknownOrUserSid,S-1-5-21-2395961029-2893071609-3470587398-1000,,60,1059,0,0,0,0,0,0,0,2400000000,0,0,121,104467562,0,0,0
4322,2026-07-15 21:45:00,\Device\HarddiskVolume3\Windows\System32\conhost.exe,,,UnknownOrUserSid,S-1-5-21-2395961029-2893071609-3470587398-1000,,60,349,0,0,0,0,0,0,0,2400000000,12288,0,6075,890223868,0,2,0
4323,2026-07-15 21:45:00,\Device\HarddiskVolume3\Windows\System32\cmd.exe,,,UnknownOrUserSid,S-1-5-21-2395961029-2893071609-3470587398-1000,,60,514,0,0,0,0,0,0,0,1200000000,0,0,28,79831982,0,0,0
4324,2026-07-15 21:45:00,\Device\HarddiskVolume3\dfir\tools\git\bin\bash.exe,,,UnknownOrUserSid,S-1-5-21-2395961029-2893071609-3470587398-1000,,60,1108,0,0,0,0,0,0,0,1200000000,0,0,26,53799717,0,0,0
4325,2026-07-15 21:45:00,\Device\HarddiskVolume3\dfir\tools\git\usr\bin\bash.exe,,,UnknownOrUserSid,S-1-5-21-2395961029-2893071609-3470587398-1000,,60,1099,0,0,0,0,0,0,0,11400000000,284160,102400,2485,1399358126,0,12,25
4326,2026-07-15 21:45:00,\Device\HarddiskVolume3\dfir\tools\git\usr\bin\timeout.exe,,,UnknownOrUserSid,S-1-5-21-2395961029-2893071609-3470587398-1000,,60,1112,0,0,0,0,0,0,0,2400000000,0,0,110,73914780,0,0,0
4327,2026-07-15 21:45:00,\Device\HarddiskVolume3\dfir\tools\hayabusa\hayabusa.exe,,,UnknownOrUserSid,S-1-5-21-2395961029-2893071609-3470587398-1000,,60,526,0,0,0,0,0,0,0,1200000000,3865600,4096,3237,10796015333,0,304,1
4328,2026-07-15 21:45:00,\Device\HarddiskVolume3\dfir\tools\EZ\net9\EvtxeCmd\EvtxECmd.exe,,,UnknownOrUserSid,S-1-5-21-2395961029-2893071609-3470587398-1000,,60,517,0,0,0,0,0,0,0,600000000,0,0,138,362430643,0,0,0
4329,2026-07-15 21:45:00,\Device\HarddiskVolume3\dfir\Python\Scripts\vol.exe,,,UnknownOrUserSid,S-1-5-21-2395961029-2893071609-3470587398-1000,,60,1329,0,0,0,0,0,0,0,600000000,0,0,10,14848199,0,0,0
4330,2026-07-15 21:45:00,\Device\HarddiskVolume3\dfir\Python\python.exe,,,UnknownOrUserSid,S-1-5-21-2395961029-2893071609-3470587398-1000,,60,392,0,0,0,0,0,0,0,600000000,0,4096,927,18716294365,0,0,1
3885,2026-07-15 22:37:00,System,,,LocalSystem,S-1-5-18,,4,29,0,0,0,0,0,0,0,35999840000,2048,1255424,74164,30199287887,0,4,118
3886,2026-07-15 22:37:00,Registry,,,LocalSystem,S-1-5-18,,4,335,0,0,0,0,0,0,0,26400000000,0,2781184,417,276300911,66,0,341
3887,2026-07-15 22:37:00,\Device\HarddiskVolume3\Windows\System32\smss.exe,,,LocalSystem,S-1-5-18,,4,312,0,0,0,0,0,0,0,600000000,0,0,1,57816,0,0,0
3888,2026-07-15 22:37:00,\Device\HarddiskVolume3\Windows\System32\csrss.exe,,,LocalSystem,S-1-5-18,,4,313,0,0,0,0,0,0,0,71999680000,0,0,7871,817143711,0,0,0
3889,2026-07-15 22:37:00,\Device\HarddiskVolume3\Windows\System32\wininit.exe,,,LocalSystem,S-1-5-18,,4,314,0,0,0,0,0,0,0,1800000000,0,0,4,2671800,0,0,0
3890,2026-07-15 22:37:00,\Device\HarddiskVolume3\Windows\System32\services.exe,,,LocalSystem,S-1-5-18,,4,31,0,0,0,0,0,0,0,35999840000,0,28672,2507,495241299,0,0,7
3891,2026-07-15 22:37:00,\Device\HarddiskVolume3\Windows\System32\lsass.exe,,,LocalSystem,S-1-5-18,,4,315,0,0,0,0,0,0,0,35999840000,0,0,1453,431233420,0,0,0
3892,2026-07-15 22:37:00,\Device\HarddiskVolume3\Windows\System32\svchost.exe [DcomLaunch],,,LocalSystem,S-1-5-18,,4,30,0,0,0,0,0,0,0,71999680000,0,0,4617,904258354,0,0,0
3893,2026-07-15 22:37:00,\Device\HarddiskVolume3\Windows\System32\LogonUI.exe,,,LocalSystem,S-1-5-18,,4,523,0,0,0,0,0,0,0,35999840000,0,16384,1328,2955390260,0,0,4
3894,2026-07-15 22:37:00,\Device\HarddiskVolume3\Windows\System32\svchost.exe [netsvcs],,,LocalSystem,S-1-5-18,,4,317,0,0,0,0,0,0,0,476397600000,0,901120,4926,2070269744,16,0,89
3895,2026-07-15 22:37:00,\Device\HarddiskVolume3\Windows\System32\svchost.exe [LocalSystemNetworkRestricted],,,LocalSystem,S-1-5-18,,4,323,0,0,0,0,0,0,0,316798400000,0,458752,1481,1642196578,0,0,78
3896,2026-07-15 22:37:00,\Device\HarddiskVolume3\Windows\System32\svchost.exe [appmodel],,,LocalSystem,S-1-5-18,,4,326,0,0,0,0,0,0,0,35999840000,0,36864,235,117399067,0,0,9
3897,2026-07-15 22:37:00,\Device\HarddiskVolume3\Windows\System32\svchost.exe [UserProfileService],,,LocalSystem,S-1-5-18,,4,318,0,0,0,0,0,0,0,35999840000,0,0,158,51090772,0,0,0
3898,2026-07-15 22:37:00,\Device\HarddiskVolume3\Windows\System32\svchost.exe [netsvcsRedirectionGuard],,,LocalSystem,S-1-5-18,,4,1775,0,0,0,0,0,0,0,64799520000,0,0,189,48920403,0,0,0
3899,2026-07-15 22:37:00,\Device\HarddiskVolume3\Windows\System32\svchost.exe [utcsvc],,,LocalSystem,S-1-5-18,,4,330,0,0,0,0,0,0,0,35999840000,155648,278528,840,715703578,6,3,67
3900,2026-07-15 22:37:00,\Device\HarddiskVolume3\Windows\System32\svchost.exe [NetSvcs],,,LocalSystem,S-1-5-18,,4,331,0,0,0,0,0,0,0,35999840000,0,0,235,37100351,0,0,0
3901,2026-07-15 22:37:00,\Device\HarddiskVolume3\ProgramData\Microsoft\Windows Defender\Platform\4.18.26060.3008-0\MpDefenderCoreService.exe,,,LocalSystem,S-1-5-18,,4,1078,0,0,0,0,0,0,0,35999840000,0,40960,531,449797945,0,0,10
3902,2026-07-15 22:37:00,\Device\HarddiskVolume3\ProgramData\Microsoft\Windows Defender\Platform\4.18.26060.3008-0\MsMpEng.exe,,,LocalSystem,S-1-5-18,,4,1081,0,0,0,0,0,0,0,35999840000,65536,24576,11296,5627460419,0,1,6
3903,2026-07-15 22:37:00,\Device\HarddiskVolume3\Windows\System32\svchost.exe [wsappx],,,LocalSystem,S-1-5-18,,4,325,0,0,0,0,0,0,0,3000000000,0,196608,173,115332407,0,0,48
3904,2026-07-15 22:37:00,\Device\HarddiskVolume3\Windows\System32\AggregatorHost.exe,,,LocalSystem,S-1-5-18,,4,332,0,0,0,0,0,0,0,19799520000,0,90112,112,110384410,0,0,22
3905,2026-07-15 22:37:00,System Interrupts,,,LocalSystem,S-1-5-18,,4,28,0,0,0,0,0,0,0,35999840000,0,0,0,1648996251197,0,0,0
3906,2026-07-15 22:37:00,\Device\HarddiskVolume3\Program Files (x86)\Microsoft\EdgeUpdate\MicrosoftEdgeUpdate.exe,,,LocalSystem,S-1-5-18,,4,342,0,0,0,0,0,0,0,2400160000,0,32768,80,34164348,0,0,8
3907,2026-07-15 22:37:00,\Device\HarddiskVolume3\Windows\System32\svchost.exe [InvSvcGroup],,,LocalSystem,S-1-5-18,,4,344,0,0,0,0,0,0,0,35999840000,0,69632,168,179065618,0,0,17
3908,2026-07-15 22:37:00,\Device\HarddiskVolume3\Windows\System32\svchost.exe [wusvcs],,,LocalSystem,S-1-5-18,,4,337,0,0,0,0,0,0,0,600000000,0,114688,412,836930051,0,0,27
3909,2026-07-15 22:37:00,\Device\HarddiskVolume3\Windows\UUS\amd64\MoUsoCoreWorker.exe,,,LocalSystem,S-1-5-18,,4,356,0,0,0,0,0,0,0,600000000,0,823296,1361,1681138594,42,0,201
3910,2026-07-15 22:37:00,\Device\HarddiskVolume3\Windows\System32\svchost.exe [whesvc],,,LocalSystem,S-1-5-18,,4,1845,0,0,0,0,0,0,0,35999840000,0,176128,3046,418198515,0,0,43
3911,2026-07-15 22:37:00,\Device\HarddiskVolume3\Windows\System32\SearchIndexer.exe,,,LocalSystem,S-1-5-18,,4,338,0,0,0,0,0,0,0,35999840000,0,0,378,139480925,0,0,0
3912,2026-07-15 22:37:00,\Device\HarddiskVolume3\Windows\System32\SecurityHealthService.exe,,,LocalSystem,S-1-5-18,,4,354,0,0,0,0,0,0,0,35999840000,0,0,132,57800927,0,0,0
3913,2026-07-15 22:37:00,Memory Compression,,,LocalSystem,S-1-5-18,,4,336,0,0,0,0,0,0,0,13200000000,0,0,462,77127603,0,0,0
3914,2026-07-15 22:37:00,\Device\HarddiskVolume3\Windows\System32\fontdrvhost.exe,,,UnknownOrUserSid,S-1-5-96-0-0,,1700,316,0,0,0,0,0,0,0,600000000,0,0,5,128599,0,0,0
3915,2026-07-15 22:37:00,\Device\HarddiskVolume3\Windows\System32\svchost.exe [RPCSS],,,NetworkService,S-1-5-20,,9,26,0,0,0,0,0,0,0,35999840000,0,0,2707,780071031,0,0,0
3916,2026-07-15 22:37:00,\Device\HarddiskVolume3\Windows\System32\svchost.exe [netprofm],,,NetworkService,S-1-5-20,,9,362,0,0,0,0,0,0,0,35999840000,0,0,1883,534274836,0,0,0
3917,2026-07-15 22:37:00,\Device\HarddiskVolume3\Windows\System32\svchost.exe [NetworkService],,,NetworkService,S-1-5-20,,9,363,0,0,0,0,0,0,0,155999040000,0,94208,10053,5567914870,0,0,23
3918,2026-07-15 22:37:00,\Device\HarddiskVolume3\Windows\System32\svchost.exe [NetworkServiceNetworkRestricted],,,NetworkService,S-1-5-20,,9,365,0,0,0,0,0,0,0,35999840000,0,0,163,35967503,0,0,0
3919,2026-07-15 22:37:00,\Device\HarddiskVolume3\Windows\System32\sppsvc.exe,,,NetworkService,S-1-5-20,,9,361,0,0,0,0,0,0,0,600160000,0,57344,211,426425937,0,0,14
3920,2026-07-15 22:37:00,\Device\HarddiskVolume3\Windows\System32\dwm.exe,,,UnknownOrUserSid,S-1-5-90-0-1,,13,33,0,0,0,0,0,0,0,35999840000,0,0,15707,5777741716,0,0,0
3921,2026-07-15 22:37:00,\Device\HarddiskVolume3\Windows\System32\svchost.exe [LocalServiceNetworkRestricted],,,LocalService,S-1-5-19,,6,368,0,0,0,0,0,0,0,275998400000,65536,541696,2954,1085459651,22,1,129
3922,2026-07-15 22:37:00,\Device\HarddiskVolume3\Windows\System32\svchost.exe [LocalService],,,LocalService,S-1-5-19,,6,367,0,0,0,0,0,0,0,177599200000,0,0,1074,319486309,0,0,0
3923,2026-07-15 22:37:00,\Device\HarddiskVolume3\Windows\System32\svchost.exe [LocalServiceNoNetwork],,,LocalService,S-1-5-19,,6,366,0,0,0,0,0,0,0,71999680000,0,1273856,21158,4796129738,0,0,304
3924,2026-07-15 22:37:00,\Device\HarddiskVolume3\Windows\System32\svchost.exe [LocalServiceRedirectionGuard],,,LocalService,S-1-5-19,,6,1777,0,0,0,0,0,0,0,28199360000,0,0,116,27230632,0,0,0
3925,2026-07-15 22:37:00,\Device\HarddiskVolume3\Windows\System32\svchost.exe [LocalServiceHttp],,,LocalService,S-1-5-19,,6,1778,0,0,0,0,0,0,0,35999840000,0,0,684,338508494,0,0,0
3926,2026-07-15 22:37:00,\Device\HarddiskVolume3\Windows\System32\svchost.exe [LocalServiceNoNetworkFirewall],,,LocalService,S-1-5-19,,6,369,0,0,0,0,0,0,0,35999840000,0,0,468,222037264,0,0,0
3927,2026-07-15 22:37:00,\Device\HarddiskVolume3\Windows\System32\svchost.exe [WSAIFabricSvcGroup],,,LocalService,S-1-5-19,,6,1779,0,0,0,0,0,0,0,35999840000,0,0,139,48477838,0,0,0
3928,2026-07-15 22:37:00,\Device\HarddiskVolume3\ProgramData\Microsoft\Windows Defender\Platform\4.18.26060.3008-0\NisSrv.exe,,,LocalService,S-1-5-19,,6,1093,0,0,0,0,0,0,0,35999840000,0,0,553,254881311,0,0,0
3929,2026-07-15 22:37:00,\Device\HarddiskVolume3\Windows\System32\conhost.exe,,,UnknownOrUserSid,S-1-5-21-2395961029-2893071609-3470587398-1000,,60,349,0,0,0,0,0,0,0,107999520000,0,0,64831,7559465692,0,0,0
3930,2026-07-15 22:37:00,\Device\HarddiskVolume3\Windows\System32\WindowsPowerShell\v1.0\powershell.exe,,,UnknownOrUserSid,S-1-5-21-2395961029-2893071609-3470587398-1000,,60,383,0,0,0,0,0,0,0,2400000000,0,0,22,5103228,0,0,0
3931,2026-07-15 22:37:00,\Device\HarddiskVolume3\dfir\tools\git\usr\bin\tail.exe,,,UnknownOrUserSid,S-1-5-21-2395961029-2893071609-3470587398-1000,,60,1318,0,0,0,0,0,0,0,35999840000,0,0,225879,24414441674,0,0,0
4387,2026-07-15 22:46:00,System,,,LocalSystem,S-1-5-18,,4,29,0,0,0,0,0,0,0,36000000000,113664,5119488,2296935,217796750712,0,14,938
4388,2026-07-15 22:46:00,\Device\HarddiskVolume3\Windows\System32\csrss.exe,,,LocalSystem,S-1-5-18,,4,313,0,0,0,0,0,0,0,72000000000,0,0,101735,14355242429,0,0,0
4389,2026-07-15 22:46:00,\Device\HarddiskVolume3\Windows\System32\wininit.exe,,,LocalSystem,S-1-5-18,,4,314,0,0,0,0,0,0,0,36000000000,0,0,124,40163899,0,0,0
4390,2026-07-15 22:46:00,\Device\HarddiskVolume3\Windows\System32\services.exe,,,LocalSystem,S-1-5-18,,4,31,0,0,0,0,0,0,0,36000000000,0,16384,23136,1839582909,0,0,4
4391,2026-07-15 22:46:00,\Device\HarddiskVolume3\Windows\System32\lsass.exe,,,LocalSystem,S-1-5-18,,4,315,0,0,0,0,0,0,0,36000000000,0,835584,32597,5221867245,64,0,116
4392,2026-07-15 22:46:00,\Device\HarddiskVolume3\Windows\System32\svchost.exe [DcomLaunch],,,LocalSystem,S-1-5-18,,4,30,0,0,0,0,0,0,0,72000000000,0,4096,6419,1251087810,0,0,1
4393,2026-07-15 22:46:00,\Device\HarddiskVolume3\Windows\System32\LogonUI.exe,,,LocalSystem,S-1-5-18,,4,523,0,0,0,0,0,0,0,36000000000,0,16384,1375,2964459700,0,0,4
4394,2026-07-15 22:46:00,\Device\HarddiskVolume3\Windows\System32\svchost.exe [appmodel],,,LocalSystem,S-1-5-18,,4,326,0,0,0,0,0,0,0,36000000000,0,4096,244,205808849,0,0,1
4395,2026-07-15 22:46:00,\Device\HarddiskVolume3\Windows\System32\svchost.exe [LocalSystemNetworkRestricted],,,LocalSystem,S-1-5-18,,4,323,0,0,0,0,0,0,0,246599840000,143360,7122944,2344,11030801929,0,2,1130
4396,2026-07-15 22:46:00,\Device\HarddiskVolume3\Windows\System32\svchost.exe [netsvcs],,,LocalSystem,S-1-5-18,,4,317,0,0,0,0,0,0,0,374399680000,0,1409024,10726,5204188140,27,0,137
4397,2026-07-15 22:46:00,\Device\HarddiskVolume3\Windows\System32\svchost.exe [UserProfileService],,,LocalSystem,S-1-5-18,,4,318,0,0,0,0,0,0,0,36000000000,0,86016,362,301267603,0,0,21
4398,2026-07-15 22:46:00,\Device\HarddiskVolume3\Windows\System32\svchost.exe [netsvcsRedirectionGuard],,,LocalSystem,S-1-5-18,,4,1775,0,0,0,0,0,0,0,66599840000,0,0,192,127711684,0,0,0
4399,2026-07-15 22:46:00,\Device\HarddiskVolume3\Windows\System32\svchost.exe [utcsvc],,,LocalSystem,S-1-5-18,,4,330,0,0,0,0,0,0,0,36000000000,0,212992,18051,6420933075,4,0,51
4400,2026-07-15 22:46:00,\Device\HarddiskVolume3\Windows\System32\svchost.exe [NetSvcs],,,LocalSystem,S-1-5-18,,4,331,0,0,0,0,0,0,0,36000000000,0,0,177,70085971,0,0,0
4401,2026-07-15 22:46:00,\Device\HarddiskVolume3\ProgramData\Microsoft\Windows Defender\Platform\4.18.26060.3008-0\MpDefenderCoreService.exe,,,LocalSystem,S-1-5-18,,4,1078,0,0,0,0,0,0,0,36000000000,133120,16384,374,520956140,0,2,4
4402,2026-07-15 22:46:00,\Device\HarddiskVolume3\Windows\System32\OpenSSH\sshd.exe,,,LocalSystem,S-1-5-18,,4,1059,0,0,0,0,0,0,0,22200000000,0,90112,1559,1656845669,0,0,22
4403,2026-07-15 22:46:00,\Device\HarddiskVolume3\ProgramData\Microsoft\Windows Defender\Platform\4.18.26060.3008-0\MsMpEng.exe,,,LocalSystem,S-1-5-18,,4,1081,0,0,0,0,0,0,0,36000000000,1024512,48914432,2792585,824096930715,8,56,6142
4404,2026-07-15 22:46:00,\Device\HarddiskVolume3\Windows\System32\svchost.exe [osprivacy],,,LocalSystem,S-1-5-18,,4,346,0,0,0,0,0,0,0,36000000000,0,0,136,96872288,0,0,0
4405,2026-07-15 22:46:00,\Device\HarddiskVolume3\Windows\System32\AggregatorHost.exe,,,LocalSystem,S-1-5-18,,4,332,0,0,0,0,0,0,0,16800000000,0,65536,123,243813228,0,0,16
4406,2026-07-15 22:46:00,System Interrupts,,,LocalSystem,S-1-5-18,,4,28,0,0,0,0,0,0,0,36000000000,0,0,0,1262689594694,0,0,0
4407,2026-07-15 22:46:00,Registry,,,LocalSystem,S-1-5-18,,4,335,0,0,0,0,0,0,0,32400000000,0,5214208,640,562167392,137,0,462
4408,2026-07-15 22:46:00,\Device\HarddiskVolume3\Windows\System32\smss.exe,,,LocalSystem,S-1-5-18,,4,312,0,0,0,0,0,0,0,599840000,0,0,1,7297430,0,0,0
4409,2026-07-15 22:46:00,\Device\HarddiskVolume3\Program Files (x86)\Microsoft\EdgeUpdate\MicrosoftEdgeUpdate.exe,,,LocalSystem,S-1-5-18,,4,342,0,0,0,0,0,0,0,1200000000,0,12288,82,71371581,0,0,3
4410,2026-07-15 22:46:00,\Device\HarddiskVolume3\Windows\System32\svchost.exe [InvSvcGroup],,,LocalSystem,S-1-5-18,,4,344,0,0,0,0,0,0,0,36000000000,0,36864,162,244259638,0,0,9
4411,2026-07-15 22:46:00,\Device\HarddiskVolume3\Windows\System32\svchost.exe [wusvcs],,,LocalSystem,S-1-5-18,,4,337,0,0,0,0,0,0,0,600000000,0,110592,236,813104247,0,0,26
4412,2026-07-15 22:46:00,\Device\HarddiskVolume3\Windows\UUS\amd64\MoUsoCoreWorker.exe,,,LocalSystem,S-1-5-18,,4,356,0,0,0,0,0,0,0,600000000,0,487424,1190,878003588,27,0,119
4413,2026-07-15 22:46:00,\Device\HarddiskVolume3\Windows\System32\svchost.exe [whesvc],,,LocalSystem,S-1-5-18,,4,1845,0,0,0,0,0,0,0,36000000000,0,106496,93599,12514778299,0,0,26
4414,2026-07-15 22:46:00,\Device\HarddiskVolume3\Windows\System32\SearchIndexer.exe,,,LocalSystem,S-1-5-18,,4,338,0,0,0,0,0,0,0,36000000000,0,16384,2323,730494281,0,0,4
4415,2026-07-15 22:46:00,\Device\HarddiskVolume3\Windows\System32\SecurityHealthService.exe,,,LocalSystem,S-1-5-18,,4,354,0,0,0,0,0,0,0,36000000000,0,0,489,348935324,0,0,0
4416,2026-07-15 22:46:00,\Device\HarddiskVolume3\Windows\System32\VSSVC.exe,,,LocalSystem,S-1-5-18,,4,359,0,0,0,0,0,0,0,14400000000,0,61440,3157,756668430,0,0,15
4417,2026-07-15 22:46:00,\Device\HarddiskVolume3\Windows\System32\svchost.exe [swprv],,,LocalSystem,S-1-5-18,,4,360,0,0,0,0,0,0,0,24000000000,0,36864,954,417552078,0,0,9
4418,2026-07-15 22:46:00,\Device\HarddiskVolume3\Windows\System32\fontdrvhost.exe,,,UnknownOrUserSid,S-1-5-96-0-0,,1700,316,0,0,0,0,0,0,0,4800000000,0,0,40,15912715,0,0,0
4419,2026-07-15 22:46:00,\Device\HarddiskVolume3\Windows\System32\svchost.exe [RPCSS],,,NetworkService,S-1-5-20,,9,26,0,0,0,0,0,0,0,36000000000,0,0,48773,4741009900,0,0,0
4420,2026-07-15 22:46:00,\Device\HarddiskVolume3\Windows\System32\svchost.exe [netprofm],,,NetworkService,S-1-5-20,,9,362,0,0,0,0,0,0,0,36000000000,0,0,2102,616976962,0,0,0
4421,2026-07-15 22:46:00,\Device\HarddiskVolume3\Windows\System32\svchost.exe [NetworkService],,,NetworkService,S-1-5-20,,9,363,0,0,0,0,0,0,0,173999840000,794624,172032,11719,5202596126,0,13,42
4422,2026-07-15 22:46:00,\Device\HarddiskVolume3\Windows\System32\svchost.exe [NetworkServiceNetworkRestricted],,,NetworkService,S-1-5-20,,9,365,0,0,0,0,0,0,0,36000000000,0,0,138,86927587,0,0,0
4423,2026-07-15 22:46:00,\Device\HarddiskVolume3\Windows\System32\wbem\WmiPrvSE.exe,,,NetworkService,S-1-5-20,,9,333,0,0,0,0,0,0,0,7800320000,0,159744,2655,1882280476,0,0,39
4424,2026-07-15 22:46:00,\Device\HarddiskVolume3\Windows\System32\dwm.exe,,,UnknownOrUserSid,S-1-5-90-0-1,,13,33,0,0,0,0,0,0,0,36000000000,0,0,19539,5973770800,0,0,0
4425,2026-07-15 22:46:00,\Device\HarddiskVolume3\Windows\System32\svchost.exe [LocalServiceNetworkRestricted],,,LocalService,S-1-5-19,,6,368,0,0,0,0,0,0,0,274799360000,212992,2933760,19510,4011780069,62,4,548
4426,2026-07-15 22:46:00,\Device\HarddiskVolume3\Windows\System32\svchost.exe [LocalService],,,LocalService,S-1-5-19,,6,367,0,0,0,0,0,0,0,179400000000,0,0,9375,1623555004,0,0,0
4427,2026-07-15 22:46:00,\Device\HarddiskVolume3\Windows\System32\svchost.exe [LocalServiceNoNetwork],,,LocalService,S-1-5-19,,6,366,0,0,0,0,0,0,0,72000000000,1437696,2453504,22496,5311133454,0,26,570
4428,2026-07-15 22:46:00,\Device\HarddiskVolume3\Windows\System32\svchost.exe [LocalServiceRedirectionGuard],,,LocalService,S-1-5-19,,6,1777,0,0,0,0,0,0,0,36000000000,0,0,1986,415379198,0,0,0
4429,2026-07-15 22:46:00,\Device\HarddiskVolume3\Windows\System32\svchost.exe [LocalServiceHttp],,,LocalService,S-1-5-19,,6,1778,0,0,0,0,0,0,0,36000000000,0,0,1252,557687874,0,0,0
4430,2026-07-15 22:46:00,\Device\HarddiskVolume3\Windows\System32\svchost.exe [LocalServiceNoNetworkFirewall],,,LocalService,S-1-5-19,,6,369,0,0,0,0,0,0,0,36000000000,0,0,696,425220904,0,0,0
4431,2026-07-15 22:46:00,\Device\HarddiskVolume3\Windows\System32\svchost.exe [WSAIFabricSvcGroup],,,LocalService,S-1-5-19,,6,1779,0,0,0,0,0,0,0,36000000000,0,0,136,96413261,0,0,0
4432,2026-07-15 22:46:00,\Device\HarddiskVolume3\ProgramData\Microsoft\Windows Defender\Platform\4.18.26060.3008-0\NisSrv.exe,,,LocalService,S-1-5-19,,6,1093,0,0,0,0,0,0,0,36000000000,0,0,1208,661105991,0,0,0
4433,2026-07-15 22:46:00,\Device\HarddiskVolume3\Windows\System32\OpenSSH\sshd.exe,,,UnknownOrUserSid,S-1-5-21-2395961029-2893071609-3470587398-1000,,60,1059,0,0,0,0,0,0,0,14400000000,0,8192,850,842333899,0,0,2
4434,2026-07-15 22:46:00,\Device\HarddiskVolume3\Windows\System32\conhost.exe,,,UnknownOrUserSid,S-1-5-21-2395961029-2893071609-3470587398-1000,,60,349,0,0,0,0,0,0,0,14400000000,0,49152,53474,7344020734,0,0,12
4435,2026-07-15 22:46:00,\Device\HarddiskVolume3\Windows\System32\cmd.exe,,,UnknownOrUserSid,S-1-5-21-2395961029-2893071609-3470587398-1000,,60,514,0,0,0,0,0,0,0,7800000000,0,36864,205,489907556,0,0,9
4436,2026-07-15 22:46:00,\Device\HarddiskVolume3\dfir\tools\git\bin\bash.exe,,,UnknownOrUserSid,S-1-5-21-2395961029-2893071609-3470587398-1000,,60,1108,0,0,0,0,0,0,0,7800000000,0,28672,217,390693883,0,0,7
4437,2026-07-15 22:46:00,\Device\HarddiskVolume3\dfir\tools\git\usr\bin\bash.exe,,,UnknownOrUserSid,S-1-5-21-2395961029-2893071609-3470587398-1000,,60,1099,0,0,0,0,0,0,0,66600000000,114688,1073152,22134,11320646513,0,7,262
4438,2026-07-15 22:46:00,\Device\HarddiskVolume3\dfir\tools\git\usr\bin\timeout.exe,,,UnknownOrUserSid,S-1-5-21-2395961029-2893071609-3470587398-1000,,60,1112,0,0,0,0,0,0,0,13200000000,0,0,798,541210651,0,0,0
4439,2026-07-15 22:46:00,\Device\HarddiskVolume3\dfir\tools\hayabusa\hayabusa.exe,,,UnknownOrUserSid,S-1-5-21-2395961029-2893071609-3470587398-1000,,60,526,0,0,0,0,0,0,0,1200000000,0,4096,120,10709844274,0,0,1
4440,2026-07-15 22:46:00,\Device\HarddiskVolume3\dfir\tools\EZ\net9\EvtxeCmd\EvtxECmd.exe,,,UnknownOrUserSid,S-1-5-21-2395961029-2893071609-3470587398-1000,,60,517,0,0,0,0,0,0,0,1800000000,0,65536,653,5633666729,0,0,16
4441,2026-07-15 22:46:00,\Device\HarddiskVolume3\dfir\Python\Scripts\vol.exe,,,UnknownOrUserSid,S-1-5-21-2395961029-2893071609-3470587398-1000,,60,1329,0,0,0,0,0,0,0,4799840000,0,0,84,118737952,0,0,0
4442,2026-07-15 22:46:00,\Device\HarddiskVolume3\dfir\Python\python.exe,,,UnknownOrUserSid,S-1-5-21-2395961029-2893071609-3470587398-1000,,60,392,0,0,0,0,0,0,0,5399840000,0,57344,6852,136135834008,0,0,12
4443,2026-07-15 22:46:00,\Device\HarddiskVolume3\dfir\tools\chainsaw\chainsaw.exe,,,UnknownOrUserSid,S-1-5-21-2395961029-2893071609-3470587398-1000,,60,1313,0,0,0,0,0,0,0,3600000000,0,8192,175,18235339828,0,0,2
4444,2026-07-15 22:46:00,\Device\HarddiskVolume3\dfir\tools\git\usr\bin\env.exe,,,UnknownOrUserSid,S-1-5-21-2395961029-2893071609-3470587398-1000,,60,1317,0,0,0,0,0,0,0,600160000,0,0,9,4498787,0,0,0
4445,2026-07-15 22:46:00,\Device\HarddiskVolume3\dfir\tools\git\usr\bin\tail.exe,,,UnknownOrUserSid,S-1-5-21-2395961029-2893071609-3470587398-1000,,60,1318,0,0,0,0,0,0,0,599840000,0,0,113,25624747,0,0,0
4446,2026-07-15 22:46:00,\Device\HarddiskVolume3\dfir\tools\git\usr\bin\cut.exe,,,UnknownOrUserSid,S-1-5-21-2395961029-2893071609-3470587398-1000,,60,1131,0,0,0,0,0,0,0,599840000,0,0,115,25143308,0,0,0
4447,2026-07-15 22:46:00,\Device\HarddiskVolume3\dfir\tools\git\usr\bin\sort.exe,,,UnknownOrUserSid,S-1-5-21-2395961029-2893071609-3470587398-1000,,60,1123,0,0,0,0,0,0,0,599840000,0,0,112,25304487,0,0,0
4448,2026-07-15 22:46:00,\Device\HarddiskVolume3\dfir\Python\Scripts\sigma.exe,,,UnknownOrUserSid,S-1-5-21-2395961029-2893071609-3470587398-1000,,60,1633,0,0,0,0,0,0,0,600000000,0,0,11,14355886,0,0,0
4449,2026-07-15 23:33:00,System,,,LocalSystem,S-1-5-18,,4,29,0,0,0,0,0,0,0,28200000000,496128,3039232,694079,78549246739,0,36,438
4450,2026-07-15 23:33:00,\Device\HarddiskVolume3\Windows\System32\csrss.exe,,,LocalSystem,S-1-5-18,,4,313,0,0,0,0,0,0,0,56400000000,0,0,55387,7876754978,0,0,0
4451,2026-07-15 23:33:00,\Device\HarddiskVolume3\Windows\System32\wininit.exe,,,LocalSystem,S-1-5-18,,4,314,0,0,0,0,0,0,0,28200000000,0,0,97,32343313,0,0,0
4452,2026-07-15 23:33:00,\Device\HarddiskVolume3\Windows\System32\services.exe,,,LocalSystem,S-1-5-18,,4,31,0,0,0,0,0,0,0,28200000000,0,32768,7686,972026670,0,0,8
4453,2026-07-15 23:33:00,\Device\HarddiskVolume3\Windows\System32\lsass.exe,,,LocalSystem,S-1-5-18,,4,315,0,0,0,0,0,0,0,28200000000,0,761856,13991,2710311377,56,0,107
4454,2026-07-15 23:33:00,\Device\HarddiskVolume3\Windows\System32\svchost.exe [DcomLaunch],,,LocalSystem,S-1-5-18,,4,30,0,0,0,0,0,0,0,56400000000,0,4096,4793,1078880834,0,0,1
4455,2026-07-15 23:33:00,\Device\HarddiskVolume3\Windows\System32\LogonUI.exe,,,LocalSystem,S-1-5-18,,4,523,0,0,0,0,0,0,0,28200000000,0,16384,1078,2387481912,0,0,4
4456,2026-07-15 23:33:00,\Device\HarddiskVolume3\Windows\System32\svchost.exe [appmodel],,,LocalSystem,S-1-5-18,,4,326,0,0,0,0,0,0,0,28200000000,0,4096,201,185986717,0,0,1
4457,2026-07-15 23:33:00,\Device\HarddiskVolume3\Windows\System32\svchost.exe [LocalSystemNetworkRestricted],,,LocalSystem,S-1-5-18,,4,323,0,0,0,0,0,0,0,191399680000,0,2412544,1252,5350031575,0,0,424
4458,2026-07-15 23:33:00,\Device\HarddiskVolume3\Windows\System32\svchost.exe [netsvcs],,,LocalSystem,S-1-5-18,,4,317,0,0,0,0,0,0,0,294599680000,0,532480,5341,3654481075,6,0,84
4459,2026-07-15 23:33:00,\Device\HarddiskVolume3\Windows\System32\svchost.exe [UserProfileService],,,LocalSystem,S-1-5-18,,4,318,0,0,0,0,0,0,0,28200000000,0,73728,290,234420732,0,0,18
4460,2026-07-15 23:33:00,\Device\HarddiskVolume3\Windows\System32\svchost.exe [netsvcsRedirectionGuard],,,LocalSystem,S-1-5-18,,4,1775,0,0,0,0,0,0,0,50399680000,0,0,149,130824635,0,0,0
4461,2026-07-15 23:33:00,\Device\HarddiskVolume3\Windows\System32\svchost.exe [utcsvc],,,LocalSystem,S-1-5-18,,4,330,0,0,0,0,0,0,0,28200000000,0,151552,6199,2790277081,3,0,36
4462,2026-07-15 23:33:00,\Device\HarddiskVolume3\Windows\System32\svchost.exe [NetSvcs],,,LocalSystem,S-1-5-18,,4,331,0,0,0,0,0,0,0,28200000000,0,0,136,42171333,0,0,0
4463,2026-07-15 23:33:00,\Device\HarddiskVolume3\ProgramData\Microsoft\Windows Defender\Platform\4.18.26060.3008-0\MpDefenderCoreService.exe,,,LocalSystem,S-1-5-18,,4,1078,0,0,0,0,0,0,0,28200000000,0,16384,329,545707692,0,0,4
4464,2026-07-15 23:33:00,\Device\HarddiskVolume3\Windows\System32\OpenSSH\sshd.exe,,,LocalSystem,S-1-5-18,,4,1059,0,0,0,0,0,0,0,8999520000,0,32768,596,688006523,0,0,8
4465,2026-07-15 23:33:00,\Device\HarddiskVolume3\ProgramData\Microsoft\Windows Defender\Platform\4.18.26060.3008-0\MsMpEng.exe,,,LocalSystem,S-1-5-18,,4,1081,0,0,0,0,0,0,0,28200000000,5476352,13402112,892181,302688119312,2,158,1818
4466,2026-07-15 23:33:00,\Device\HarddiskVolume3\Windows\System32\svchost.exe [osprivacy],,,LocalSystem,S-1-5-18,,4,346,0,0,0,0,0,0,0,28200000000,0,0,108,92190244,0,0,0
4467,2026-07-15 23:33:00,\Device\HarddiskVolume3\Windows\System32\svchost.exe [wsappx],,,LocalSystem,S-1-5-18,,4,325,0,0,0,0,0,0,0,3000000000,0,86016,108,211962909,0,0,21
4468,2026-07-15 23:33:00,\Device\HarddiskVolume3\Windows\System32\AggregatorHost.exe,,,LocalSystem,S-1-5-18,,4,332,0,0,0,0,0,0,0,15000000000,0,73728,127,195463976,0,0,18
4469,2026-07-15 23:33:00,System Interrupts,,,LocalSystem,S-1-5-18,,4,28,0,0,0,0,0,0,0,28200000000,0,0,0,1178123737820,0,0,0
4470,2026-07-15 23:33:00,Registry,,,LocalSystem,S-1-5-18,,4,335,0,0,0,0,0,0,0,22800320000,0,3186688,418,538616652,87,0,322
4471,2026-07-15 23:33:00,\Device\HarddiskVolume3\Program Files (x86)\Microsoft\EdgeUpdate\MicrosoftEdgeUpdate.exe,,,LocalSystem,S-1-5-18,,4,342,0,0,0,0,0,0,0,1800000000,0,20480,81,67657692,0,0,5
4472,2026-07-15 23:33:00,\Device\HarddiskVolume3\Windows\System32\svchost.exe [InvSvcGroup],,,LocalSystem,S-1-5-18,,4,344,0,0,0,0,0,0,0,28200000000,0,0,135,144154559,0,0,0
4473,2026-07-15 23:33:00,\Device\HarddiskVolume3\Windows\System32\svchost.exe [wusvcs],,,LocalSystem,S-1-5-18,,4,337,0,0,0,0,0,0,0,1200160000,0,290816,470,1757012832,0,0,69
4474,2026-07-15 23:33:00,\Device\HarddiskVolume3\Windows\UUS\amd64\MoUsoCoreWorker.exe,,,LocalSystem,S-1-5-18,,4,356,0,0,0,0,0,0,0,1200160000,0,942080,2458,1871495895,54,0,230
4475,2026-07-15 23:33:00,\Device\HarddiskVolume3\Windows\System32\svchost.exe [whesvc],,,LocalSystem,S-1-5-18,,4,1845,0,0,0,0,0,0,0,28200000000,0,184320,39982,6823629655,0,0,45
4476,2026-07-15 23:33:00,\Device\HarddiskVolume3\Windows\System32\SearchIndexer.exe,,,LocalSystem,S-1-5-18,,4,338,0,0,0,0,0,0,0,28200000000,0,0,857,390574073,0,0,0
4477,2026-07-15 23:33:00,\Device\HarddiskVolume3\Windows\System32\SecurityHealthService.exe,,,LocalSystem,S-1-5-18,,4,354,0,0,0,0,0,0,0,28200000000,0,0,193,179988219,0,0,0
4478,2026-07-15 23:33:00,\Device\HarddiskVolume3\Windows\System32\VSSVC.exe,,,LocalSystem,S-1-5-18,,4,359,0,0,0,0,0,0,0,3600000000,0,45056,891,213568118,0,0,11
4479,2026-07-15 23:33:00,\Device\HarddiskVolume3\Windows\System32\svchost.exe [swprv],,,LocalSystem,S-1-5-18,,4,360,0,0,0,0,0,0,0,9000160000,0,36864,393,186350772,0,0,9
4480,2026-07-15 23:33:00,\Device\HarddiskVolume3\Windows\System32\fontdrvhost.exe,,,UnknownOrUserSid,S-1-5-96-0-0,,1700,316,0,0,0,0,0,0,0,3599680000,0,0,35,9828371,0,0,0
4481,2026-07-15 23:33:00,\Device\HarddiskVolume3\Windows\System32\svchost.exe [RPCSS],,,NetworkService,S-1-5-20,,9,26,0,0,0,0,0,0,0,28200000000,0,0,13977,1815196036,0,0,0
4482,2026-07-15 23:33:00,\Device\HarddiskVolume3\Windows\System32\svchost.exe [netprofm],,,NetworkService,S-1-5-20,,9,362,0,0,0,0,0,0,0,28200000000,0,0,2168,645420011,0,0,0
4483,2026-07-15 23:33:00,\Device\HarddiskVolume3\Windows\System32\svchost.exe [NetworkService],,,NetworkService,S-1-5-20,,9,363,0,0,0,0,0,0,0,141000000000,196608,122880,7695,3891608575,0,3,30
4484,2026-07-15 23:33:00,\Device\HarddiskVolume3\Windows\System32\svchost.exe [NetworkServiceNetworkRestricted],,,NetworkService,S-1-5-20,,9,365,0,0,0,0,0,0,0,28200000000,0,0,108,61907970,0,0,0
4485,2026-07-15 23:33:00,\Device\HarddiskVolume3\Windows\System32\wbem\WmiPrvSE.exe,,,NetworkService,S-1-5-20,,9,333,0,0,0,0,0,0,0,1200000000,0,163840,625,455881595,0,0,40
4486,2026-07-15 23:33:00,\Device\HarddiskVolume3\Windows\System32\dwm.exe,,,UnknownOrUserSid,S-1-5-90-0-1,,13,33,0,0,0,0,0,0,0,28200000000,0,0,15264,5272241445,0,0,0
4487,2026-07-15 23:33:00,\Device\HarddiskVolume3\Windows\System32\svchost.exe [LocalServiceNetworkRestricted],,,LocalService,S-1-5-19,,6,368,0,0,0,0,0,0,0,217199680000,0,1925632,6715,2599264483,41,0,348
4488,2026-07-15 23:33:00,\Device\HarddiskVolume3\Windows\System32\svchost.exe [LocalService],,,LocalService,S-1-5-19,,6,367,0,0,0,0,0,0,0,141000000000,0,0,3077,892015010,0,0,0
4489,2026-07-15 23:33:00,\Device\HarddiskVolume3\Windows\System32\svchost.exe [LocalServiceNoNetwork],,,LocalService,S-1-5-19,,6,366,0,0,0,0,0,0,0,56400000000,0,1138688,17096,4613857422,0,0,270
4490,2026-07-15 23:33:00,\Device\HarddiskVolume3\Windows\System32\svchost.exe [LocalServiceRedirectionGuard],,,LocalService,S-1-5-19,,6,1777,0,0,0,0,0,0,0,28200000000,0,0,832,206691479,0,0,0
4491,2026-07-15 23:33:00,\Device\HarddiskVolume3\Windows\System32\svchost.exe [LocalServiceHttp],,,LocalService,S-1-5-19,,6,1778,0,0,0,0,0,0,0,28200000000,0,0,770,498490949,0,0,0
4492,2026-07-15 23:33:00,\Device\HarddiskVolume3\Windows\System32\svchost.exe [LocalServiceNoNetworkFirewall],,,LocalService,S-1-5-19,,6,369,0,0,0,0,0,0,0,28200000000,0,0,394,350204827,0,0,0
4493,2026-07-15 23:33:00,\Device\HarddiskVolume3\Windows\System32\svchost.exe [WSAIFabricSvcGroup],,,LocalService,S-1-5-19,,6,1779,0,0,0,0,0,0,0,28200000000,0,0,110,108185298,0,0,0
4494,2026-07-15 23:33:00,\Device\HarddiskVolume3\ProgramData\Microsoft\Windows Defender\Platform\4.18.26060.3008-0\NisSrv.exe,,,LocalService,S-1-5-19,,6,1093,0,0,0,0,0,0,0,28200000000,0,0,594,329673143,0,0,0
4495,2026-07-15 23:33:00,\Device\HarddiskVolume3\Windows\System32\OpenSSH\sshd.exe,,,UnknownOrUserSid,S-1-5-21-2395961029-2893071609-3470587398-1000,,60,1059,0,0,0,0,0,0,0,4199840000,0,8192,293,283002309,0,0,2
4496,2026-07-15 23:33:00,\Device\HarddiskVolume3\Windows\System32\conhost.exe,,,UnknownOrUserSid,S-1-5-21-2395961029-2893071609-3470587398-1000,,60,349,0,0,0,0,0,0,0,4199840000,0,8192,14420,2015847398,0,0,2
4497,2026-07-15 23:33:00,\Device\HarddiskVolume3\Windows\System32\cmd.exe,,,UnknownOrUserSid,S-1-5-21-2395961029-2893071609-3470587398-1000,,60,514,0,0,0,0,0,0,0,2999840000,0,20480,69,167541658,0,0,5
4498,2026-07-15 23:33:00,\Device\HarddiskVolume3\dfir\tools\git\bin\bash.exe,,,UnknownOrUserSid,S-1-5-21-2395961029-2893071609-3470587398-1000,,60,1108,0,0,0,0,0,0,0,2999840000,0,0,72,135101968,0,0,0
4499,2026-07-15 23:33:00,\Device\HarddiskVolume3\dfir\tools\git\usr\bin\bash.exe,,,UnknownOrUserSid,S-1-5-21-2395961029-2893071609-3470587398-1000,,60,1099,0,0,0,0,0,0,0,19198880000,53248,278528,7847,3999339077,0,4,68
4500,2026-07-15 23:33:00,\Device\HarddiskVolume3\dfir\tools\git\usr\bin\timeout.exe,,,UnknownOrUserSid,S-1-5-21-2395961029-2893071609-3470587398-1000,,60,1112,0,0,0,0,0,0,0,3599680000,0,0,220,148267559,0,0,0
4501,2026-07-15 23:33:00,\Device\HarddiskVolume3\dfir\tools\hayabusa\hayabusa.exe,,,UnknownOrUserSid,S-1-5-21-2395961029-2893071609-3470587398-1000,,60,526,0,0,0,0,0,0,0,1199680000,0,4079616,6622,69867757454,0,0,556
4502,2026-07-15 23:33:00,\Device\HarddiskVolume3\dfir\tools\EZ\net9\EvtxeCmd\EvtxECmd.exe,,,UnknownOrUserSid,S-1-5-21-2395961029-2893071609-3470587398-1000,,60,517,0,0,0,0,0,0,0,1200000000,0,12288,229,1632702117,0,0,3
4503,2026-07-15 23:33:00,\Device\HarddiskVolume3\dfir\Python\Scripts\vol.exe,,,UnknownOrUserSid,S-1-5-21-2395961029-2893071609-3470587398-1000,,60,1329,0,0,0,0,0,0,0,1200000000,0,0,21,30422781,0,0,0
4504,2026-07-15 23:33:00,\Device\HarddiskVolume3\dfir\Python\python.exe,,,UnknownOrUserSid,S-1-5-21-2395961029-2893071609-3470587398-1000,,60,392,0,0,0,0,0,0,0,1200000000,0,16384,1849,30652349393,0,0,4
3947,2026-07-15 23:38:00,System,,,LocalSystem,S-1-5-18,,4,29,0,0,0,0,0,0,0,36600000000,39821824,11032576,1678779,188793563087,0,144,2319
3948,2026-07-15 23:38:00,Registry,,,LocalSystem,S-1-5-18,,4,335,0,0,0,0,0,0,0,31800000000,0,5902336,828,449280056,150,0,654
3949,2026-07-15 23:38:00,\Device\HarddiskVolume3\Windows\System32\smss.exe,,,LocalSystem,S-1-5-18,,4,312,0,0,0,0,0,0,0,599840000,0,0,1,99513,0,0,0
3950,2026-07-15 23:38:00,\Device\HarddiskVolume3\Windows\System32\csrss.exe,,,LocalSystem,S-1-5-18,,4,313,0,0,0,0,0,0,0,73200000000,0,24576,76278,11152194530,0,0,6
3951,2026-07-15 23:38:00,\Device\HarddiskVolume3\Windows\System32\wininit.exe,,,LocalSystem,S-1-5-18,,4,314,0,0,0,0,0,0,0,1800000000,0,0,4,2182992,0,0,0
3952,2026-07-15 23:38:00,\Device\HarddiskVolume3\Windows\System32\services.exe,,,LocalSystem,S-1-5-18,,4,31,0,0,0,0,0,0,0,36600000000,3843072,3018752,20132,2064205755,0,529,639
3953,2026-07-15 23:38:00,\Device\HarddiskVolume3\Windows\System32\lsass.exe,,,LocalSystem,S-1-5-18,,4,315,0,0,0,0,0,0,0,36600000000,0,1990656,31098,4739766161,132,0,273
3954,2026-07-15 23:38:00,\Device\HarddiskVolume3\Windows\System32\svchost.exe [DcomLaunch],,,LocalSystem,S-1-5-18,,4,30,0,0,0,0,0,0,0,73200000000,0,8192,5457,981386707,0,0,2
3955,2026-07-15 23:38:00,\Device\HarddiskVolume3\Windows\System32\LogonUI.exe,,,LocalSystem,S-1-5-18,,4,523,0,0,0,0,0,0,0,36600000000,0,16384,1339,2706281124,0,0,4
3956,2026-07-15 23:38:00,\Device\HarddiskVolume3\Windows\System32\svchost.exe [netsvcs],,,LocalSystem,S-1-5-18,,4,317,0,0,0,0,0,0,0,485400160000,1097728,2150400,10265,3612691306,45,98,157
3957,2026-07-15 23:38:00,\Device\HarddiskVolume3\Windows\System32\svchost.exe [LocalSystemNetworkRestricted],,,LocalSystem,S-1-5-18,,4,323,0,0,0,0,0,0,0,322800000000,0,7991296,2283,6734398240,0,0,1255
3958,2026-07-15 23:38:00,\Device\HarddiskVolume3\Windows\System32\svchost.exe [appmodel],,,LocalSystem,S-1-5-18,,4,326,0,0,0,0,0,0,0,36600000000,0,90112,999,276662175,0,0,22
3959,2026-07-15 23:38:00,\Device\HarddiskVolume3\Windows\System32\svchost.exe [UserProfileService],,,LocalSystem,S-1-5-18,,4,318,0,0,0,0,0,0,0,36600000000,0,163840,592,234843336,0,0,40
3960,2026-07-15 23:38:00,\Device\HarddiskVolume3\Windows\System32\svchost.exe [netsvcsRedirectionGuard],,,LocalSystem,S-1-5-18,,4,1775,0,0,0,0,0,0,0,67200000000,0,0,197,43413514,0,0,0
3961,2026-07-15 23:38:00,\Device\HarddiskVolume3\Windows\System32\svchost.exe [utcsvc],,,LocalSystem,S-1-5-18,,4,330,0,0,0,0,0,0,0,36600000000,180224,303104,13118,4715340449,6,3,73
3962,2026-07-15 23:38:00,\Device\HarddiskVolume3\Windows\System32\svchost.exe [NetSvcs],,,LocalSystem,S-1-5-18,,4,331,0,0,0,0,0,0,0,36600000000,0,0,212,34070787,0,0,0
3963,2026-07-15 23:38:00,\Device\HarddiskVolume3\ProgramData\Microsoft\Windows Defender\Platform\4.18.26060.3008-0\MpDefenderCoreService.exe,,,LocalSystem,S-1-5-18,,4,1078,0,0,0,0,0,0,0,36600000000,0,61440,583,419923908,0,0,15
3964,2026-07-15 23:38:00,\Device\HarddiskVolume3\ProgramData\Microsoft\Windows Defender\Platform\4.18.26060.3008-0\MsMpEng.exe,,,LocalSystem,S-1-5-18,,4,1081,0,0,0,0,0,0,0,36600000000,370685440,37990400,2087222,623748519250,6,5166,4886
3965,2026-07-15 23:38:00,\Device\HarddiskVolume3\Windows\System32\OpenSSH\sshd.exe,,,LocalSystem,S-1-5-18,,4,1059,0,0,0,0,0,0,0,19200160000,0,73728,1442,849222440,0,0,18
3966,2026-07-15 23:38:00,\Device\HarddiskVolume3\Windows\System32\svchost.exe [wsappx],,,LocalSystem,S-1-5-18,,4,325,0,0,0,0,0,0,0,7200000000,1693184,516096,733,443922122,7,29,96
3967,2026-07-15 23:38:00,\Device\HarddiskVolume3\Windows\System32\AggregatorHost.exe,,,LocalSystem,S-1-5-18,,4,332,0,0,0,0,0,0,0,21000000000,0,98304,122,92657323,0,0,24
3968,2026-07-15 23:38:00,System Interrupts,,,LocalSystem,S-1-5-18,,4,28,0,0,0,0,0,0,0,36600000000,0,0,0,1431625208023,0,0,0
3969,2026-07-15 23:38:00,\Device\HarddiskVolume3\Program Files (x86)\Microsoft\EdgeUpdate\MicrosoftEdgeUpdate.exe,,,LocalSystem,S-1-5-18,,4,342,0,0,0,0,0,0,0,3000000000,0,20480,80,27843839,0,0,5
3970,2026-07-15 23:38:00,\Device\HarddiskVolume3\Windows\System32\svchost.exe [InvSvcGroup],,,LocalSystem,S-1-5-18,,4,344,0,0,0,0,0,0,0,36600000000,0,143360,203,127221465,0,0,35
3971,2026-07-15 23:38:00,\Device\HarddiskVolume3\Windows\System32\svchost.exe [wusvcs],,,LocalSystem,S-1-5-18,,4,337,0,0,0,0,0,0,0,600160000,0,151552,614,1104397015,0,0,36
3972,2026-07-15 23:38:00,\Device\HarddiskVolume3\Windows\UUS\amd64\MoUsoCoreWorker.exe,,,LocalSystem,S-1-5-18,,4,356,0,0,0,0,0,0,0,600160000,0,954368,1858,1856283965,54,0,233
3973,2026-07-15 23:38:00,\Device\HarddiskVolume3\Windows\System32\svchost.exe [whesvc],,,LocalSystem,S-1-5-18,,4,1845,0,0,0,0,0,0,0,36600000000,0,180224,70186,9597509450,0,0,44
3974,2026-07-15 23:38:00,\Device\HarddiskVolume3\Windows\System32\SearchIndexer.exe,,,LocalSystem,S-1-5-18,,4,338,0,0,0,0,0,0,0,36600000000,0,589824,3126,991060164,2,0,144
3975,2026-07-15 23:38:00,\Device\HarddiskVolume3\Windows\System32\SearchProtocolHost.exe,,,LocalSystem,S-1-5-18,,4,339,0,0,0,0,0,0,0,7800000000,287744,131072,1824,794747134,0,18,32
3976,2026-07-15 23:38:00,\Device\HarddiskVolume3\Windows\System32\SecurityHealthService.exe,,,LocalSystem,S-1-5-18,,4,354,0,0,0,0,0,0,0,36600000000,0,0,390,97583924,0,0,0
3977,2026-07-15 23:38:00,Memory Compression,,,LocalSystem,S-1-5-18,,4,336,0,0,0,0,0,0,0,18600000000,0,0,3925,335305786,0,0,0
3978,2026-07-15 23:38:00,\Device\HarddiskVolume3\Windows\System32\VSSVC.exe,,,LocalSystem,S-1-5-18,,4,359,0,0,0,0,0,0,0,9000000000,0,69632,2227,502338343,0,0,17
3979,2026-07-15 23:38:00,\Device\HarddiskVolume3\Windows\System32\svchost.exe [swprv],,,LocalSystem,S-1-5-18,,4,360,0,0,0,0,0,0,0,16800000000,0,28672,845,352848949,0,0,7
3980,2026-07-15 23:38:00,\Device\HarddiskVolume3\Windows\System32\fontdrvhost.exe,,,UnknownOrUserSid,S-1-5-96-0-0,,1700,316,0,0,0,0,0,0,0,6600160000,0,0,105,2713849,0,0,0
3981,2026-07-15 23:38:00,\Device\HarddiskVolume3\Windows\System32\svchost.exe [RPCSS],,,NetworkService,S-1-5-20,,9,26,0,0,0,0,0,0,0,36600000000,0,0,37054,3832068691,0,0,0
3982,2026-07-15 23:38:00,\Device\HarddiskVolume3\Windows\System32\svchost.exe [netprofm],,,NetworkService,S-1-5-20,,9,362,0,0,0,0,0,0,0,36600000000,0,0,2272,538186760,0,0,0
3983,2026-07-15 23:38:00,\Device\HarddiskVolume3\Windows\System32\svchost.exe [NetworkService],,,NetworkService,S-1-5-20,,9,363,0,0,0,0,0,0,0,170400160000,0,348160,13490,6227334771,0,0,77
3984,2026-07-15 23:38:00,\Device\HarddiskVolume3\Windows\System32\svchost.exe [NetworkServiceNetworkRestricted],,,NetworkService,S-1-5-20,,9,365,0,0,0,0,0,0,0,36600000000,0,0,165,36739786,0,0,0
3985,2026-07-15 23:38:00,\Device\HarddiskVolume3\Windows\System32\sppsvc.exe,,,NetworkService,S-1-5-20,,9,361,0,0,0,0,0,0,0,600000000,0,8192,214,426668416,0,0,2
3986,2026-07-15 23:38:00,\Device\HarddiskVolume3\Windows\System32\wbem\WmiPrvSE.exe,,,NetworkService,S-1-5-20,,9,333,0,0,0,0,0,0,0,6599680000,1942528,765952,3079,2970009297,0,109,187
3987,2026-07-15 23:38:00,\Device\HarddiskVolume3\Windows\System32\dwm.exe,,,UnknownOrUserSid,S-1-5-90-0-1,,13,33,0,0,0,0,0,0,0,36600000000,0,0,16005,5114513167,0,0,0
3988,2026-07-15 23:38:00,\Device\HarddiskVolume3\Windows\System32\svchost.exe [LocalServiceNetworkRestricted],,,LocalService,S-1-5-19,,6,368,0,0,0,0,0,0,0,282600480000,196608,6693376,14939,2532701428,58,3,511
3989,2026-07-15 23:38:00,\Device\HarddiskVolume3\Windows\System32\svchost.exe [LocalService],,,LocalService,S-1-5-19,,6,367,0,0,0,0,0,0,0,179400000000,0,0,7109,967661887,0,0,0
3990,2026-07-15 23:38:00,\Device\HarddiskVolume3\Windows\System32\svchost.exe [LocalServiceNoNetwork],,,LocalService,S-1-5-19,,6,366,0,0,0,0,0,0,0,73200000000,0,1568768,21498,4716990936,0,0,336
3991,2026-07-15 23:38:00,\Device\HarddiskVolume3\Windows\System32\svchost.exe [LocalServiceRedirectionGuard],,,LocalService,S-1-5-19,,6,1777,0,0,0,0,0,0,0,32400000000,0,0,1552,257203045,0,0,0
3992,2026-07-15 23:38:00,\Device\HarddiskVolume3\Windows\System32\svchost.exe [LocalServiceHttp],,,LocalService,S-1-5-19,,6,1778,0,0,0,0,0,0,0,36600000000,0,0,1182,406995887,0,0,0
3993,2026-07-15 23:38:00,\Device\HarddiskVolume3\Windows\System32\svchost.exe [LocalServiceNoNetworkFirewall],,,LocalService,S-1-5-19,,6,369,0,0,0,0,0,0,0,36600000000,0,0,718,4405464649,0,0,0
3994,2026-07-15 23:38:00,\Device\HarddiskVolume3\Windows\System32\svchost.exe [WSAIFabricSvcGroup],,,LocalService,S-1-5-19,,6,1779,0,0,0,0,0,0,0,36600000000,0,0,146,45725104,0,0,0
3995,2026-07-15 23:38:00,\Device\HarddiskVolume3\ProgramData\Microsoft\Windows Defender\Platform\4.18.26060.3008-0\NisSrv.exe,,,LocalService,S-1-5-19,,6,1093,0,0,0,0,0,0,0,36600000000,0,0,1069,408367730,0,0,0
3996,2026-07-15 23:38:00,\Device\HarddiskVolume3\Windows\System32\OpenSSH\sshd.exe,,,UnknownOrUserSid,S-1-5-21-2395961029-2893071609-3470587398-1000,,60,1059,0,0,0,0,0,0,0,10200000000,0,8192,737,505933433,0,0,2
3997,2026-07-15 23:38:00,\Device\HarddiskVolume3\Windows\System32\cmd.exe,,,UnknownOrUserSid,S-1-5-21-2395961029-2893071609-3470587398-1000,,60,514,0,0,0,0,0,0,0,6000000000,0,36864,174,207611990,0,0,9
3998,2026-07-15 23:38:00,\Device\HarddiskVolume3\Windows\System32\conhost.exe,,,UnknownOrUserSid,S-1-5-21-2395961029-2893071609-3470587398-1000,,60,349,0,0,0,0,0,0,0,120000000000,0,16384,103857,11631773902,0,0,4
3999,2026-07-15 23:38:00,\Device\HarddiskVolume3\dfir\tools\git\bin\bash.exe,,,UnknownOrUserSid,S-1-5-21-2395961029-2893071609-3470587398-1000,,60,1108,0,0,0,0,0,0,0,5399840000,0,12288,154,181212521,0,0,3
4000,2026-07-15 23:38:00,\Device\HarddiskVolume3\dfir\tools\git\usr\bin\bash.exe,,,UnknownOrUserSid,S-1-5-21-2395961029-2893071609-3470587398-1000,,60,1099,0,0,0,0,0,0,0,47399520000,0,921600,14859,7261480169,0,0,225
4001,2026-07-15 23:38:00,\Device\HarddiskVolume3\dfir\Python\python.exe,,,UnknownOrUserSid,S-1-5-21-2395961029-2893071609-3470587398-1000,,60,392,0,0,0,0,0,0,0,3600000000,0,36864,4706,109539918599,0,0,8
4002,2026-07-15 23:38:00,\Device\HarddiskVolume3\Windows\System32\WindowsPowerShell\v1.0\powershell.exe,,,UnknownOrUserSid,S-1-5-21-2395961029-2893071609-3470587398-1000,,60,383,0,0,0,0,0,0,0,28200640000,1529856,163840,1494,1167726564,0,99,40
4003,2026-07-15 23:38:00,\Device\HarddiskVolume3\dfir\tools\git\usr\bin\timeout.exe,,,UnknownOrUserSid,S-1-5-21-2395961029-2893071609-3470587398-1000,,60,1112,0,0,0,0,0,0,0,8999840000,0,0,544,369160409,0,0,0
4004,2026-07-15 23:38:00,\Device\HarddiskVolume3\dfir\tools\chainsaw\chainsaw.exe,,,UnknownOrUserSid,S-1-5-21-2395961029-2893071609-3470587398-1000,,60,1313,0,0,0,0,0,0,0,1199840000,0,4096,54,5282872180,0,0,1
4005,2026-07-15 23:38:00,\Device\HarddiskVolume3\dfir\tools\git\usr\bin\grep.exe,,,UnknownOrUserSid,S-1-5-21-2395961029-2893071609-3470587398-1000,,60,1114,0,0,0,0,0,0,0,600000000,0,8192,174,28842479,0,0,2
4006,2026-07-15 23:38:00,\Device\HarddiskVolume3\dfir\Python\Scripts\vol.exe,,,UnknownOrUserSid,S-1-5-21-2395961029-2893071609-3470587398-1000,,60,1329,0,0,0,0,0,0,0,3000000000,0,0,53,79399588,0,0,0
4007,2026-07-15 23:38:00,\Device\HarddiskVolume3\dfir\tools\git\mingw64\bin\git.exe,,,UnknownOrUserSid,S-1-5-21-2395961029-2893071609-3470587398-1000,,60,1098,0,0,0,0,0,0,0,600160000,69402624,6356992,1087,2941435951,0,262,421
4008,2026-07-15 23:38:00,\Device\HarddiskVolume3\dfir\tools\git\usr\bin\tail.exe,,,UnknownOrUserSid,S-1-5-21-2395961029-2893071609-3470587398-1000,,60,1318,0,0,0,0,0,0,0,37800160000,0,0,230050,22555063283,0,0,0
4009,2026-07-15 23:38:00,\Device\HarddiskVolume3\dfir\tools\hayabusa\hayabusa.exe,,,UnknownOrUserSid,S-1-5-21-2395961029-2893071609-3470587398-1000,,60,526,0,0,0,0,0,0,0,1200000000,0,13295616,27394,116210808020,0,0,1699
4010,2026-07-15 23:38:00,\Device\HarddiskVolume3\dfir\tools\EZ\net9\EvtxeCmd\EvtxECmd.exe,,,UnknownOrUserSid,S-1-5-21-2395961029-2893071609-3470587398-1000,,60,517,0,0,0,0,0,0,0,600000000,0,4096,193,1691805128,0,0,1
4011,2026-07-15 23:38:00,\Device\HarddiskVolume3\dfir\tools\git\usr\bin\cut.exe,,,UnknownOrUserSid,S-1-5-21-2395961029-2893071609-3470587398-1000,,60,1131,0,0,0,0,0,0,0,1200160000,0,0,273,35146869,0,0,0
4012,2026-07-15 23:38:00,\Device\HarddiskVolume3\dfir\tools\git\usr\bin\sort.exe,,,UnknownOrUserSid,S-1-5-21-2395961029-2893071609-3470587398-1000,,60,1123,0,0,0,0,0,0,0,600000000,0,0,262,32880133,0,0,0
4013,2026-07-15 23:38:00,\Device\HarddiskVolume3\dfir\tools\EZ\net9\PECmd.exe,,,UnknownOrUserSid,S-1-5-21-2395961029-2893071609-3470587398-1000,,60,1121,0,0,0,0,0,0,0,600000000,0,1347584,182,1037057509,0,0,329
4014,2026-07-15 23:38:00,\Device\HarddiskVolume3\dfir\tools\git\bin\git.exe,,,UnknownOrUserSid,S-1-5-21-2395961029-2893071609-3470587398-1000,,60,2043,0,0,0,0,0,0,0,600160000,0,0,20,27019695,0,0,0
4015,2026-07-15 23:38:00,\Device\HarddiskVolume3\dfir\tools\EZ\net9\SBECmd.exe,,,UnknownOrUserSid,S-1-5-21-2395961029-2893071609-3470587398-1000,,60,1951,0,0,0,0,0,0,0,600000000,0,4096,245,667403722,0,0,1
4016,2026-07-15 23:38:00,\Device\HarddiskVolume3\dfir\tools\addons\velociraptor.exe,,,UnknownOrUserSid,S-1-5-21-2395961029-2893071609-3470587398-1000,,60,1635,0,0,0,0,0,0,0,599840000,0,8192,12202,6127470347,0,0,2
4073,2026-07-15 23:45:00,System,,,LocalSystem,S-1-5-18,,4,29,0,0,0,0,0,0,0,4200000000,7550976,2667520,342603,39698477448,9,99,416
4074,2026-07-15 23:45:00,Registry,,,LocalSystem,S-1-5-18,,4,335,0,0,0,0,0,0,0,3599840000,0,1323008,176,88328130,30,0,150
4075,2026-07-15 23:45:00,\Device\HarddiskVolume3\Windows\System32\csrss.exe,,,LocalSystem,S-1-5-18,,4,313,0,0,0,0,0,0,0,8400000000,32768,0,19983,3013838002,0,1,0
4076,2026-07-15 23:45:00,\Device\HarddiskVolume3\Windows\System32\wininit.exe,,,LocalSystem,S-1-5-18,,4,314,0,0,0,0,0,0,0,2400000000,40960,0,153,27966469,0,4,0
4077,2026-07-15 23:45:00,\Device\HarddiskVolume3\Windows\System32\winlogon.exe,,,LocalSystem,S-1-5-18,,4,32,0,0,0,0,0,0,0,600000000,24576,0,48,9841683,0,1,0
4078,2026-07-15 23:45:00,\Device\HarddiskVolume3\Windows\System32\services.exe,,,LocalSystem,S-1-5-18,,4,31,0,0,0,0,0,0,0,4200000000,44032,8192,5973,360041281,0,2,2
4079,2026-07-15 23:45:00,\Device\HarddiskVolume3\Windows\System32\lsass.exe,,,LocalSystem,S-1-5-18,,4,315,0,0,0,0,0,0,0,4200000000,0,548864,8135,1139457047,32,0,74
4080,2026-07-15 23:45:00,\Device\HarddiskVolume3\Windows\System32\svchost.exe [DcomLaunch],,,LocalSystem,S-1-5-18,,4,30,0,0,0,0,0,0,0,8400000000,0,0,1144,163191425,0,0,0
4081,2026-07-15 23:45:00,\Device\HarddiskVolume3\Windows\System32\LogonUI.exe,,,LocalSystem,S-1-5-18,,4,523,0,0,0,0,0,0,0,4200000000,1562624,8192,864,677997010,0,50,2
4082,2026-07-15 23:45:00,\Device\HarddiskVolume3\Windows\System32\svchost.exe [netsvcs],,,LocalSystem,S-1-5-18,,4,317,0,0,0,0,0,0,0,54600000000,0,499712,2445,658919157,14,0,35
4083,2026-07-15 23:45:00,\Device\HarddiskVolume3\Windows\System32\svchost.exe [LocalSystemNetworkRestricted],,,LocalSystem,S-1-5-18,,4,323,0,0,0,0,0,0,0,37200000000,0,2486272,474,1836113544,0,0,350
4084,2026-07-15 23:45:00,\Device\HarddiskVolume3\Windows\System32\svchost.exe [appmodel],,,LocalSystem,S-1-5-18,,4,326,0,0,0,0,0,0,0,4200000000,0,4096,149,29783652,0,0,1
4085,2026-07-15 23:45:00,\Device\HarddiskVolume3\Windows\System32\svchost.exe [UserProfileService],,,LocalSystem,S-1-5-18,,4,318,0,0,0,0,0,0,0,4200000000,0,61440,148,63555202,0,0,15
4086,2026-07-15 23:45:00,\Device\HarddiskVolume3\Windows\servicing\TrustedInstaller.exe,,,LocalSystem,S-1-5-18,,4,327,0,0,0,0,0,0,0,1800160000,4096,49152,881,141189843,0,1,12
4087,2026-07-15 23:45:00,\Device\HarddiskVolume3\Windows\System32\svchost.exe [netsvcsRedirectionGuard],,,LocalSystem,S-1-5-18,,4,1775,0,0,0,0,0,0,0,7800000000,0,0,23,2399539,0,0,0
4088,2026-07-15 23:45:00,\Device\HarddiskVolume3\Windows\System32\svchost.exe [utcsvc],,,LocalSystem,S-1-5-18,,4,330,0,0,0,0,0,0,0,4200000000,24064,151552,3613,1300326460,3,2,36
4089,2026-07-15 23:45:00,\Device\HarddiskVolume3\Windows\System32\svchost.exe [NetSvcs],,,LocalSystem,S-1-5-18,,4,331,0,0,0,0,0,0,0,4200000000,0,0,28,3015891,0,0,0
4090,2026-07-15 23:45:00,\Device\HarddiskVolume3\ProgramData\Microsoft\Windows Defender\Platform\4.18.26060.3008-0\MpDefenderCoreService.exe,,,LocalSystem,S-1-5-18,,4,1078,0,0,0,0,0,0,0,4200000000,0,0,35,19211377,0,0,0
4091,2026-07-15 23:45:00,\Device\HarddiskVolume3\ProgramData\Microsoft\Windows Defender\Platform\4.18.26060.3008-0\MsMpEng.exe,,,LocalSystem,S-1-5-18,,4,1081,0,0,0,0,0,0,0,4200000000,52182528,6660096,449832,137717612523,1,804,875
4092,2026-07-15 23:45:00,\Device\HarddiskVolume3\Windows\System32\OpenSSH\sshd.exe,,,LocalSystem,S-1-5-18,,4,1059,0,0,0,0,0,0,0,4800000000,0,0,229,135491621,0,0,0
4093,2026-07-15 23:45:00,\Device\HarddiskVolume3\Windows\System32\svchost.exe [wsappx],,,LocalSystem,S-1-5-18,,4,325,0,0,0,0,0,0,0,1800000000,0,0,19,3652568,0,0,0
4094,2026-07-15 23:45:00,\Device\HarddiskVolume3\Windows\System32\AggregatorHost.exe,,,LocalSystem,S-1-5-18,,4,332,0,0,0,0,0,0,0,3000160000,0,0,35,10758333,0,0,0
4095,2026-07-15 23:45:00,System Interrupts,,,LocalSystem,S-1-5-18,,4,28,0,0,0,0,0,0,0,4200000000,0,0,0,117299107868,0,0,0
4096,2026-07-15 23:45:00,\Device\HarddiskVolume3\Program Files (x86)\Microsoft\EdgeUpdate\MicrosoftEdgeUpdate.exe,,,LocalSystem,S-1-5-18,,4,342,0,0,0,0,0,0,0,1200000000,5632,20480,77,18669655,0,1,5
4097,2026-07-15 23:45:00,\Device\HarddiskVolume3\Windows\System32\svchost.exe [InvSvcGroup],,,LocalSystem,S-1-5-18,,4,344,0,0,0,0,0,0,0,4200000000,0,0,14,3137831,0,0,0
4098,2026-07-15 23:45:00,\Device\HarddiskVolume3\Windows\System32\svchost.exe [wusvcs],,,LocalSystem,S-1-5-18,,4,337,0,0,0,0,0,0,0,600160000,0,45056,396,846372291,0,0,10
4099,2026-07-15 23:45:00,\Device\HarddiskVolume3\Windows\UUS\amd64\MoUsoCoreWorker.exe,,,LocalSystem,S-1-5-18,,4,356,0,0,0,0,0,0,0,600160000,40960,1277952,3922,7713059407,90,2,312
4100,2026-07-15 23:45:00,\Device\HarddiskVolume3\Windows\System32\svchost.exe [whesvc],,,LocalSystem,S-1-5-18,,4,1845,0,0,0,0,0,0,0,4200000000,0,0,18181,2489269222,0,0,0
4101,2026-07-15 23:45:00,\Device\HarddiskVolume3\Windows\System32\SearchIndexer.exe,,,LocalSystem,S-1-5-18,,4,338,0,0,0,0,0,0,0,4200000000,1024,123904,661,376036312,2,1,30
4102,2026-07-15 23:45:00,\Device\HarddiskVolume3\Windows\System32\SearchProtocolHost.exe,,,LocalSystem,S-1-5-18,,4,339,0,0,0,0,0,0,0,2400000000,0,0,424,298819364,0,0,0
4103,2026-07-15 23:45:00,\Device\HarddiskVolume3\Windows\System32\SecurityHealthService.exe,,,LocalSystem,S-1-5-18,,4,354,0,0,0,0,0,0,0,4200000000,0,0,61,11791660,0,0,0
4104,2026-07-15 23:45:00,Memory Compression,,,LocalSystem,S-1-5-18,,4,336,0,0,0,0,0,0,0,2400320000,0,0,153,4057983,0,0,0
4105,2026-07-15 23:45:00,\Device\HarddiskVolume3\Windows\WinSxS\amd64_microsoft-windows-servicingstack_31bf3856ad364e35_10.0.26100.8872_none_a4fce299776b787f\TiWorker.exe,,,LocalSystem,S-1-5-18,,4,2011,0,0,0,0,0,0,0,1800160000,65644544,21472768,5138,38530964757,1,1825,4831
4106,2026-07-15 23:45:00,\Device\HarddiskVolume3\Windows\System32\VSSVC.exe,,,LocalSystem,S-1-5-18,,4,359,0,0,0,0,0,0,0,3000320000,0,16384,892,194972733,0,0,4
4107,2026-07-15 23:45:00,\Device\HarddiskVolume3\Windows\System32\svchost.exe [swprv],,,LocalSystem,S-1-5-18,,4,360,0,0,0,0,0,0,0,4200000000,0,0,107,20588459,0,0,0
4108,2026-07-15 23:45:00,\Device\HarddiskVolume3\Windows\System32\fontdrvhost.exe,,,UnknownOrUserSid,S-1-5-96-0-0,,1700,316,0,0,0,0,0,0,0,1800160000,0,0,30,777540,0,0,0
4109,2026-07-15 23:45:00,\Device\HarddiskVolume3\Windows\System32\svchost.exe [RPCSS],,,NetworkService,S-1-5-20,,9,26,0,0,0,0,0,0,0,4200000000,0,20480,8574,842322006,0,0,5
4110,2026-07-15 23:45:00,\Device\HarddiskVolume3\Windows\System32\svchost.exe [netprofm],,,NetworkService,S-1-5-20,,9,362,0,0,0,0,0,0,0,4200000000,0,0,993,127143676,0,0,0
4111,2026-07-15 23:45:00,\Device\HarddiskVolume3\Windows\System32\svchost.exe [NetworkService],,,NetworkService,S-1-5-20,,9,363,0,0,0,0,0,0,0,20400000000,32768,0,1919,722435094,0,2,0
4112,2026-07-15 23:45:00,\Device\HarddiskVolume3\Windows\System32\svchost.exe [NetworkServiceNetworkRestricted],,,NetworkService,S-1-5-20,,9,365,0,0,0,0,0,0,0,4200000000,0,0,20,2872577,0,0,0
4113,2026-07-15 23:45:00,\Device\HarddiskVolume3\Windows\System32\wbem\WmiPrvSE.exe,,,NetworkService,S-1-5-20,,9,333,0,0,0,0,0,0,0,1800160000,57344,53248,1861,610962730,0,1,10
4114,2026-07-15 23:45:00,\Device\HarddiskVolume3\Windows\System32\dwm.exe,,,UnknownOrUserSid,S-1-5-90-0-1,,13,33,0,0,0,0,0,0,0,4200000000,45056,0,7239,2249028914,0,2,0
4115,2026-07-15 23:45:00,\Device\HarddiskVolume3\Windows\System32\svchost.exe [LocalServiceNetworkRestricted],,,LocalService,S-1-5-19,,6,368,0,0,0,0,0,0,0,30600000000,159744,540672,3708,457794450,4,5,65
4116,2026-07-15 23:45:00,\Device\HarddiskVolume3\Windows\System32\svchost.exe [LocalService],,,LocalService,S-1-5-19,,6,367,0,0,0,0,0,0,0,20399840000,81920,16384,1892,235134186,0,8,4
4117,2026-07-15 23:45:00,\Device\HarddiskVolume3\Windows\System32\svchost.exe [LocalServiceNoNetwork],,,LocalService,S-1-5-19,,6,366,0,0,0,0,0,0,0,8400000000,32768,1200128,3337,816546245,0,1,282
4118,2026-07-15 23:45:00,\Device\HarddiskVolume3\Windows\System32\svchost.exe [LocalServiceRedirectionGuard],,,LocalService,S-1-5-19,,6,1777,0,0,0,0,0,0,0,4200000000,0,0,408,63142772,0,0,0
4119,2026-07-15 23:45:00,\Device\HarddiskVolume3\Windows\System32\svchost.exe [LocalServiceHttp],,,LocalService,S-1-5-19,,6,1778,0,0,0,0,0,0,0,4200000000,0,0,182,52630783,0,0,0
4120,2026-07-15 23:45:00,\Device\HarddiskVolume3\Windows\System32\svchost.exe [LocalServiceNoNetworkFirewall],,,LocalService,S-1-5-19,,6,369,0,0,0,0,0,0,0,4200000000,0,0,78,23896577,0,0,0
4121,2026-07-15 23:45:00,\Device\HarddiskVolume3\Windows\System32\svchost.exe [WSAIFabricSvcGroup],,,LocalService,S-1-5-19,,6,1779,0,0,0,0,0,0,0,4200000000,0,0,16,2658833,0,0,0
4122,2026-07-15 23:45:00,\Device\HarddiskVolume3\ProgramData\Microsoft\Windows Defender\Platform\4.18.26060.3008-0\NisSrv.exe,,,LocalService,S-1-5-19,,6,1093,0,0,0,0,0,0,0,4200000000,0,0,115,40170210,0,0,0
4123,2026-07-15 23:45:00,\Device\HarddiskVolume3\Windows\System32\OpenSSH\sshd.exe,,,UnknownOrUserSid,S-1-5-21-2395961029-2893071609-3470587398-1000,,60,1059,0,0,0,0,0,0,0,2399680000,0,0,115,90464869,0,0,0
4124,2026-07-15 23:45:00,\Device\HarddiskVolume3\Windows\System32\cmd.exe,,,UnknownOrUserSid,S-1-5-21-2395961029-2893071609-3470587398-1000,,60,514,0,0,0,0,0,0,0,600000000,0,0,27,30161731,0,0,0
4125,2026-07-15 23:45:00,\Device\HarddiskVolume3\Windows\System32\conhost.exe,,,UnknownOrUserSid,S-1-5-21-2395961029-2893071609-3470587398-1000,,60,349,0,0,0,0,0,0,0,14999680000,0,0,17000,1758986265,0,0,0
4126,2026-07-15 23:45:00,\Device\HarddiskVolume3\dfir\tools\git\bin\bash.exe,,,UnknownOrUserSid,S-1-5-21-2395961029-2893071609-3470587398-1000,,60,1108,0,0,0,0,0,0,0,600000000,0,0,28,29791008,0,0,0
4127,2026-07-15 23:45:00,\Device\HarddiskVolume3\dfir\tools\git\usr\bin\bash.exe,,,UnknownOrUserSid,S-1-5-21-2395961029-2893071609-3470587398-1000,,60,1099,0,0,0,0,0,0,0,11998400000,0,184320,3402,1602867322,0,0,45
4128,2026-07-15 23:45:00,\Device\HarddiskVolume3\dfir\Python\python.exe,,,UnknownOrUserSid,S-1-5-21-2395961029-2893071609-3470587398-1000,,60,392,0,0,0,0,0,0,0,1199840000,0,417792,1775,9205498887,0,0,24
4129,2026-07-15 23:45:00,\Device\HarddiskVolume3\Windows\System32\WindowsPowerShell\v1.0\powershell.exe,,,UnknownOrUserSid,S-1-5-21-2395961029-2893071609-3470587398-1000,,60,383,0,0,0,0,0,0,0,8400000000,0,0,154,28954592,0,0,0
4130,2026-07-15 23:45:00,\Device\HarddiskVolume3\dfir\tools\git\usr\bin\timeout.exe,,,UnknownOrUserSid,S-1-5-21-2395961029-2893071609-3470587398-1000,,60,1112,0,0,0,0,0,0,0,2399680000,0,0,150,95136753,0,0,0
4131,2026-07-15 23:45:00,\Device\HarddiskVolume3\dfir\Python\Scripts\vol.exe,,,UnknownOrUserSid,S-1-5-21-2395961029-2893071609-3470587398-1000,,60,1329,0,0,0,0,0,0,0,600000000,0,0,14,16256461,0,0,0
4132,2026-07-15 23:45:00,\Device\HarddiskVolume3\dfir\tools\git\usr\bin\tail.exe,,,UnknownOrUserSid,S-1-5-21-2395961029-2893071609-3470587398-1000,,60,1318,0,0,0,0,0,0,0,4800000000,0,0,26525,2137290009,0,0,0
4133,2026-07-15 23:45:00,\Device\HarddiskVolume3\dfir\tools\EZ\net9\EvtxeCmd\EvtxECmd.exe,,,UnknownOrUserSid,S-1-5-21-2395961029-2893071609-3470587398-1000,,60,517,0,0,0,0,0,0,0,600000000,0,12288,194,1884144623,0,0,3
4134,2026-07-15 23:45:00,\Device\HarddiskVolume3\dfir\tools\git\usr\bin\cut.exe,,,UnknownOrUserSid,S-1-5-21-2395961029-2893071609-3470587398-1000,,60,1131,0,0,0,0,0,0,0,600000000,0,0,182,26432078,0,0,0
4135,2026-07-15 23:45:00,\Device\HarddiskVolume3\dfir\tools\git\usr\bin\sort.exe,,,UnknownOrUserSid,S-1-5-21-2395961029-2893071609-3470587398-1000,,60,1123,0,0,0,0,0,0,0,600000000,0,0,184,28165150,0,0,0
4136,2026-07-15 23:45:00,\Device\HarddiskVolume3\dfir\tools\EZ\net9\MFTECmd.exe,,,UnknownOrUserSid,S-1-5-21-2395961029-2893071609-3470587398-1000,,60,1129,0,0,0,0,0,0,0,599840000,0,4096,167,674882314,0,0,1
4511,2026-07-16 04:32:00,System,,,LocalSystem,S-1-5-18,,4,29,0,0,0,0,0,0,0,36403440000,190016512,13904896,1043151,243329191019,6,1281,1281
4512,2026-07-16 04:32:00,\Device\HarddiskVolume3\Windows\System32\csrss.exe,,,LocalSystem,S-1-5-18,,4,313,0,0,0,0,0,0,0,72806880000,1719296,53248,48712,7064083353,0,44,13
4513,2026-07-16 04:32:00,\Device\HarddiskVolume3\Windows\System32\wininit.exe,,,LocalSystem,S-1-5-18,,4,314,0,0,0,0,0,0,0,8203440000,49152,0,155,75006626,0,3,0
4514,2026-07-16 04:32:00,\Device\HarddiskVolume3\Windows\System32\winlogon.exe,,,LocalSystem,S-1-5-18,,4,32,0,0,0,0,0,0,0,7603440000,0,0,123,45006435,0,0,0
4515,2026-07-16 04:32:00,\Device\HarddiskVolume3\Windows\System32\services.exe,,,LocalSystem,S-1-5-18,,4,31,0,0,0,0,0,0,0,36403440000,2216960,217088,26025,2935026730,0,177,53
4516,2026-07-16 04:32:00,\Device\HarddiskVolume3\Windows\System32\lsass.exe,,,LocalSystem,S-1-5-18,,4,315,0,0,0,0,0,0,0,36403440000,5649408,1511424,36394,5314527854,87,228,232
4517,2026-07-16 04:32:00,\Device\HarddiskVolume3\Windows\System32\svchost.exe [DcomLaunch],,,LocalSystem,S-1-5-18,,4,30,0,0,0,0,0,0,0,72806880000,496128,0,10447,1929174468,0,9,0
4518,2026-07-16 04:32:00,\Device\HarddiskVolume3\Windows\System32\LogonUI.exe,,,LocalSystem,S-1-5-18,,4,523,0,0,0,0,0,0,0,36403440000,20809216,348160,5905,4827433518,0,1429,85
4519,2026-07-16 04:32:00,\Device\HarddiskVolume3\Windows\System32\svchost.exe [GPSvcGroup],,,LocalSystem,S-1-5-18,,4,357,0,0,0,0,0,0,0,10603440000,0,0,298,102989567,0,0,0
4520,2026-07-16 04:32:00,\Device\HarddiskVolume3\Windows\System32\svchost.exe [LocalSystemNetworkRestricted],,,LocalSystem,S-1-5-18,,4,323,0,0,0,0,0,0,0,231827680000,114011648,5459968,9285,13458243094,1,4479,758
4521,2026-07-16 04:32:00,\Device\HarddiskVolume3\Windows\System32\svchost.exe [appmodel],,,LocalSystem,S-1-5-18,,4,326,0,0,0,0,0,0,0,36403440000,372736,0,840,310881196,0,22,0
4522,2026-07-16 04:32:00,\Device\HarddiskVolume3\Windows\System32\svchost.exe [netsvcs],,,LocalSystem,S-1-5-18,,4,317,0,0,0,0,0,0,0,427034550000,33493504,24396288,35240,20495058063,86,1903,4244
4523,2026-07-16 04:32:00,\Device\HarddiskVolume3\Windows\System32\svchost.exe [UserProfileService],,,LocalSystem,S-1-5-18,,4,318,0,0,0,0,0,0,0,36403440000,2975744,176128,724,416592318,2,96,43
4524,2026-07-16 04:32:00,\Device\HarddiskVolume3\Windows\System32\svchost.exe [netsvcsRedirectionGuard],,,LocalSystem,S-1-5-18,,4,1775,0,0,0,0,0,0,0,64003440000,28672,53248,588,321489212,0,2,13
4525,2026-07-16 04:32:00,\Device\HarddiskVolume3\Windows\System32\spoolsv.exe,,,LocalSystem,S-1-5-18,,4,329,0,0,0,0,0,0,0,5203440000,2771456,139264,960,311597757,0,183,34
4526,2026-07-16 04:32:00,\Device\HarddiskVolume3\Windows\System32\svchost.exe [osprivacy],,,LocalSystem,S-1-5-18,,4,346,0,0,0,0,0,0,0,36403440000,596992,32768,777,632457250,0,49,8
4527,2026-07-16 04:32:00,\Device\HarddiskVolume3\Windows\System32\svchost.exe [NetSvcs],,,LocalSystem,S-1-5-18,,4,331,0,0,0,0,0,0,0,36403440000,0,0,817,210333562,0,0,0
4528,2026-07-16 04:32:00,\Device\HarddiskVolume3\Windows\System32\svchost.exe [utcsvc],,,LocalSystem,S-1-5-18,,4,330,0,0,0,0,0,0,0,36403440000,18756096,9195520,12730,12797810117,29,521,421
4529,2026-07-16 04:32:00,\Device\HarddiskVolume3\Windows\System32\svchost.exe [wsappx],,,LocalSystem,S-1-5-18,,4,325,0,0,0,0,0,0,0,13003440000,1197056,69632,410,291012486,0,53,17
4530,2026-07-16 04:32:00,\Device\HarddiskVolume3\Windows\System32\OpenSSH\sshd.exe,,,LocalSystem,S-1-5-18,,4,1059,0,0,0,0,0,0,0,16603750000,32768,0,749,545843645,0,1,0
4531,2026-07-16 04:32:00,\Device\HarddiskVolume3\Windows\System32\OpenSSH\ssh-agent.exe,,,LocalSystem,S-1-5-18,,4,1057,0,0,0,0,0,0,0,4003290000,0,0,39,13373016,0,0,0
4532,2026-07-16 04:32:00,\Device\HarddiskVolume3\ProgramData\Microsoft\Windows Defender\Platform\4.18.26060.3008-0\MpDefenderCoreService.exe,,,LocalSystem,S-1-5-18,,4,1078,0,0,0,0,0,0,0,36403440000,7107072,225280,2046,2320847389,0,304,55
4533,2026-07-16 04:32:00,\Device\HarddiskVolume3\ProgramData\Microsoft\Windows Defender\Platform\4.18.26060.3008-0\MsMpEng.exe,,,LocalSystem,S-1-5-18,,4,1081,0,0,0,0,0,0,0,36403440000,827979776,377942016,1194061,926175499294,3,25178,6519
4534,2026-07-16 04:32:00,\Device\HarddiskVolume3\Windows\System32\AggregatorHost.exe,,,LocalSystem,S-1-5-18,,4,332,0,0,0,0,0,0,0,23203440000,3632128,184320,1068,9311071275,0,203,45
4535,2026-07-16 04:32:00,System Interrupts,,,LocalSystem,S-1-5-18,,4,28,0,0,0,0,0,0,0,36403440000,0,0,0,1476769828034,0,0,0
4536,2026-07-16 04:32:00,Registry,,,LocalSystem,S-1-5-18,,4,335,0,0,0,0,0,0,0,30000150000,0,10948608,1440,783862007,156,0,1187
4537,2026-07-16 04:32:00,\Device\HarddiskVolume3\Windows\System32\smss.exe,,,LocalSystem,S-1-5-18,,4,312,0,0,0,0,0,0,0,1800150000,0,0,3,15239246,0,0,0
4538,2026-07-16 04:32:00,\Device\HarddiskVolume3\Windows\System32\conhost.exe,,,LocalSystem,S-1-5-18,,4,349,0,0,0,0,0,0,0,1800000000,0,0,1640,263902019,0,0,0
4539,2026-07-16 04:32:00,\Device\HarddiskVolume3\Program Files (x86)\Microsoft\EdgeUpdate\MicrosoftEdgeUpdate.exe,,,LocalSystem,S-1-5-18,,4,342,0,0,0,0,0,0,0,6000000000,1626112,40960,587,289748915,0,96,10
4540,2026-07-16 04:32:00,\Device\HarddiskVolume3\Windows\System32\svchost.exe [InvSvcGroup],,,LocalSystem,S-1-5-18,,4,344,0,0,0,0,0,0,0,19800000000,266240,24576,217,256032017,0,13,6
4541,2026-07-16 04:32:00,\Device\HarddiskVolume3\Windows\System32\svchost.exe [wusvcs],,,LocalSystem,S-1-5-18,,4,337,0,0,0,0,0,0,0,3600000000,4022272,233472,2412,5003954517,0,244,51
4542,2026-07-16 04:32:00,\Device\HarddiskVolume3\Windows\UUS\amd64\MoUsoCoreWorker.exe,,,LocalSystem,S-1-5-18,,4,356,0,0,0,0,0,0,0,3600000000,6492160,5951488,11003,7554513670,387,327,1453
4543,2026-07-16 04:32:00,\Device\HarddiskVolume3\Windows\System32\svchost.exe [whesvc],,,LocalSystem,S-1-5-18,,4,1845,0,0,0,0,0,0,0,35400000000,902656,118784,43550,6400580681,0,43,29
4544,2026-07-16 04:32:00,\Device\HarddiskVolume3\Windows\System32\wbem\WmiPrvSE.exe,,,LocalSystem,S-1-5-18,,4,333,0,0,0,0,0,0,0,6000000000,467456,8192,2017,238995957,0,30,2
4545,2026-07-16 04:32:00,\Device\HarddiskVolume3\Windows\System32\SearchIndexer.exe,,,LocalSystem,S-1-5-18,,4,338,0,0,0,0,0,0,0,35400000000,5379584,663552,2785,1300476674,5,393,140
4546,2026-07-16 04:32:00,\Device\HarddiskVolume3\Windows\System32\SecurityHealthService.exe,,,LocalSystem,S-1-5-18,,4,354,0,0,0,0,0,0,0,34800000000,7097856,237568,3406,1301652237,0,199,35
4547,2026-07-16 04:32:00,\Device\HarddiskVolume3\Windows\System32\taskhostw.exe,,,LocalSystem,S-1-5-18,,4,348,0,0,0,0,0,0,0,600000000,4450304,315392,4044,6786624995,4,91,49
4548,2026-07-16 04:32:00,\Device\HarddiskVolume3\Windows\System32\svchost.exe [WbioSvcGroup],,,LocalSystem,S-1-5-18,,4,345,0,0,0,0,0,0,0,2400000000,1848832,69632,330,189486139,0,70,17
4549,2026-07-16 04:32:00,\Device\HarddiskVolume3\Windows\System32\wbem\WMIADAP.exe,,,LocalSystem,S-1-5-18,,4,355,0,0,0,0,0,0,0,600000000,76800,20480,2666,295215541,0,6,5
4550,2026-07-16 04:32:00,\Device\HarddiskVolume3\Windows\System32\VSSVC.exe,,,LocalSystem,S-1-5-18,,4,359,0,0,0,0,0,0,0,5400000000,282112,24576,1365,358165549,0,16,6
4551,2026-07-16 04:32:00,\Device\HarddiskVolume3\Windows\System32\svchost.exe [swprv],,,LocalSystem,S-1-5-18,,4,360,0,0,0,0,0,0,0,10800000000,132608,16384,598,308660018,0,2,4
4552,2026-07-16 04:32:00,\Device\HarddiskVolume3\Windows\System32\Defrag.exe,,,LocalSystem,S-1-5-18,,4,1061,0,0,0,0,0,0,0,600000000,7168,8192,555,89877240,0,1,2
4553,2026-07-16 04:32:00,\Device\HarddiskVolume3\Windows\System32\svchost.exe [defragsvc],,,LocalSystem,S-1-5-18,,4,1060,0,0,0,0,0,0,0,2400000000,330410496,958464,216125,84369460229,0,10938,234
4554,2026-07-16 04:32:00,\Device\HarddiskVolume3\ProgramData\Microsoft\Windows Defender\Platform\4.18.26060.3008-0\MpCmdRun.exe,,,LocalSystem,S-1-5-18,,4,1092,0,0,0,0,0,0,0,1200000000,12288,16384,934,423940203,0,1,4
4555,2026-07-16 04:32:00,\Device\HarddiskVolume3\Windows\UUS\amd64\wuaucltcore.exe,,,LocalSystem,S-1-5-18,,4,463,0,0,0,0,0,0,0,600000000,0,0,88,110139134,0,0,0
4556,2026-07-16 04:32:00,\Device\HarddiskVolume3\Windows\SoftwareDistribution\Download\Install\AM_Delta_Patch_1.455.163.0.exe,,,LocalSystem,S-1-5-18,,4,2470,0,0,0,0,0,0,0,600000000,81920,0,20,68576431,0,4,0
4557,2026-07-16 04:32:00,\Device\HarddiskVolume3\Windows\System32\MpSigStub.exe,,,LocalSystem,S-1-5-18,,4,1082,0,0,0,0,0,0,0,600000000,23542272,1597440,174,2691622072,4,60,48
4558,2026-07-16 04:32:00,\Device\HarddiskVolume3\Windows\System32\fontdrvhost.exe,,,UnknownOrUserSid,S-1-5-96-0-0,,1700,316,0,0,0,0,0,0,0,10003600000,131072,8192,202,27788824,0,4,2
4559,2026-07-16 04:32:00,\Device\HarddiskVolume3\Windows\System32\fontdrvhost.exe,,,UnknownOrUserSid,S-1-5-96-0-1,,1686,316,0,0,0,0,0,0,0,3403290000,0,0,19,6527604,0,0,0
4560,2026-07-16 04:32:00,\Device\HarddiskVolume3\Windows\System32\svchost.exe [RPCSS],,,NetworkService,S-1-5-20,,9,26,0,0,0,0,0,0,0,36403440000,252928,20480,28653,3841455921,0,21,5
4561,2026-07-16 04:32:00,\Device\HarddiskVolume3\Windows\System32\svchost.exe [netprofm],,,NetworkService,S-1-5-20,,9,362,0,0,0,0,0,0,0,36403440000,819200,16384,8925,1703356339,0,46,4
4562,2026-07-16 04:32:00,\Device\HarddiskVolume3\Windows\System32\svchost.exe [NetworkService],,,NetworkService,S-1-5-20,,9,363,0,0,0,0,0,0,0,166013600000,26756608,950272,19319,9183462131,15,540,137
4563,2026-07-16 04:32:00,\Device\HarddiskVolume3\Windows\System32\svchost.exe [NetworkServiceNetworkRestricted],,,NetworkService,S-1-5-20,,9,365,0,0,0,0,0,0,0,36403440000,20480,0,477,168841646,0,2,0
4564,2026-07-16 04:32:00,\Device\HarddiskVolume3\Windows\System32\wbem\WmiPrvSE.exe,,,NetworkService,S-1-5-20,,9,333,0,0,0,0,0,0,0,7200000000,2769408,180224,3752,1943080516,0,226,38
4565,2026-07-16 04:32:00,\Device\HarddiskVolume3\Windows\System32\sppsvc.exe,,,NetworkService,S-1-5-20,,9,361,0,0,0,0,0,0,0,1800000000,0,0,776,2061852033,0,0,0
4566,2026-07-16 04:32:00,\Device\HarddiskVolume3\Windows\System32\dwm.exe,,,UnknownOrUserSid,S-1-5-90-0-1,,13,33,0,0,0,0,0,0,0,36403440000,303104,0,20743,7430595302,0,16,0
4567,2026-07-16 04:32:00,\Device\HarddiskVolume3\Windows\System32\svchost.exe [LocalServiceNetworkRestricted],,,LocalService,S-1-5-19,,6,368,0,0,0,0,0,0,0,309227520000,8846848,7049728,15140,5137309690,169,345,818
4568,2026-07-16 04:32:00,\Device\HarddiskVolume3\Windows\System32\svchost.exe [LocalService],,,LocalService,S-1-5-19,,6,367,0,0,0,0,0,0,0,177610320000,3709952,118784,6915,1832330661,0,208,29
4569,2026-07-16 04:32:00,\Device\HarddiskVolume3\Windows\System32\svchost.exe [LocalServiceNoNetwork],,,LocalService,S-1-5-19,,6,366,0,0,0,0,0,0,0,72806880000,4551168,1679360,25153,7782693423,0,138,253
4570,2026-07-16 04:32:00,\Device\HarddiskVolume3\Windows\System32\svchost.exe [LocalServiceRedirectionGuard],,,LocalService,S-1-5-19,,6,1777,0,0,0,0,0,0,0,36403440000,0,0,1175,304146490,0,0,0
4571,2026-07-16 04:32:00,\Device\HarddiskVolume3\Windows\System32\svchost.exe [LocalServiceHttp],,,LocalService,S-1-5-19,,6,1778,0,0,0,0,0,0,0,36403440000,0,0,2006,859526592,0,0,0
4572,2026-07-16 04:32:00,\Device\HarddiskVolume3\Windows\System32\svchost.exe [LocalServiceNoNetworkFirewall],,,LocalService,S-1-5-19,,6,369,0,0,0,0,0,0,0,36403440000,586752,90112,3455,1734118015,0,82,22
4573,2026-07-16 04:32:00,\Device\HarddiskVolume3\Windows\System32\svchost.exe [WSAIFabricSvcGroup],,,LocalService,S-1-5-19,,6,1779,0,0,0,0,0,0,0,36403440000,0,0,187,103475566,0,0,0
4574,2026-07-16 04:32:00,\Device\HarddiskVolume3\ProgramData\Microsoft\Windows Defender\Platform\4.18.26060.3008-0\NisSrv.exe,,,LocalService,S-1-5-19,,6,1093,0,0,0,0,0,0,0,36403440000,1998848,28672,1435,601946562,0,110,7
4575,2026-07-16 04:32:00,\Device\HarddiskVolume3\Windows\System32\wbem\WmiPrvSE.exe,,,LocalService,S-1-5-19,,6,333,0,0,0,0,0,0,0,1800000000,0,20480,2896,1007601121,0,0,5
4576,2026-07-16 04:32:00,\Device\HarddiskVolume3\Windows\System32\svchost.exe [WuqiSvcGroup],,,LocalService,S-1-5-19,,6,1780,0,0,0,0,0,0,0,34800000000,126976,4096,251,182411935,0,6,1
4577,2026-07-16 04:32:00,\Device\HarddiskVolume3\Windows\System32\OpenSSH\sshd.exe,,,UnknownOrUserSid,S-1-5-21-2395961029-2893071609-3470587398-1000,,60,1059,0,0,0,0,0,0,0,6600150000,0,0,324,238128320,0,0,0
4578,2026-07-16 04:32:00,\Device\HarddiskVolume3\Windows\System32\cmd.exe,,,UnknownOrUserSid,S-1-5-21-2395961029-2893071609-3470587398-1000,,60,514,0,0,0,0,0,0,0,4200150000,4096,4096,97,120678113,0,1,1
4579,2026-07-16 04:32:00,\Device\HarddiskVolume3\Windows\System32\conhost.exe,,,UnknownOrUserSid,S-1-5-21-2395961029-2893071609-3470587398-1000,,60,349,0,0,0,0,0,0,0,6600150000,12288,0,17967,2413670474,0,2,0
4580,2026-07-16 04:32:00,\Device\HarddiskVolume3\dfir\tools\git\bin\bash.exe,,,UnknownOrUserSid,S-1-5-21-2395961029-2893071609-3470587398-1000,,60,1108,0,0,0,0,0,0,0,4200150000,235008,4096,110,112565643,0,12,1
4581,2026-07-16 04:32:00,\Device\HarddiskVolume3\dfir\tools\git\usr\bin\bash.exe,,,UnknownOrUserSid,S-1-5-21-2395961029-2893071609-3470587398-1000,,60,1099,0,0,0,0,0,0,0,31800750000,3649024,528384,7751,3924780972,0,186,129
4582,2026-07-16 04:32:00,\Device\HarddiskVolume3\dfir\tools\git\usr\bin\timeout.exe,,,UnknownOrUserSid,S-1-5-21-2395961029-2893071609-3470587398-1000,,60,1112,0,0,0,0,0,0,0,6600150000,0,0,377,248245430,0,0,0
4583,2026-07-16 04:32:00,\Device\HarddiskVolume3\dfir\tools\hayabusa\hayabusa.exe,,,UnknownOrUserSid,S-1-5-21-2395961029-2893071609-3470587398-1000,,60,526,0,0,0,0,0,0,0,1800310000,10462720,8159232,11743,62811457989,0,1059,1498
4584,2026-07-16 04:32:00,\Device\HarddiskVolume3\dfir\tools\EZ\net9\EvtxeCmd\EvtxECmd.exe,,,UnknownOrUserSid,S-1-5-21-2395961029-2893071609-3470587398-1000,,60,517,0,0,0,0,0,0,0,2399840000,0,40960,851,3747754045,0,0,10
4585,2026-07-16 04:32:00,\Device\HarddiskVolume3\dfir\Python\Scripts\vol.exe,,,UnknownOrUserSid,S-1-5-21-2395961029-2893071609-3470587398-1000,,60,1329,0,0,0,0,0,0,0,1800000000,0,0,32,50611424,0,0,0
4586,2026-07-16 04:32:00,\Device\HarddiskVolume3\dfir\Python\python.exe,,,UnknownOrUserSid,S-1-5-21-2395961029-2893071609-3470587398-1000,,60,392,0,0,0,0,0,0,0,1800000000,4096,32768,2791,56391672459,0,1,7
4587,2026-07-16 04:32:00,\Device\HarddiskVolume3\dfir\tools\git\usr\bin\grep.exe,,,UnknownOrUserSid,S-1-5-21-2395961029-2893071609-3470587398-1000,,60,1114,0,0,0,0,0,0,0,2400000000,0,0,12121,832068251,0,0,0
4588,2026-07-16 04:32:00,\Device\HarddiskVolume3\dfir\tools\chainsaw\chainsaw.exe,,,UnknownOrUserSid,S-1-5-21-2395961029-2893071609-3470587398-1000,,60,1313,0,0,0,0,0,0,0,600000000,0,4096,6076,8264373997,0,0,1
4637,2026-07-16 05:33:00,System,,,LocalSystem,S-1-5-18,,4,29,0,0,0,0,0,0,0,35999850000,11484160,2508800,85872,32105864264,0,50,265
4638,2026-07-16 05:33:00,\Device\HarddiskVolume3\Windows\System32\csrss.exe,,,LocalSystem,S-1-5-18,,4,313,0,0,0,0,0,0,0,71999700000,0,16384,8666,1213743249,0,0,4
4639,2026-07-16 05:33:00,\Device\HarddiskVolume3\Windows\System32\wininit.exe,,,LocalSystem,S-1-5-18,,4,314,0,0,0,0,0,0,0,1800000000,0,0,4,31172286,0,0,0
4640,2026-07-16 05:33:00,\Device\HarddiskVolume3\Windows\System32\services.exe,,,LocalSystem,S-1-5-18,,4,31,0,0,0,0,0,0,0,35999850000,0,20480,2400,765067576,0,0,5
4641,2026-07-16 05:33:00,\Device\HarddiskVolume3\Windows\System32\lsass.exe,,,LocalSystem,S-1-5-18,,4,315,0,0,0,0,0,0,0,35999850000,0,561152,3606,1560802147,36,0,74
4642,2026-07-16 05:33:00,\Device\HarddiskVolume3\Windows\System32\svchost.exe [DcomLaunch],,,LocalSystem,S-1-5-18,,4,30,0,0,0,0,0,0,0,71999700000,0,0,5298,1653670486,0,0,0
4643,2026-07-16 05:33:00,\Device\HarddiskVolume3\Windows\System32\LogonUI.exe,,,LocalSystem,S-1-5-18,,4,523,0,0,0,0,0,0,0,35999850000,0,16384,1370,3867498997,0,0,4
4644,2026-07-16 05:33:00,\Device\HarddiskVolume3\Windows\System32\svchost.exe [LocalSystemNetworkRestricted],,,LocalSystem,S-1-5-18,,4,323,0,0,0,0,0,0,0,223198950000,0,909312,1126,37266974868,0,0,167
4645,2026-07-16 05:33:00,\Device\HarddiskVolume3\Windows\System32\svchost.exe [appmodel],,,LocalSystem,S-1-5-18,,4,326,0,0,0,0,0,0,0,35999850000,0,0,214,311807291,0,0,0
4646,2026-07-16 05:33:00,\Device\HarddiskVolume3\Windows\System32\svchost.exe [netsvcs],,,LocalSystem,S-1-5-18,,4,317,0,0,0,0,0,0,0,406798200000,0,528384,4583,4142949796,6,0,57
4647,2026-07-16 05:33:00,\Device\HarddiskVolume3\Windows\System32\svchost.exe [UserProfileService],,,LocalSystem,S-1-5-18,,4,318,0,0,0,0,0,0,0,35999850000,0,57344,272,203657393,0,0,14
4648,2026-07-16 05:33:00,\Device\HarddiskVolume3\Windows\System32\svchost.exe [netsvcsRedirectionGuard],,,LocalSystem,S-1-5-18,,4,1775,0,0,0,0,0,0,0,68399700000,0,0,192,176047618,0,0,0
4649,2026-07-16 05:33:00,\Device\HarddiskVolume3\Windows\System32\svchost.exe [osprivacy],,,LocalSystem,S-1-5-18,,4,346,0,0,0,0,0,0,0,35999850000,0,0,140,135434861,0,0,0
4650,2026-07-16 05:33:00,\Device\HarddiskVolume3\Windows\System32\svchost.exe [NetSvcs],,,LocalSystem,S-1-5-18,,4,331,0,0,0,0,0,0,0,35999850000,0,0,180,125443540,0,0,0
4651,2026-07-16 05:33:00,\Device\HarddiskVolume3\Windows\System32\svchost.exe [utcsvc],,,LocalSystem,S-1-5-18,,4,330,0,0,0,0,0,0,0,35999850000,12288,319488,1074,2964856991,8,3,77
4652,2026-07-16 05:33:00,\Device\HarddiskVolume3\Windows\System32\OpenSSH\sshd.exe,,,LocalSystem,S-1-5-18,,4,1059,0,0,0,0,0,0,0,1800000000,0,8192,36,76728844,0,0,2
4653,2026-07-16 05:33:00,\Device\HarddiskVolume3\ProgramData\Microsoft\Windows Defender\Platform\4.18.26060.3008-0\MpDefenderCoreService.exe,,,LocalSystem,S-1-5-18,,4,1078,0,0,0,0,0,0,0,35999850000,133120,69632,559,1578431093,0,2,17
4654,2026-07-16 05:33:00,\Device\HarddiskVolume3\ProgramData\Microsoft\Windows Defender\Platform\4.18.26060.3008-0\MsMpEng.exe,,,LocalSystem,S-1-5-18,,4,1081,0,0,0,0,0,0,0,35999850000,3697664,40960,18234,15168235680,0,33,10
4655,2026-07-16 05:33:00,\Device\HarddiskVolume3\Windows\System32\AggregatorHost.exe,,,LocalSystem,S-1-5-18,,4,332,0,0,0,0,0,0,0,20999850000,0,102400,168,766019241,0,0,25
4656,2026-07-16 05:33:00,System Interrupts,,,LocalSystem,S-1-5-18,,4,28,0,0,0,0,0,0,0,35999850000,0,0,0,1631147289453,0,0,0
4657,2026-07-16 05:33:00,Registry,,,LocalSystem,S-1-5-18,,4,335,0,0,0,0,0,0,0,27599700000,0,2834432,425,705226944,83,0,333
4658,2026-07-16 05:33:00,\Device\HarddiskVolume3\Windows\System32\smss.exe,,,LocalSystem,S-1-5-18,,4,312,0,0,0,0,0,0,0,599850000,0,0,1,27957014,0,0,0
4659,2026-07-16 05:33:00,\Device\HarddiskVolume3\Program Files (x86)\Microsoft\EdgeUpdate\MicrosoftEdgeUpdate.exe,,,LocalSystem,S-1-5-18,,4,342,0,0,0,0,0,0,0,3000000000,0,20480,81,411631351,0,0,5
4660,2026-07-16 05:33:00,\Device\HarddiskVolume3\Windows\System32\svchost.exe [InvSvcGroup],,,LocalSystem,S-1-5-18,,4,344,0,0,0,0,0,0,0,13200000000,0,24576,63,427498858,0,0,6
4661,2026-07-16 05:33:00,\Device\HarddiskVolume3\Windows\System32\svchost.exe [wusvcs],,,LocalSystem,S-1-5-18,,4,337,0,0,0,0,0,0,0,600000000,0,372736,431,1471784056,0,0,90
4662,2026-07-16 05:33:00,\Device\HarddiskVolume3\Windows\UUS\amd64\MoUsoCoreWorker.exe,,,LocalSystem,S-1-5-18,,4,356,0,0,0,0,0,0,0,600000000,0,610304,1205,1298869735,27,0,149
4663,2026-07-16 05:33:00,\Device\HarddiskVolume3\Windows\System32\svchost.exe [whesvc],,,LocalSystem,S-1-5-18,,4,1845,0,0,0,0,0,0,0,35999850000,0,139264,4418,1436800470,0,0,34
4664,2026-07-16 05:33:00,\Device\HarddiskVolume3\Windows\System32\SearchIndexer.exe,,,LocalSystem,S-1-5-18,,4,338,0,0,0,0,0,0,0,35999850000,0,0,347,391366313,0,0,0
4665,2026-07-16 05:33:00,\Device\HarddiskVolume3\Windows\System32\SecurityHealthService.exe,,,LocalSystem,S-1-5-18,,4,354,0,0,0,0,0,0,0,35999850000,0,0,132,223325337,0,0,0
4666,2026-07-16 05:33:00,\Device\HarddiskVolume3\Windows\System32\fontdrvhost.exe,,,UnknownOrUserSid,S-1-5-96-0-0,,1700,316,0,0,0,0,0,0,0,1800000000,0,0,30,4713579,0,0,0
4667,2026-07-16 05:33:00,\Device\HarddiskVolume3\Windows\System32\svchost.exe [RPCSS],,,NetworkService,S-1-5-20,,9,26,0,0,0,0,0,0,0,35999850000,0,0,2879,1143358659,0,0,0
4668,2026-07-16 05:33:00,\Device\HarddiskVolume3\Windows\System32\svchost.exe [netprofm],,,NetworkService,S-1-5-20,,9,362,0,0,0,0,0,0,0,35999850000,0,0,1928,882566839,0,0,0
4669,2026-07-16 05:33:00,\Device\HarddiskVolume3\Windows\System32\svchost.exe [NetworkService],,,NetworkService,S-1-5-20,,9,363,0,0,0,0,0,0,0,156599250000,131072,45056,9175,5332825939,0,2,11
4670,2026-07-16 05:33:00,\Device\HarddiskVolume3\Windows\System32\svchost.exe [NetworkServiceNetworkRestricted],,,NetworkService,S-1-5-20,,9,365,0,0,0,0,0,0,0,35999850000,0,0,138,114643522,0,0,0
4671,2026-07-16 05:33:00,\Device\HarddiskVolume3\Windows\System32\sppsvc.exe,,,NetworkService,S-1-5-20,,9,361,0,0,0,0,0,0,0,600000000,0,0,163,632013670,0,0,0
4672,2026-07-16 05:33:00,\Device\HarddiskVolume3\Windows\System32\dwm.exe,,,UnknownOrUserSid,S-1-5-90-0-1,,13,33,0,0,0,0,0,0,0,35999850000,0,0,19441,8155841536,0,0,0
4673,2026-07-16 05:33:00,\Device\HarddiskVolume3\Windows\System32\svchost.exe [LocalServiceNetworkRestricted],,,LocalService,S-1-5-19,,6,368,0,0,0,0,0,0,0,298798650000,331776,1565696,3343,3027080796,24,5,268
4674,2026-07-16 05:33:00,\Device\HarddiskVolume3\Windows\System32\svchost.exe [LocalService],,,LocalService,S-1-5-19,,6,367,0,0,0,0,0,0,0,176399250000,0,0,1068,1212559198,0,0,0
4675,2026-07-16 05:33:00,\Device\HarddiskVolume3\Windows\System32\svchost.exe [LocalServiceNoNetwork],,,LocalService,S-1-5-19,,6,366,0,0,0,0,0,0,0,71999700000,1011712,2158592,22060,8804617543,0,19,499
4676,2026-07-16 05:33:00,\Device\HarddiskVolume3\Windows\System32\svchost.exe [LocalServiceRedirectionGuard],,,LocalService,S-1-5-19,,6,1777,0,0,0,0,0,0,0,35999850000,0,0,168,103297923,0,0,0
4677,2026-07-16 05:33:00,\Device\HarddiskVolume3\Windows\System32\svchost.exe [LocalServiceHttp],,,LocalService,S-1-5-19,,6,1778,0,0,0,0,0,0,0,35999850000,0,0,733,761171134,0,0,0
4678,2026-07-16 05:33:00,\Device\HarddiskVolume3\Windows\System32\svchost.exe [LocalServiceNoNetworkFirewall],,,LocalService,S-1-5-19,,6,369,0,0,0,0,0,0,0,35999850000,0,0,411,484072337,0,0,0
4679,2026-07-16 05:33:00,\Device\HarddiskVolume3\Windows\System32\svchost.exe [WSAIFabricSvcGroup],,,LocalService,S-1-5-19,,6,1779,0,0,0,0,0,0,0,35999850000,0,0,138,138942350,0,0,0
4680,2026-07-16 05:33:00,\Device\HarddiskVolume3\ProgramData\Microsoft\Windows Defender\Platform\4.18.26060.3008-0\NisSrv.exe,,,LocalService,S-1-5-19,,6,1093,0,0,0,0,0,0,0,35999850000,0,0,549,294331454,0,0,0
4681,2026-07-16 05:33:00,\Device\HarddiskVolume3\Windows\System32\svchost.exe [WuqiSvcGroup],,,LocalService,S-1-5-19,,6,1780,0,0,0,0,0,0,0,35999850000,0,0,136,116409883,0,0,0
4699,2026-07-16 11:32:00,System,,,LocalSystem,S-1-5-18,,4,29,0,0,0,0,0,0,0,35995930000,7173120,7352832,401470,84483483040,3,218,859
4700,2026-07-16 11:32:00,\Device\HarddiskVolume3\Windows\System32\csrss.exe,,,LocalSystem,S-1-5-18,,4,313,0,0,0,0,0,0,0,71991860000,0,0,21465,2947849048,0,0,0
4701,2026-07-16 11:32:00,\Device\HarddiskVolume3\Windows\System32\wininit.exe,,,LocalSystem,S-1-5-18,,4,314,0,0,0,0,0,0,0,4195940000,0,0,27,70751366,0,0,0
4702,2026-07-16 11:32:00,\Device\HarddiskVolume3\Windows\System32\winlogon.exe,,,LocalSystem,S-1-5-18,,4,32,0,0,0,0,0,0,0,2395940000,0,0,33,49724562,0,0,0
4703,2026-07-16 11:32:00,\Device\HarddiskVolume3\Windows\System32\services.exe,,,LocalSystem,S-1-5-18,,4,31,0,0,0,0,0,0,0,35995930000,0,45056,17656,1994810733,0,0,11
4704,2026-07-16 11:32:00,\Device\HarddiskVolume3\Windows\System32\lsass.exe,,,LocalSystem,S-1-5-18,,4,315,0,0,0,0,0,0,0,35995930000,0,135168,11545,3119506126,8,0,22
4705,2026-07-16 11:32:00,\Device\HarddiskVolume3\Windows\System32\svchost.exe [DcomLaunch],,,LocalSystem,S-1-5-18,,4,30,0,0,0,0,0,0,0,73187640000,28672,24576,8089,2130778526,0,4,6
4706,2026-07-16 11:32:00,\Device\HarddiskVolume3\Windows\System32\LogonUI.exe,,,LocalSystem,S-1-5-18,,4,523,0,0,0,0,0,0,0,35995930000,0,0,1505,3746212632,0,0,0
4707,2026-07-16 11:32:00,\Device\HarddiskVolume3\Windows\System32\svchost.exe [GPSvcGroup],,,LocalSystem,S-1-5-18,,4,357,0,0,0,0,0,0,0,4195940000,0,28672,165,278895631,0,0,7
4708,2026-07-16 11:32:00,\Device\HarddiskVolume3\Windows\System32\svchost.exe [LocalSystemNetworkRestricted],,,LocalSystem,S-1-5-18,,4,323,0,0,0,0,0,0,0,219571370000,0,2457600,2277,17825055113,0,0,303
4709,2026-07-16 11:32:00,\Device\HarddiskVolume3\Windows\System32\svchost.exe [appmodel],,,LocalSystem,S-1-5-18,,4,326,0,0,0,0,0,0,0,35995930000,0,77824,337,543496670,2,0,19
4710,2026-07-16 11:32:00,\Device\HarddiskVolume3\Windows\System32\svchost.exe [netsvcs],,,LocalSystem,S-1-5-18,,4,317,0,0,0,0,0,0,0,415134290000,58343424,130454016,35344,31665134167,31,1636,8520
4711,2026-07-16 11:32:00,\Device\HarddiskVolume3\Windows\System32\svchost.exe [UserProfileService],,,LocalSystem,S-1-5-18,,4,318,0,0,0,0,0,0,0,35995930000,0,16384,179,290929759,0,0,4
4712,2026-07-16 11:32:00,\Device\HarddiskVolume3\Windows\System32\svchost.exe [netsvcsRedirectionGuard],,,LocalSystem,S-1-5-18,,4,1775,0,0,0,0,0,0,0,67192030000,0,0,214,217806890,0,0,0
4713,2026-07-16 11:32:00,\Device\HarddiskVolume3\Windows\System32\spoolsv.exe,,,LocalSystem,S-1-5-18,,4,329,0,0,0,0,0,0,0,2996100000,0,0,57,103626953,0,0,0
4714,2026-07-16 11:32:00,\Device\HarddiskVolume3\Windows\System32\svchost.exe [osprivacy],,,LocalSystem,S-1-5-18,,4,346,0,0,0,0,0,0,0,35995930000,0,0,175,184054259,0,0,0
4715,2026-07-16 11:32:00,\Device\HarddiskVolume3\Windows\System32\svchost.exe [NetSvcs],,,LocalSystem,S-1-5-18,,4,331,0,0,0,0,0,0,0,35995930000,0,0,188,137053353,0,0,0
4716,2026-07-16 11:32:00,\Device\HarddiskVolume3\Windows\System32\svchost.exe [utcsvc],,,LocalSystem,S-1-5-18,,4,330,0,0,0,0,0,0,0,35995930000,0,6320128,4879,7679082949,18,0,435
4717,2026-07-16 11:32:00,\Device\HarddiskVolume3\Windows\System32\svchost.exe [wsappx],,,LocalSystem,S-1-5-18,,4,325,0,0,0,0,0,0,0,8395780000,0,102400,635,720701328,0,0,25
4718,2026-07-16 11:32:00,\Device\HarddiskVolume3\Windows\System32\OpenSSH\sshd.exe,,,LocalSystem,S-1-5-18,,4,1059,0,0,0,0,0,0,0,4195940000,0,65536,195,445128198,0,0,16
4719,2026-07-16 11:32:00,\Device\HarddiskVolume3\Windows\System32\OpenSSH\ssh-agent.exe,,,LocalSystem,S-1-5-18,,4,1057,0,0,0,0,0,0,0,1795940000,0,0,6,8912075,0,0,0
4720,2026-07-16 11:32:00,\Device\HarddiskVolume3\ProgramData\Microsoft\Windows Defender\Platform\4.18.26060.3008-0\MpDefenderCoreService.exe,,,LocalSystem,S-1-5-18,,4,1078,0,0,0,0,0,0,0,35995930000,0,98304,633,1250237018,0,0,24
4721,2026-07-16 11:32:00,\Device\HarddiskVolume3\ProgramData\Microsoft\Windows Defender\Platform\4.18.26060.3008-0\MsMpEng.exe,,,LocalSystem,S-1-5-18,,4,1081,0,0,0,0,0,0,0,35995930000,30878208,362004480,388329,193488695093,1,148,4103
4722,2026-07-16 11:32:00,\Device\HarddiskVolume3\Windows\System32\AggregatorHost.exe,,,LocalSystem,S-1-5-18,,4,332,0,0,0,0,0,0,0,18000150000,16384,73728,292,689356298,0,1,18
4723,2026-07-16 11:32:00,System Interrupts,,,LocalSystem,S-1-5-18,,4,28,0,0,0,0,0,0,0,35995930000,0,0,0,1600162117023,0,0,0
4724,2026-07-16 11:32:00,Registry,,,LocalSystem,S-1-5-18,,4,335,0,0,0,0,0,0,0,27596090000,0,5222400,747,800926440,92,0,619
4725,2026-07-16 11:32:00,\Device\HarddiskVolume3\Windows\System32\smss.exe,,,LocalSystem,S-1-5-18,,4,312,0,0,0,0,0,0,0,600000000,0,0,1,33388915,0,0,0
4726,2026-07-16 11:32:00,\Device\HarddiskVolume3\Program Files (x86)\Microsoft\EdgeUpdate\MicrosoftEdgeUpdate.exe,,,LocalSystem,S-1-5-18,,4,342,0,0,0,0,0,0,0,4195780000,0,16384,118,189624569,0,0,4
4727,2026-07-16 11:32:00,\Device\HarddiskVolume3\Windows\System32\svchost.exe [InvSvcGroup],,,LocalSystem,S-1-5-18,,4,344,0,0,0,0,0,0,0,16195780000,315392,61440,196,480133512,0,13,15
4728,2026-07-16 11:32:00,\Device\HarddiskVolume3\Windows\System32\svchost.exe [wusvcs],,,LocalSystem,S-1-5-18,,4,337,0,0,0,0,0,0,0,1800000000,24576,507904,1452,3717243639,0,1,122
4729,2026-07-16 11:32:00,\Device\HarddiskVolume3\Windows\UUS\amd64\MoUsoCoreWorker.exe,,,LocalSystem,S-1-5-18,,4,356,0,0,0,0,0,0,0,1800000000,294912,8663040,14497,11443110474,553,20,2087
4730,2026-07-16 11:32:00,\Device\HarddiskVolume3\Windows\System32\svchost.exe [whesvc],,,LocalSystem,S-1-5-18,,4,1845,0,0,0,0,0,0,0,35995930000,0,245760,17278,3133584045,0,0,60
4731,2026-07-16 11:32:00,\Device\HarddiskVolume3\Windows\System32\SearchIndexer.exe,,,LocalSystem,S-1-5-18,,4,338,0,0,0,0,0,0,0,35995930000,0,8192,831,551883151,0,0,2
4732,2026-07-16 11:32:00,\Device\HarddiskVolume3\Windows\System32\SecurityHealthService.exe,,,LocalSystem,S-1-5-18,,4,354,0,0,0,0,0,0,0,35995930000,0,0,218,272376437,0,0,0
4733,2026-07-16 11:32:00,\Device\HarddiskVolume3\Windows\System32\VSSVC.exe,,,LocalSystem,S-1-5-18,,4,359,0,0,0,0,0,0,0,1800000000,0,36864,442,131679951,0,0,9
4734,2026-07-16 11:32:00,\Device\HarddiskVolume3\Windows\System32\svchost.exe [swprv],,,LocalSystem,S-1-5-18,,4,360,0,0,0,0,0,0,0,3600000000,0,45056,210,106924909,0,0,11
4735,2026-07-16 11:32:00,\Device\HarddiskVolume3\Windows\servicing\TrustedInstaller.exe,,,LocalSystem,S-1-5-18,,4,327,0,0,0,0,0,0,0,1195780000,262540,45056,337,110023141,0,20,11
4736,2026-07-16 11:32:00,\Device\HarddiskVolume3\Windows\WinSxS\amd64_microsoft-windows-servicingstack_31bf3856ad364e35_10.0.26100.8872_none_a4fce299776b787f\TiWorker.exe,,,LocalSystem,S-1-5-18,,4,2011,0,0,0,0,0,0,0,1195780000,233472,86016,406,644201620,0,11,21
4737,2026-07-16 11:32:00,\Device\HarddiskVolume3\Windows\System32\fontdrvhost.exe,,,UnknownOrUserSid,S-1-5-96-0-0,,1700,316,0,0,0,0,0,0,0,1795780000,0,0,15,24120836,0,0,0
4738,2026-07-16 11:32:00,\Device\HarddiskVolume3\Windows\System32\fontdrvhost.exe,,,UnknownOrUserSid,S-1-5-96-0-1,,1686,316,0,0,0,0,0,0,0,1195780000,0,0,5,7830039,0,0,0
4739,2026-07-16 11:32:00,\Device\HarddiskVolume3\Windows\System32\svchost.exe [RPCSS],,,NetworkService,S-1-5-20,,9,26,0,0,0,0,0,0,0,35995930000,73728,12288,12552,2387868815,0,4,3
4740,2026-07-16 11:32:00,\Device\HarddiskVolume3\Windows\System32\svchost.exe [netprofm],,,NetworkService,S-1-5-20,,9,362,0,0,0,0,0,0,0,35995930000,0,0,7526,1773145229,0,0,0
4741,2026-07-16 11:32:00,\Device\HarddiskVolume3\Windows\System32\svchost.exe [NetworkService],,,NetworkService,S-1-5-20,,9,363,0,0,0,0,0,0,0,157179660000,465920,66338816,15860,8305604625,0,13,346
4742,2026-07-16 11:32:00,\Device\HarddiskVolume3\Windows\System32\svchost.exe [NetworkServiceNetworkRestricted],,,NetworkService,S-1-5-20,,9,365,0,0,0,0,0,0,0,35995930000,0,0,153,160388588,0,0,0
4743,2026-07-16 11:32:00,\Device\HarddiskVolume3\Windows\System32\wbem\WmiPrvSE.exe,,,NetworkService,S-1-5-20,,9,333,0,0,0,0,0,0,0,2400000000,28672,282624,5355,2027251456,0,1,69
4744,2026-07-16 11:32:00,\Device\HarddiskVolume3\Windows\System32\sppsvc.exe,,,NetworkService,S-1-5-20,,9,361,0,0,0,0,0,0,0,1795780000,0,307200,759,2598233511,0,0,32
4745,2026-07-16 11:32:00,\Device\HarddiskVolume3\Windows\System32\dwm.exe,,,UnknownOrUserSid,S-1-5-90-0-1,,13,33,0,0,0,0,0,0,0,35995930000,0,0,19537,7655503590,0,0,0
4746,2026-07-16 11:32:00,\Device\HarddiskVolume3\Windows\System32\svchost.exe [LocalServiceNetworkRestricted],,,LocalService,S-1-5-19,,6,368,0,0,0,0,0,0,0,296963380000,1458176,3101184,7174,4811935300,78,29,540
4747,2026-07-16 11:32:00,\Device\HarddiskVolume3\Windows\System32\svchost.exe [LocalService],,,LocalService,S-1-5-19,,6,367,0,0,0,0,0,0,0,177579810000,0,0,3299,1310437169,0,0,0
4748,2026-07-16 11:32:00,\Device\HarddiskVolume3\Windows\System32\svchost.exe [LocalServiceNoNetwork],,,LocalService,S-1-5-19,,6,366,0,0,0,0,0,0,0,71991860000,65536,970752,21521,7057207069,0,1,230
4749,2026-07-16 11:32:00,\Device\HarddiskVolume3\Windows\System32\svchost.exe [LocalServiceRedirectionGuard],,,LocalService,S-1-5-19,,6,1777,0,0,0,0,0,0,0,35995930000,0,0,473,194737257,0,0,0
4750,2026-07-16 11:32:00,\Device\HarddiskVolume3\Windows\System32\svchost.exe [LocalServiceHttp],,,LocalService,S-1-5-19,,6,1778,0,0,0,0,0,0,0,35995930000,0,0,1438,713606089,0,0,0
4751,2026-07-16 11:32:00,\Device\HarddiskVolume3\Windows\System32\svchost.exe [LocalServiceNoNetworkFirewall],,,LocalService,S-1-5-19,,6,369,0,0,0,0,0,0,0,35995930000,0,0,636,628001579,0,0,0
4752,2026-07-16 11:32:00,\Device\HarddiskVolume3\Windows\System32\svchost.exe [WSAIFabricSvcGroup],,,LocalService,S-1-5-19,,6,1779,0,0,0,0,0,0,0,35995930000,0,0,149,145849796,0,0,0
4753,2026-07-16 11:32:00,\Device\HarddiskVolume3\ProgramData\Microsoft\Windows Defender\Platform\4.18.26060.3008-0\NisSrv.exe,,,LocalService,S-1-5-19,,6,1093,0,0,0,0,0,0,0,35995930000,0,0,890,600493770,0,0,0
4754,2026-07-16 11:32:00,\Device\HarddiskVolume3\Windows\System32\wbem\WmiPrvSE.exe,,,LocalService,S-1-5-19,,6,333,0,0,0,0,0,0,0,1795780000,0,32768,3061,1039375411,0,0,8
4755,2026-07-16 11:32:00,\Device\HarddiskVolume3\Windows\System32\svchost.exe [WuqiSvcGroup],,,LocalService,S-1-5-19,,6,1780,0,0,0,0,0,0,0,35995930000,0,0,149,126366504,0,0,0
4756,2026-07-16 11:32:00,\Device\HarddiskVolume3\Windows\System32\OpenSSH\sshd.exe,,,UnknownOrUserSid,S-1-5-21-2395961029-2893071609-3470587398-1000,,60,1059,0,0,0,0,0,0,0,1800000000,0,8192,100,143800647,0,0,2
4757,2026-07-16 11:32:00,\Device\HarddiskVolume3\Windows\System32\cmd.exe,,,UnknownOrUserSid,S-1-5-21-2395961029-2893071609-3470587398-1000,,60,514,0,0,0,0,0,0,0,1200000000,0,36864,23,183735745,0,0,9
4758,2026-07-16 11:32:00,\Device\HarddiskVolume3\Windows\System32\conhost.exe,,,UnknownOrUserSid,S-1-5-21-2395961029-2893071609-3470587398-1000,,60,349,0,0,0,0,0,0,0,1800000000,0,24576,5540,977911447,0,0,6
4759,2026-07-16 11:32:00,\Device\HarddiskVolume3\dfir\tools\git\bin\bash.exe,,,UnknownOrUserSid,S-1-5-21-2395961029-2893071609-3470587398-1000,,60,1108,0,0,0,0,0,0,0,1200000000,0,20480,24,154369420,0,0,5
4760,2026-07-16 11:32:00,\Device\HarddiskVolume3\dfir\tools\git\usr\bin\bash.exe,,,UnknownOrUserSid,S-1-5-21-2395961029-2893071609-3470587398-1000,,60,1099,0,0,0,0,0,0,0,8400000000,16384,303104,2666,1939397442,0,1,74
4761,2026-07-16 11:32:00,\Device\HarddiskVolume3\dfir\tools\git\usr\bin\timeout.exe,,,UnknownOrUserSid,S-1-5-21-2395961029-2893071609-3470587398-1000,,60,1112,0,0,0,0,0,0,0,1800000000,0,0,113,79473167,0,0,0
4762,2026-07-16 11:32:00,\Device\HarddiskVolume3\dfir\Python\Scripts\vol.exe,,,UnknownOrUserSid,S-1-5-21-2395961029-2893071609-3470587398-1000,,60,1329,0,0,0,0,0,0,0,600000000,0,0,10,15264825,0,0,0
4763,2026-07-16 11:32:00,\Device\HarddiskVolume3\dfir\Python\python.exe,,,UnknownOrUserSid,S-1-5-21-2395961029-2893071609-3470587398-1000,,60,392,0,0,0,0,0,0,0,600000000,0,16384,923,20757853017,0,0,4
4764,2026-07-16 11:32:00,\Device\HarddiskVolume3\dfir\tools\chainsaw\chainsaw.exe,,,UnknownOrUserSid,S-1-5-21-2395961029-2893071609-3470587398-1000,,60,1313,0,0,0,0,0,0,0,600000000,0,4096,23,1349628676,0,0,1
4765,2026-07-16 11:32:00,\Device\HarddiskVolume3\dfir\tools\EZ\net9\AppCompatCacheParser.exe,,,UnknownOrUserSid,S-1-5-21-2395961029-2893071609-3470587398-1000,,60,1118,0,0,0,0,0,0,0,600000000,0,8192,32,91545156,0,0,2
4825,2026-07-16 12:34:00,System,,,LocalSystem,S-1-5-18,,4,29,0,0,0,0,0,0,0,36600000000,348160,3348480,90018,34031474492,1,20,348
4826,2026-07-16 12:34:00,\Device\HarddiskVolume3\Windows\System32\csrss.exe,,,LocalSystem,S-1-5-18,,4,313,0,0,0,0,0,0,0,73200000000,4096,16384,7929,1055470920,0,1,4
4827,2026-07-16 12:34:00,\Device\HarddiskVolume3\Windows\System32\wininit.exe,,,LocalSystem,S-1-5-18,,4,314,0,0,0,0,0,0,0,1800000000,0,0,4,99643950,0,0,0
4828,2026-07-16 12:34:00,\Device\HarddiskVolume3\Windows\System32\services.exe,,,LocalSystem,S-1-5-18,,4,31,0,0,0,0,0,0,0,36600000000,0,16384,3009,923701360,0,0,4
4829,2026-07-16 12:34:00,\Device\HarddiskVolume3\Windows\System32\lsass.exe,,,LocalSystem,S-1-5-18,,4,315,0,0,0,0,0,0,0,36600000000,0,0,3167,1500422251,0,0,0
4830,2026-07-16 12:34:00,\Device\HarddiskVolume3\Windows\System32\svchost.exe [DcomLaunch],,,LocalSystem,S-1-5-18,,4,30,0,0,0,0,0,0,0,73200000000,0,0,5739,1714592094,0,0,0
4831,2026-07-16 12:34:00,\Device\HarddiskVolume3\Windows\System32\LogonUI.exe,,,LocalSystem,S-1-5-18,,4,523,0,0,0,0,0,0,0,36600000000,0,16384,1387,3947292792,0,0,4
4832,2026-07-16 12:34:00,\Device\HarddiskVolume3\Windows\System32\svchost.exe [LocalSystemNetworkRestricted],,,LocalSystem,S-1-5-18,,4,323,0,0,0,0,0,0,0,224400000000,0,442368,2687,19674111679,0,0,67
4833,2026-07-16 12:34:00,\Device\HarddiskVolume3\Windows\System32\svchost.exe [appmodel],,,LocalSystem,S-1-5-18,,4,326,0,0,0,0,0,0,0,36600000000,0,53248,245,378157980,0,0,13
4834,2026-07-16 12:34:00,\Device\HarddiskVolume3\Windows\System32\svchost.exe [netsvcs],,,LocalSystem,S-1-5-18,,4,317,0,0,0,0,0,0,0,414000000000,40960,880640,6958,5771275155,8,5,54
4835,2026-07-16 12:34:00,\Device\HarddiskVolume3\Windows\System32\svchost.exe [UserProfileService],,,LocalSystem,S-1-5-18,,4,318,0,0,0,0,0,0,0,36600000000,0,0,141,133752235,0,0,0
4836,2026-07-16 12:34:00,\Device\HarddiskVolume3\Windows\System32\svchost.exe [netsvcsRedirectionGuard],,,LocalSystem,S-1-5-18,,4,1775,0,0,0,0,0,0,0,66600000000,0,0,194,160904376,0,0,0
4837,2026-07-16 12:34:00,\Device\HarddiskVolume3\Windows\System32\spoolsv.exe,,,LocalSystem,S-1-5-18,,4,329,0,0,0,0,0,0,0,1200000000,8192,0,487,121524319,0,1,0
4838,2026-07-16 12:34:00,\Device\HarddiskVolume3\Windows\System32\svchost.exe [osprivacy],,,LocalSystem,S-1-5-18,,4,346,0,0,0,0,0,0,0,36600000000,0,0,150,146506793,0,0,0
4839,2026-07-16 12:34:00,\Device\HarddiskVolume3\Windows\System32\svchost.exe [NetSvcs],,,LocalSystem,S-1-5-18,,4,331,0,0,0,0,0,0,0,36600000000,0,0,180,85637757,0,0,0
4840,2026-07-16 12:34:00,\Device\HarddiskVolume3\Windows\System32\svchost.exe [utcsvc],,,LocalSystem,S-1-5-18,,4,330,0,0,0,0,0,0,0,36000000000,0,339968,902,2511366521,4,0,81
4841,2026-07-16 12:34:00,\Device\HarddiskVolume3\Windows\System32\svchost.exe [wsappx],,,LocalSystem,S-1-5-18,,4,325,0,0,0,0,0,0,0,1800000000,0,126976,391,315854747,0,0,31
4842,2026-07-16 12:34:00,\Device\HarddiskVolume3\ProgramData\Microsoft\Windows Defender\Platform\4.18.26060.3008-0\MpDefenderCoreService.exe,,,LocalSystem,S-1-5-18,,4,1078,0,0,0,0,0,0,0,36600000000,0,49152,459,1312244862,0,0,12
4843,2026-07-16 12:34:00,\Device\HarddiskVolume3\ProgramData\Microsoft\Windows Defender\Platform\4.18.26060.3008-0\MsMpEng.exe,,,LocalSystem,S-1-5-18,,4,1081,0,0,0,0,0,0,0,36600000000,8562176,143360,12425,13765509873,0,169,35
4844,2026-07-16 12:34:00,\Device\HarddiskVolume3\Windows\System32\AggregatorHost.exe,,,LocalSystem,S-1-5-18,,4,332,0,0,0,0,0,0,0,16799840000,0,106496,118,424769948,0,0,26
4845,2026-07-16 12:34:00,System Interrupts,,,LocalSystem,S-1-5-18,,4,28,0,0,0,0,0,0,0,36600000000,0,0,0,1711976121630,0,0,0
4846,2026-07-16 12:34:00,Registry,,,LocalSystem,S-1-5-18,,4,335,0,0,0,0,0,0,0,24600160000,0,2695168,388,883442840,77,0,311
4847,2026-07-16 12:34:00,\Device\HarddiskVolume3\Windows\System32\smss.exe,,,LocalSystem,S-1-5-18,,4,312,0,0,0,0,0,0,0,600000000,0,0,1,9226032,0,0,0
4848,2026-07-16 12:34:00,\Device\HarddiskVolume3\Program Files (x86)\Microsoft\EdgeUpdate\MicrosoftEdgeUpdate.exe,,,LocalSystem,S-1-5-18,,4,342,0,0,0,0,0,0,0,2400000000,0,4096,85,473998702,0,0,1
4849,2026-07-16 12:34:00,\Device\HarddiskVolume3\Windows\System32\svchost.exe [InvSvcGroup],,,LocalSystem,S-1-5-18,,4,344,0,0,0,0,0,0,0,36600000000,0,36864,167,445985622,0,0,9
4850,2026-07-16 12:34:00,\Device\HarddiskVolume3\Windows\System32\svchost.exe [wusvcs],,,LocalSystem,S-1-5-18,,4,337,0,0,0,0,0,0,0,600000000,0,20480,237,1415199734,0,0,4
4851,2026-07-16 12:34:00,\Device\HarddiskVolume3\Windows\UUS\amd64\MoUsoCoreWorker.exe,,,LocalSystem,S-1-5-18,,4,356,0,0,0,0,0,0,0,600000000,0,274432,1091,1802737558,18,0,67
4852,2026-07-16 12:34:00,\Device\HarddiskVolume3\Windows\System32\svchost.exe [whesvc],,,LocalSystem,S-1-5-18,,4,1845,0,0,0,0,0,0,0,36600000000,0,172032,3390,1427647312,0,0,42
4853,2026-07-16 12:34:00,\Device\HarddiskVolume3\Windows\System32\wbem\WmiPrvSE.exe,,,LocalSystem,S-1-5-18,,4,333,0,0,0,0,0,0,0,1200000000,106496,45056,603,345341970,0,4,11
4854,2026-07-16 12:34:00,\Device\HarddiskVolume3\Windows\System32\SearchIndexer.exe,,,LocalSystem,S-1-5-18,,4,338,0,0,0,0,0,0,0,36600000000,0,0,388,450912236,0,0,0
4855,2026-07-16 12:34:00,\Device\HarddiskVolume3\Windows\System32\SecurityHealthService.exe,,,LocalSystem,S-1-5-18,,4,354,0,0,0,0,0,0,0,36600000000,0,0,134,188290244,0,0,0
4856,2026-07-16 12:34:00,\Device\HarddiskVolume3\Windows\servicing\TrustedInstaller.exe,,,LocalSystem,S-1-5-18,,4,327,0,0,0,0,0,0,0,1200000000,0,36864,3423,322989650,0,0,9
4857,2026-07-16 12:34:00,\Device\HarddiskVolume3\Windows\WinSxS\amd64_microsoft-windows-servicingstack_31bf3856ad364e35_10.0.26100.8872_none_a4fce299776b787f\TiWorker.exe,,,LocalSystem,S-1-5-18,,4,2011,0,0,0,0,0,0,0,1200000000,114275328,3011584,7103,8859220039,3,1144,644
4858,2026-07-16 12:34:00,\Device\HarddiskVolume3\Windows\System32\svchost.exe [RPCSS],,,NetworkService,S-1-5-20,,9,26,0,0,0,0,0,0,0,36600000000,0,16384,3783,1388259235,0,0,4
4859,2026-07-16 12:34:00,\Device\HarddiskVolume3\Windows\System32\svchost.exe [netprofm],,,NetworkService,S-1-5-20,,9,362,0,0,0,0,0,0,0,36600000000,0,0,3823,1278516788,0,0,0
4860,2026-07-16 12:34:00,\Device\HarddiskVolume3\Windows\System32\svchost.exe [NetworkService],,,NetworkService,S-1-5-20,,9,363,0,0,0,0,0,0,0,159600000000,1703936,102400,10061,6014712757,0,26,23
4861,2026-07-16 12:34:00,\Device\HarddiskVolume3\Windows\System32\svchost.exe [NetworkServiceNetworkRestricted],,,NetworkService,S-1-5-20,,9,365,0,0,0,0,0,0,0,36600000000,0,0,140,138433228,0,0,0
4862,2026-07-16 12:34:00,\Device\HarddiskVolume3\Windows\System32\wbem\WmiPrvSE.exe,,,NetworkService,S-1-5-20,,9,333,0,0,0,0,0,0,0,1200000000,6588416,901120,7496,3765050499,0,420,220
4863,2026-07-16 12:34:00,\Device\HarddiskVolume3\Windows\System32\sppsvc.exe,,,NetworkService,S-1-5-20,,9,361,0,0,0,0,0,0,0,1200000000,0,65536,350,1254641901,0,0,16
4864,2026-07-16 12:34:00,\Device\HarddiskVolume3\Windows\System32\dwm.exe,,,UnknownOrUserSid,S-1-5-90-0-1,,13,33,0,0,0,0,0,0,0,36600000000,0,0,19759,8214586679,0,0,0
4865,2026-07-16 12:34:00,\Device\HarddiskVolume3\Windows\System32\svchost.exe [LocalServiceNetworkRestricted],,,LocalService,S-1-5-19,,6,368,0,0,0,0,0,0,0,304200000000,131072,1922048,3693,3604478930,31,2,309
4866,2026-07-16 12:34:00,\Device\HarddiskVolume3\Windows\System32\svchost.exe [LocalService],,,LocalService,S-1-5-19,,6,367,0,0,0,0,0,0,0,179999840000,0,0,1048,1190128687,0,0,0
4867,2026-07-16 12:34:00,\Device\HarddiskVolume3\Windows\System32\svchost.exe [LocalServiceNoNetwork],,,LocalService,S-1-5-19,,6,366,0,0,0,0,0,0,0,73200000000,65536,1646592,22206,9898710769,0,1,358
4868,2026-07-16 12:34:00,\Device\HarddiskVolume3\Windows\System32\svchost.exe [LocalServiceRedirectionGuard],,,LocalService,S-1-5-19,,6,1777,0,0,0,0,0,0,0,36600000000,0,0,170,109323037,0,0,0
4869,2026-07-16 12:34:00,\Device\HarddiskVolume3\Windows\System32\svchost.exe [LocalServiceHttp],,,LocalService,S-1-5-19,,6,1778,0,0,0,0,0,0,0,36600000000,0,0,767,836971736,0,0,0
4870,2026-07-16 12:34:00,\Device\HarddiskVolume3\Windows\System32\svchost.exe [LocalServiceNoNetworkFirewall],,,LocalService,S-1-5-19,,6,369,0,0,0,0,0,0,0,36600000000,0,0,406,547878791,0,0,0
4871,2026-07-16 12:34:00,\Device\HarddiskVolume3\Windows\System32\svchost.exe [WSAIFabricSvcGroup],,,LocalService,S-1-5-19,,6,1779,0,0,0,0,0,0,0,36600000000,0,0,140,166401455,0,0,0
4872,2026-07-16 12:34:00,\Device\HarddiskVolume3\ProgramData\Microsoft\Windows Defender\Platform\4.18.26060.3008-0\NisSrv.exe,,,LocalService,S-1-5-19,,6,1093,0,0,0,0,0,0,0,36600000000,0,0,557,440173203,0,0,0
4873,2026-07-16 12:34:00,\Device\HarddiskVolume3\Windows\System32\svchost.exe [WuqiSvcGroup],,,LocalService,S-1-5-19,,6,1780,0,0,0,0,0,0,0,36600000000,0,0,140,126035035,0,0,0
4887,2026-07-16 13:34:00,System,,,LocalSystem,S-1-5-18,,4,29,0,0,0,0,0,0,0,36600000000,6656,3963392,366717,69336647847,0,13,448
4888,2026-07-16 13:34:00,\Device\HarddiskVolume3\Windows\System32\csrss.exe,,,LocalSystem,S-1-5-18,,4,313,0,0,0,0,0,0,0,73200000000,0,0,20779,2836483870,0,0,0
4889,2026-07-16 13:34:00,\Device\HarddiskVolume3\Windows\System32\wininit.exe,,,LocalSystem,S-1-5-18,,4,314,0,0,0,0,0,0,0,1200000000,0,0,4,6112376,0,0,0
4890,2026-07-16 13:34:00,\Device\HarddiskVolume3\Windows\System32\services.exe,,,LocalSystem,S-1-5-18,,4,31,0,0,0,0,0,0,0,36600000000,0,8192,6962,1224748957,0,0,2
4891,2026-07-16 13:34:00,\Device\HarddiskVolume3\Windows\System32\lsass.exe,,,LocalSystem,S-1-5-18,,4,315,0,0,0,0,0,0,0,36600000000,0,126976,10147,2126856780,8,0,20
4892,2026-07-16 13:34:00,\Device\HarddiskVolume3\Windows\System32\svchost.exe [DcomLaunch],,,LocalSystem,S-1-5-18,,4,30,0,0,0,0,0,0,0,73200000000,0,0,5679,1430185634,0,0,0
4893,2026-07-16 13:34:00,\Device\HarddiskVolume3\Windows\System32\LogonUI.exe,,,LocalSystem,S-1-5-18,,4,523,0,0,0,0,0,0,0,36600000000,0,16384,1355,3397499430,0,0,4
4894,2026-07-16 13:34:00,\Device\HarddiskVolume3\Windows\System32\svchost.exe [LocalSystemNetworkRestricted],,,LocalSystem,S-1-5-18,,4,323,0,0,0,0,0,0,0,227400000000,233984,3235840,2457,11712269638,0,2,631
4895,2026-07-16 13:34:00,\Device\HarddiskVolume3\Windows\System32\svchost.exe [appmodel],,,LocalSystem,S-1-5-18,,4,326,0,0,0,0,0,0,0,36600000000,0,4096,226,241745527,0,0,1
4896,2026-07-16 13:34:00,\Device\HarddiskVolume3\Windows\System32\svchost.exe [netsvcs],,,LocalSystem,S-1-5-18,,4,317,0,0,0,0,0,0,0,415200000000,512,1995264,11110,7270033047,12,1,366
4897,2026-07-16 13:34:00,\Device\HarddiskVolume3\Windows\System32\svchost.exe [UserProfileService],,,LocalSystem,S-1-5-18,,4,318,0,0,0,0,0,0,0,36600000000,0,16384,165,182917917,0,0,4
4898,2026-07-16 13:34:00,\Device\HarddiskVolume3\Windows\System32\svchost.exe [netsvcsRedirectionGuard],,,LocalSystem,S-1-5-18,,4,1775,0,0,0,0,0,0,0,69600000000,0,0,195,167474021,0,0,0
4899,2026-07-16 13:34:00,\Device\HarddiskVolume3\Windows\System32\spoolsv.exe,,,LocalSystem,S-1-5-18,,4,329,0,0,0,0,0,0,0,2400000000,0,0,13,41821290,0,0,0
4900,2026-07-16 13:34:00,\Device\HarddiskVolume3\Windows\System32\svchost.exe [osprivacy],,,LocalSystem,S-1-5-18,,4,346,0,0,0,0,0,0,0,36600000000,0,0,147,112233471,0,0,0
4901,2026-07-16 13:34:00,\Device\HarddiskVolume3\Windows\System32\svchost.exe [NetSvcs],,,LocalSystem,S-1-5-18,,4,331,0,0,0,0,0,0,0,36600000000,0,0,181,80981996,0,0,0
4902,2026-07-16 13:34:00,\Device\HarddiskVolume3\Windows\System32\svchost.exe [utcsvc],,,LocalSystem,S-1-5-18,,4,330,0,0,0,0,0,0,0,36600000000,0,352256,3304,2955418213,6,0,85
4903,2026-07-16 13:34:00,\Device\HarddiskVolume3\Windows\System32\svchost.exe [wsappx],,,LocalSystem,S-1-5-18,,4,325,0,0,0,0,0,0,0,2400000000,0,0,26,13578697,0,0,0
4904,2026-07-16 13:34:00,\Device\HarddiskVolume3\Windows\System32\OpenSSH\sshd.exe,,,LocalSystem,S-1-5-18,,4,1059,0,0,0,0,0,0,0,3000000000,0,49152,212,347930360,0,0,12
4905,2026-07-16 13:34:00,\Device\HarddiskVolume3\ProgramData\Microsoft\Windows Defender\Platform\4.18.26060.3008-0\MpDefenderCoreService.exe,,,LocalSystem,S-1-5-18,,4,1078,0,0,0,0,0,0,0,36600000000,0,40960,539,1055091557,0,0,10
4906,2026-07-16 13:34:00,\Device\HarddiskVolume3\ProgramData\Microsoft\Windows Defender\Platform\4.18.26060.3008-0\MsMpEng.exe,,,LocalSystem,S-1-5-18,,4,1081,0,0,0,0,0,0,0,36600000000,41472,8695808,398104,382742791189,1,4,1382
4907,2026-07-16 13:34:00,\Device\HarddiskVolume3\Windows\System32\AggregatorHost.exe,,,LocalSystem,S-1-5-18,,4,332,0,0,0,0,0,0,0,19800000000,0,94208,168,424906606,0,0,23
4908,2026-07-16 13:34:00,System Interrupts,,,LocalSystem,S-1-5-18,,4,28,0,0,0,0,0,0,0,36600000000,0,0,0,1641386513679,0,0,0
4909,2026-07-16 13:34:00,Registry,,,LocalSystem,S-1-5-18,,4,335,0,0,0,0,0,0,0,26400000000,0,3448832,506,636128430,80,0,430
4910,2026-07-16 13:34:00,\Device\HarddiskVolume3\Windows\System32\smss.exe,,,LocalSystem,S-1-5-18,,4,312,0,0,0,0,0,0,0,600000000,0,0,1,5866748,0,0,0
4911,2026-07-16 13:34:00,\Device\HarddiskVolume3\Program Files (x86)\Microsoft\EdgeUpdate\MicrosoftEdgeUpdate.exe,,,LocalSystem,S-1-5-18,,4,342,0,0,0,0,0,0,0,3000000000,0,36864,80,101255101,0,0,9
4912,2026-07-16 13:34:00,\Device\HarddiskVolume3\Windows\System32\svchost.exe [InvSvcGroup],,,LocalSystem,S-1-5-18,,4,344,0,0,0,0,0,0,0,36600000000,0,53248,195,322373261,0,0,13
4913,2026-07-16 13:34:00,\Device\HarddiskVolume3\Windows\System32\svchost.exe [wusvcs],,,LocalSystem,S-1-5-18,,4,337,0,0,0,0,0,0,0,1200000000,0,139264,662,2361797963,0,0,32
4914,2026-07-16 13:34:00,\Device\HarddiskVolume3\Windows\UUS\amd64\MoUsoCoreWorker.exe,,,LocalSystem,S-1-5-18,,4,356,0,0,0,0,0,0,0,1200000000,0,753664,2623,2461039994,39,0,184
4915,2026-07-16 13:34:00,\Device\HarddiskVolume3\Windows\System32\svchost.exe [whesvc],,,LocalSystem,S-1-5-18,,4,1845,0,0,0,0,0,0,0,36600000000,0,180224,15923,2636799642,0,0,44
4916,2026-07-16 13:34:00,\Device\HarddiskVolume3\Windows\System32\SearchIndexer.exe,,,LocalSystem,S-1-5-18,,4,338,0,0,0,0,0,0,0,36600000000,0,0,711,441095452,0,0,0
4917,2026-07-16 13:34:00,\Device\HarddiskVolume3\Windows\System32\SecurityHealthService.exe,,,LocalSystem,S-1-5-18,,4,354,0,0,0,0,0,0,0,36600000000,0,0,178,225743449,0,0,0
4918,2026-07-16 13:34:00,\Device\HarddiskVolume3\Windows\System32\taskhostw.exe,,,LocalSystem,S-1-5-18,,4,348,0,0,0,0,0,0,0,600000000,0,0,551,2083876799,0,0,0
4919,2026-07-16 13:34:00,\Device\HarddiskVolume3\Windows\System32\VSSVC.exe,,,LocalSystem,S-1-5-18,,4,359,0,0,0,0,0,0,0,1800000000,0,28672,445,135615669,0,0,7
4920,2026-07-16 13:34:00,\Device\HarddiskVolume3\Windows\System32\svchost.exe [swprv],,,LocalSystem,S-1-5-18,,4,360,0,0,0,0,0,0,0,3600000000,0,8192,192,102934196,0,0,2
4921,2026-07-16 13:34:00,\Device\HarddiskVolume3\Windows\System32\fontdrvhost.exe,,,UnknownOrUserSid,S-1-5-96-0-0,,1700,316,0,0,0,0,0,0,0,600000000,0,0,5,8909271,0,0,0
4922,2026-07-16 13:34:00,\Device\HarddiskVolume3\Windows\System32\svchost.exe [RPCSS],,,NetworkService,S-1-5-20,,9,26,0,0,0,0,0,0,0,36600000000,0,8192,10691,2145729101,0,0,2
4923,2026-07-16 13:34:00,\Device\HarddiskVolume3\Windows\System32\svchost.exe [netprofm],,,NetworkService,S-1-5-20,,9,362,0,0,0,0,0,0,0,36600000000,0,0,4493,1349240077,0,0,0
4924,2026-07-16 13:34:00,\Device\HarddiskVolume3\Windows\System32\svchost.exe [NetworkService],,,NetworkService,S-1-5-20,,9,363,0,0,0,0,0,0,0,161400000000,77824,114688,20891,8896567738,0,2,28
4925,2026-07-16 13:34:00,\Device\HarddiskVolume3\Windows\System32\svchost.exe [NetworkServiceNetworkRestricted],,,NetworkService,S-1-5-20,,9,365,0,0,0,0,0,0,0,36600000000,0,0,140,103350837,0,0,0
4926,2026-07-16 13:34:00,\Device\HarddiskVolume3\Windows\System32\wbem\WmiPrvSE.exe,,,NetworkService,S-1-5-20,,9,333,0,0,0,0,0,0,0,1200000000,0,73728,357,265288202,0,0,18
4927,2026-07-16 13:34:00,\Device\HarddiskVolume3\Windows\System32\sppsvc.exe,,,NetworkService,S-1-5-20,,9,361,0,0,0,0,0,0,0,600000000,0,0,199,516250983,0,0,0
4928,2026-07-16 13:34:00,\Device\HarddiskVolume3\Windows\System32\dwm.exe,,,UnknownOrUserSid,S-1-5-90-0-1,,13,33,0,0,0,0,0,0,0,36600000000,0,0,19735,7483781956,0,0,0
4929,2026-07-16 13:34:00,\Device\HarddiskVolume3\Windows\System32\svchost.exe [LocalServiceNetworkRestricted],,,LocalService,S-1-5-19,,6,368,0,0,0,0,0,0,0,304200000000,4096,1991168,6406,3145761549,41,1,359
4930,2026-07-16 13:34:00,\Device\HarddiskVolume3\Windows\System32\svchost.exe [LocalService],,,LocalService,S-1-5-19,,6,367,0,0,0,0,0,0,0,179400000000,0,0,2203,1063123079,0,0,0
4931,2026-07-16 13:34:00,\Device\HarddiskVolume3\Windows\System32\svchost.exe [LocalServiceNoNetwork],,,LocalService,S-1-5-19,,6,366,0,0,0,0,0,0,0,73200000000,0,1318912,22149,6793853388,0,0,274
4932,2026-07-16 13:34:00,\Device\HarddiskVolume3\Windows\System32\svchost.exe [LocalServiceRedirectionGuard],,,LocalService,S-1-5-19,,6,1777,0,0,0,0,0,0,0,36600000000,0,0,466,189076200,0,0,0
4933,2026-07-16 13:34:00,\Device\HarddiskVolume3\Windows\System32\svchost.exe [LocalServiceHttp],,,LocalService,S-1-5-19,,6,1778,0,0,0,0,0,0,0,36600000000,0,0,930,654893060,0,0,0
4934,2026-07-16 13:34:00,\Device\HarddiskVolume3\Windows\System32\svchost.exe [LocalServiceNoNetworkFirewall],,,LocalService,S-1-5-19,,6,369,0,0,0,0,0,0,0,36600000000,0,0,440,440266389,0,0,0
4935,2026-07-16 13:34:00,\Device\HarddiskVolume3\Windows\System32\svchost.exe [WSAIFabricSvcGroup],,,LocalService,S-1-5-19,,6,1779,0,0,0,0,0,0,0,36600000000,0,0,140,102085877,0,0,0
4936,2026-07-16 13:34:00,\Device\HarddiskVolume3\ProgramData\Microsoft\Windows Defender\Platform\4.18.26060.3008-0\NisSrv.exe,,,LocalService,S-1-5-19,,6,1093,0,0,0,0,0,0,0,36600000000,0,0,673,452568928,0,0,0
4937,2026-07-16 13:34:00,\Device\HarddiskVolume3\Windows\System32\wbem\WmiPrvSE.exe,,,LocalService,S-1-5-19,,6,333,0,0,0,0,0,0,0,1800000000,0,36864,3114,1102535696,0,0,9
4938,2026-07-16 13:34:00,\Device\HarddiskVolume3\Windows\System32\svchost.exe [WuqiSvcGroup],,,LocalService,S-1-5-19,,6,1780,0,0,0,0,0,0,0,36600000000,0,0,140,125746288,0,0,0
4939,2026-07-16 13:34:00,\Device\HarddiskVolume3\Windows\System32\OpenSSH\sshd.exe,,,UnknownOrUserSid,S-1-5-21-2395961029-2893071609-3470587398-1000,,60,1059,0,0,0,0,0,0,0,2400000000,0,8192,115,140771077,0,0,2
4940,2026-07-16 13:34:00,\Device\HarddiskVolume3\Windows\System32\cmd.exe,,,UnknownOrUserSid,S-1-5-21-2395961029-2893071609-3470587398-1000,,60,514,0,0,0,0,0,0,0,1200000000,0,36864,26,113834100,0,0,9
4941,2026-07-16 13:34:00,\Device\HarddiskVolume3\Windows\System32\conhost.exe,,,UnknownOrUserSid,S-1-5-21-2395961029-2893071609-3470587398-1000,,60,349,0,0,0,0,0,0,0,2400000000,0,28672,6049,981539405,0,0,7
4942,2026-07-16 13:34:00,\Device\HarddiskVolume3\dfir\tools\git\bin\bash.exe,,,UnknownOrUserSid,S-1-5-21-2395961029-2893071609-3470587398-1000,,60,1108,0,0,0,0,0,0,0,1200000000,0,12288,30,76799975,0,0,3
4943,2026-07-16 13:34:00,\Device\HarddiskVolume3\dfir\tools\git\usr\bin\bash.exe,,,UnknownOrUserSid,S-1-5-21-2395961029-2893071609-3470587398-1000,,60,1099,0,0,0,0,0,0,0,11400000000,16384,258048,2605,1638623216,0,1,63
4944,2026-07-16 13:34:00,\Device\HarddiskVolume3\dfir\tools\git\usr\bin\timeout.exe,,,UnknownOrUserSid,S-1-5-21-2395961029-2893071609-3470587398-1000,,60,1112,0,0,0,0,0,0,0,2400000000,0,0,115,77221155,0,0,0
4945,2026-07-16 13:34:00,\Device\HarddiskVolume3\dfir\tools\hayabusa\hayabusa.exe,,,UnknownOrUserSid,S-1-5-21-2395961029-2893071609-3470587398-1000,,60,526,0,0,0,0,0,0,0,1200000000,0,3436544,2932,6012327201,0,0,839
4946,2026-07-16 13:34:00,\Device\HarddiskVolume3\dfir\tools\EZ\net9\EvtxeCmd\EvtxECmd.exe,,,UnknownOrUserSid,S-1-5-21-2395961029-2893071609-3470587398-1000,,60,517,0,0,0,0,0,0,0,600000000,0,8192,189,1302268256,0,0,2
4947,2026-07-16 13:34:00,\Device\HarddiskVolume3\dfir\Python\Scripts\vol.exe,,,UnknownOrUserSid,S-1-5-21-2395961029-2893071609-3470587398-1000,,60,1329,0,0,0,0,0,0,0,600000000,0,0,11,15619782,0,0,0
4948,2026-07-16 13:34:00,\Device\HarddiskVolume3\dfir\Python\python.exe,,,UnknownOrUserSid,S-1-5-21-2395961029-2893071609-3470587398-1000,,60,392,0,0,0,0,0,0,0,600000000,0,0,910,1198244284,0,0,0
4949,2026-07-16 14:35:00,System,,,LocalSystem,S-1-5-18,,4,29,0,0,0,0,0,0,0,36000000000,200192,2615296,82441,29598267367,0,12,278
4950,2026-07-16 14:35:00,\Device\HarddiskVolume3\Windows\System32\csrss.exe,,,LocalSystem,S-1-5-18,,4,313,0,0,0,0,0,0,0,72000000000,0,0,8585,1199709765,0,0,0
4951,2026-07-16 14:35:00,\Device\HarddiskVolume3\Windows\System32\wininit.exe,,,LocalSystem,S-1-5-18,,4,314,0,0,0,0,0,0,0,1800000000,0,0,4,17065882,0,0,0
4952,2026-07-16 14:35:00,\Device\HarddiskVolume3\Windows\System32\services.exe,,,LocalSystem,S-1-5-18,,4,31,0,0,0,0,0,0,0,36000000000,0,20480,3412,922957397,0,0,5
4953,2026-07-16 14:35:00,\Device\HarddiskVolume3\Windows\System32\lsass.exe,,,LocalSystem,S-1-5-18,,4,315,0,0,0,0,0,0,0,36000000000,0,536576,4452,1768062645,36,0,69
4954,2026-07-16 14:35:00,\Device\HarddiskVolume3\Windows\System32\svchost.exe [DcomLaunch],,,LocalSystem,S-1-5-18,,4,30,0,0,0,0,0,0,0,72000000000,0,0,5171,1227324016,0,0,0
4955,2026-07-16 14:35:00,\Device\HarddiskVolume3\Windows\System32\LogonUI.exe,,,LocalSystem,S-1-5-18,,4,523,0,0,0,0,0,0,0,36000000000,0,16384,1362,3862185541,0,0,4
4956,2026-07-16 14:35:00,\Device\HarddiskVolume3\Windows\System32\svchost.exe [LocalSystemNetworkRestricted],,,LocalSystem,S-1-5-18,,4,323,0,0,0,0,0,0,0,220800000000,0,827392,1031,6752766942,0,0,153
4957,2026-07-16 14:35:00,\Device\HarddiskVolume3\Windows\System32\svchost.exe [appmodel],,,LocalSystem,S-1-5-18,,4,326,0,0,0,0,0,0,0,36000000000,0,0,204,262561376,0,0,0
4958,2026-07-16 14:35:00,\Device\HarddiskVolume3\Windows\System32\svchost.exe [netsvcs],,,LocalSystem,S-1-5-18,,4,317,0,0,0,0,0,0,0,405000000000,0,634880,3870,3322614724,8,0,66
4959,2026-07-16 14:35:00,\Device\HarddiskVolume3\Windows\System32\svchost.exe [UserProfileService],,,LocalSystem,S-1-5-18,,4,318,0,0,0,0,0,0,0,36000000000,0,49152,275,211657357,0,0,12
4960,2026-07-16 14:35:00,\Device\HarddiskVolume3\Windows\System32\svchost.exe [netsvcsRedirectionGuard],,,LocalSystem,S-1-5-18,,4,1775,0,0,0,0,0,0,0,67800000000,0,0,191,177822750,0,0,0
4961,2026-07-16 14:35:00,\Device\HarddiskVolume3\Windows\System32\svchost.exe [osprivacy],,,LocalSystem,S-1-5-18,,4,346,0,0,0,0,0,0,0,36000000000,0,0,146,111530576,0,0,0
4962,2026-07-16 14:35:00,\Device\HarddiskVolume3\Windows\System32\svchost.exe [NetSvcs],,,LocalSystem,S-1-5-18,,4,331,0,0,0,0,0,0,0,36000000000,0,0,178,82427389,0,0,0
4963,2026-07-16 14:35:00,\Device\HarddiskVolume3\Windows\System32\svchost.exe [utcsvc],,,LocalSystem,S-1-5-18,,4,330,0,0,0,0,0,0,0,36000000000,0,348160,1106,2415557765,7,0,84
4964,2026-07-16 14:35:00,\Device\HarddiskVolume3\Windows\System32\OpenSSH\sshd.exe,,,LocalSystem,S-1-5-18,,4,1059,0,0,0,0,0,0,0,1800000000,0,8192,36,124403209,0,0,2
4965,2026-07-16 14:35:00,\Device\HarddiskVolume3\ProgramData\Microsoft\Windows Defender\Platform\4.18.26060.3008-0\MpDefenderCoreService.exe,,,LocalSystem,S-1-5-18,,4,1078,0,0,0,0,0,0,0,36000000000,0,32768,460,1179575701,0,0,8
4966,2026-07-16 14:35:00,\Device\HarddiskVolume3\ProgramData\Microsoft\Windows Defender\Platform\4.18.26060.3008-0\MsMpEng.exe,,,LocalSystem,S-1-5-18,,4,1081,0,0,0,0,0,0,0,36000000000,1541632,61440,19182,17367056949,0,19,15
4967,2026-07-16 14:35:00,\Device\HarddiskVolume3\Windows\System32\AggregatorHost.exe,,,LocalSystem,S-1-5-18,,4,332,0,0,0,0,0,0,0,13200000000,0,77824,104,429296423,0,0,19
4968,2026-07-16 14:35:00,System Interrupts,,,LocalSystem,S-1-5-18,,4,28,0,0,0,0,0,0,0,36000000000,0,0,0,1720845972101,0,0,0
4969,2026-07-16 14:35:00,Registry,,,LocalSystem,S-1-5-18,,4,335,0,0,0,0,0,0,0,25800000000,0,2596864,372,712674710,79,0,281
4970,2026-07-16 14:35:00,\Device\HarddiskVolume3\Windows\System32\smss.exe,,,LocalSystem,S-1-5-18,,4,312,0,0,0,0,0,0,0,600000000,0,0,1,2491344,0,0,0
4971,2026-07-16 14:35:00,\Device\HarddiskVolume3\Program Files (x86)\Microsoft\EdgeUpdate\MicrosoftEdgeUpdate.exe,,,LocalSystem,S-1-5-18,,4,342,0,0,0,0,0,0,0,3000000000,0,36864,80,120934249,0,0,9
4972,2026-07-16 14:35:00,\Device\HarddiskVolume3\Windows\System32\svchost.exe [InvSvcGroup],,,LocalSystem,S-1-5-18,,4,344,0,0,0,0,0,0,0,36000000000,0,53248,166,315509618,0,0,13
4973,2026-07-16 14:35:00,\Device\HarddiskVolume3\Windows\System32\svchost.exe [wusvcs],,,LocalSystem,S-1-5-18,,4,337,0,0,0,0,0,0,0,600000000,0,253952,222,1117444530,0,0,61
4974,2026-07-16 14:35:00,\Device\HarddiskVolume3\Windows\UUS\amd64\MoUsoCoreWorker.exe,,,LocalSystem,S-1-5-18,,4,356,0,0,0,0,0,0,0,600000000,0,544768,1122,1532234748,18,0,133
4975,2026-07-16 14:35:00,\Device\HarddiskVolume3\Windows\System32\svchost.exe [whesvc],,,LocalSystem,S-1-5-18,,4,1845,0,0,0,0,0,0,0,36000000000,0,192512,4519,1459572664,0,0,47
4976,2026-07-16 14:35:00,\Device\HarddiskVolume3\Windows\System32\SearchIndexer.exe,,,LocalSystem,S-1-5-18,,4,338,0,0,0,0,0,0,0,36000000000,0,0,360,324800479,0,0,0
4977,2026-07-16 14:35:00,\Device\HarddiskVolume3\Windows\System32\SecurityHealthService.exe,,,LocalSystem,S-1-5-18,,4,354,0,0,0,0,0,0,0,36000000000,0,0,132,148152628,0,0,0
4978,2026-07-16 14:35:00,\Device\HarddiskVolume3\Windows\System32\fontdrvhost.exe,,,UnknownOrUserSid,S-1-5-96-0-0,,1700,316,0,0,0,0,0,0,0,1800000000,0,0,30,6560537,0,0,0
4979,2026-07-16 14:35:00,\Device\HarddiskVolume3\Windows\System32\svchost.exe [RPCSS],,,NetworkService,S-1-5-20,,9,26,0,0,0,0,0,0,0,36000000000,0,0,3653,1579340424,0,0,0
4980,2026-07-16 14:35:00,\Device\HarddiskVolume3\Windows\System32\svchost.exe [netprofm],,,NetworkService,S-1-5-20,,9,362,0,0,0,0,0,0,0,36000000000,0,0,4848,1720344494,0,0,0
4981,2026-07-16 14:35:00,\Device\HarddiskVolume3\Windows\System32\svchost.exe [NetworkService],,,NetworkService,S-1-5-20,,9,363,0,0,0,0,0,0,0,154200000000,65536,77824,14901,7200374442,0,1,19
4982,2026-07-16 14:35:00,\Device\HarddiskVolume3\Windows\System32\svchost.exe [NetworkServiceNetworkRestricted],,,NetworkService,S-1-5-20,,9,365,0,0,0,0,0,0,0,36000000000,0,0,138,108853856,0,0,0
4983,2026-07-16 14:35:00,\Device\HarddiskVolume3\Windows\System32\dwm.exe,,,UnknownOrUserSid,S-1-5-90-0-1,,13,33,0,0,0,0,0,0,0,36000000000,0,0,19435,7873992536,0,0,0
4984,2026-07-16 14:35:00,\Device\HarddiskVolume3\Windows\System32\svchost.exe [LocalServiceNetworkRestricted],,,LocalService,S-1-5-19,,6,368,0,0,0,0,0,0,0,297000000000,0,1455104,4650,3073414488,24,0,265
4985,2026-07-16 14:35:00,\Device\HarddiskVolume3\Windows\System32\svchost.exe [LocalService],,,LocalService,S-1-5-19,,6,367,0,0,0,0,0,0,0,177000000000,0,0,1057,1001518157,0,0,0
4986,2026-07-16 14:35:00,\Device\HarddiskVolume3\Windows\System32\svchost.exe [LocalServiceNoNetwork],,,LocalService,S-1-5-19,,6,366,0,0,0,0,0,0,0,72000000000,40960,1257472,21722,6581626196,0,1,293
4987,2026-07-16 14:35:00,\Device\HarddiskVolume3\Windows\System32\svchost.exe [LocalServiceRedirectionGuard],,,LocalService,S-1-5-19,,6,1777,0,0,0,0,0,0,0,36000000000,0,0,171,115985560,0,0,0
4988,2026-07-16 14:35:00,\Device\HarddiskVolume3\Windows\System32\svchost.exe [LocalServiceHttp],,,LocalService,S-1-5-19,,6,1778,0,0,0,0,0,0,0,36000000000,0,0,777,591441220,0,0,0
4989,2026-07-16 14:35:00,\Device\HarddiskVolume3\Windows\System32\svchost.exe [LocalServiceNoNetworkFirewall],,,LocalService,S-1-5-19,,6,369,0,0,0,0,0,0,0,36000000000,0,0,416,497842716,0,0,0
4990,2026-07-16 14:35:00,\Device\HarddiskVolume3\Windows\System32\svchost.exe [WSAIFabricSvcGroup],,,LocalService,S-1-5-19,,6,1779,0,0,0,0,0,0,0,36000000000,0,0,138,138078972,0,0,0
4991,2026-07-16 14:35:00,\Device\HarddiskVolume3\ProgramData\Microsoft\Windows Defender\Platform\4.18.26060.3008-0\NisSrv.exe,,,LocalService,S-1-5-19,,6,1093,0,0,0,0,0,0,0,36000000000,0,0,548,311735108,0,0,0
4992,2026-07-16 14:35:00,\Device\HarddiskVolume3\Windows\System32\svchost.exe [WuqiSvcGroup],,,LocalService,S-1-5-19,,6,1780,0,0,0,0,0,0,0,36000000000,0,0,136,112947236,0,0,0
5011,2026-07-16 15:34:00,System,,,LocalSystem,S-1-5-18,,4,29,0,0,0,0,0,0,0,36000000000,2048,3422208,373807,68836325746,0,4,414
5012,2026-07-16 15:34:00,\Device\HarddiskVolume3\Windows\System32\csrss.exe,,,LocalSystem,S-1-5-18,,4,313,0,0,0,0,0,0,0,72000000000,0,0,21920,3259894571,0,0,0
5013,2026-07-16 15:34:00,\Device\HarddiskVolume3\Windows\System32\wininit.exe,,,LocalSystem,S-1-5-18,,4,314,0,0,0,0,0,0,0,3000000000,0,0,11,88639288,0,0,0
5014,2026-07-16 15:34:00,\Device\HarddiskVolume3\Windows\System32\winlogon.exe,,,LocalSystem,S-1-5-18,,4,32,0,0,0,0,0,0,0,1200000000,0,0,11,37595821,0,0,0
5015,2026-07-16 15:34:00,\Device\HarddiskVolume3\Windows\System32\services.exe,,,LocalSystem,S-1-5-18,,4,31,0,0,0,0,0,0,0,36000000000,0,24576,6494,1438392696,0,0,6
5016,2026-07-16 15:34:00,\Device\HarddiskVolume3\Windows\System32\lsass.exe,,,LocalSystem,S-1-5-18,,4,315,0,0,0,0,0,0,0,36000000000,0,618496,9097,2892962685,40,0,87
5017,2026-07-16 15:34:00,\Device\HarddiskVolume3\Windows\System32\svchost.exe [DcomLaunch],,,LocalSystem,S-1-5-18,,4,30,0,0,0,0,0,0,0,72000000000,0,4096,5594,1741654876,0,0,1
5018,2026-07-16 15:34:00,\Device\HarddiskVolume3\Windows\System32\LogonUI.exe,,,LocalSystem,S-1-5-18,,4,523,0,0,0,0,0,0,0,36000000000,0,16384,1387,3605562755,0,0,4
5019,2026-07-16 15:34:00,\Device\HarddiskVolume3\Windows\System32\svchost.exe [LocalSystemNetworkRestricted],,,LocalSystem,S-1-5-18,,4,323,0,0,0,0,0,0,0,219000000000,0,2088960,1255,8736172105,0,0,315
5020,2026-07-16 15:34:00,\Device\HarddiskVolume3\Windows\System32\svchost.exe [appmodel],,,LocalSystem,S-1-5-18,,4,326,0,0,0,0,0,0,0,36000000000,0,40960,267,841376275,0,0,10
5021,2026-07-16 15:34:00,\Device\HarddiskVolume3\Windows\System32\svchost.exe [netsvcs],,,LocalSystem,S-1-5-18,,4,317,0,0,0,0,0,0,0,405600000000,0,905216,5545,5740251387,11,0,69
5022,2026-07-16 15:34:00,\Device\HarddiskVolume3\Windows\System32\svchost.exe [UserProfileService],,,LocalSystem,S-1-5-18,,4,318,0,0,0,0,0,0,0,36000000000,0,49152,288,333886341,0,0,12
5023,2026-07-16 15:34:00,\Device\HarddiskVolume3\Windows\System32\svchost.exe [netsvcsRedirectionGuard],,,LocalSystem,S-1-5-18,,4,1775,0,0,0,0,0,0,0,66000000000,0,0,195,149527938,0,0,0
5024,2026-07-16 15:34:00,\Device\HarddiskVolume3\Windows\System32\spoolsv.exe,,,LocalSystem,S-1-5-18,,4,329,0,0,0,0,0,0,0,1200000000,0,0,11,51017539,0,0,0
5025,2026-07-16 15:34:00,\Device\HarddiskVolume3\Windows\System32\svchost.exe [osprivacy],,,LocalSystem,S-1-5-18,,4,346,0,0,0,0,0,0,0,36000000000,0,0,147,117431305,0,0,0
5026,2026-07-16 15:34:00,\Device\HarddiskVolume3\Windows\System32\svchost.exe [NetSvcs],,,LocalSystem,S-1-5-18,,4,331,0,0,0,0,0,0,0,36000000000,0,0,180,83402207,0,0,0
5027,2026-07-16 15:34:00,\Device\HarddiskVolume3\Windows\System32\svchost.exe [utcsvc],,,LocalSystem,S-1-5-18,,4,330,0,0,0,0,0,0,0,36000000000,0,2396160,3803,6462500513,6,0,135
5028,2026-07-16 15:34:00,\Device\HarddiskVolume3\Windows\System32\svchost.exe [wsappx],,,LocalSystem,S-1-5-18,,4,325,0,0,0,0,0,0,0,3000000000,0,53248,218,814023707,0,0,13
5029,2026-07-16 15:34:00,\Device\HarddiskVolume3\Windows\System32\OpenSSH\sshd.exe,,,LocalSystem,S-1-5-18,,4,1059,0,0,0,0,0,0,0,6000000000,0,0,228,352869612,0,0,0
5030,2026-07-16 15:34:00,\Device\HarddiskVolume3\Windows\System32\OpenSSH\ssh-agent.exe,,,LocalSystem,S-1-5-18,,4,1057,0,0,0,0,0,0,0,1200000000,0,0,16,7466678,0,0,0
5031,2026-07-16 15:34:00,\Device\HarddiskVolume3\ProgramData\Microsoft\Windows Defender\Platform\4.18.26060.3008-0\MpDefenderCoreService.exe,,,LocalSystem,S-1-5-18,,4,1078,0,0,0,0,0,0,0,36000000000,0,57344,619,1367842816,0,0,14
5032,2026-07-16 15:34:00,\Device\HarddiskVolume3\ProgramData\Microsoft\Windows Defender\Platform\4.18.26060.3008-0\MsMpEng.exe,,,LocalSystem,S-1-5-18,,4,1081,0,0,0,0,0,0,0,36000000000,315904,7888896,383221,148024869496,1,17,1191
5033,2026-07-16 15:34:00,\Device\HarddiskVolume3\Windows\System32\AggregatorHost.exe,,,LocalSystem,S-1-5-18,,4,332,0,0,0,0,0,0,0,16800000000,0,77824,139,506427859,0,0,19
5034,2026-07-16 15:34:00,System Interrupts,,,LocalSystem,S-1-5-18,,4,28,0,0,0,0,0,0,0,36000000000,0,0,0,1576765629955,0,0,0
5035,2026-07-16 15:34:00,Registry,,,LocalSystem,S-1-5-18,,4,335,0,0,0,0,0,0,0,27000000000,0,3317760,483,809299942,90,0,388
5036,2026-07-16 15:34:00,\Device\HarddiskVolume3\Windows\System32\smss.exe,,,LocalSystem,S-1-5-18,,4,312,0,0,0,0,0,0,0,600000000,0,0,1,1808414,0,0,0
5037,2026-07-16 15:34:00,\Device\HarddiskVolume3\Program Files (x86)\Microsoft\EdgeUpdate\MicrosoftEdgeUpdate.exe,,,LocalSystem,S-1-5-18,,4,342,0,0,0,0,0,0,0,3600000000,0,36864,91,483988960,0,0,9
5038,2026-07-16 15:34:00,\Device\HarddiskVolume3\Windows\System32\svchost.exe [InvSvcGroup],,,LocalSystem,S-1-5-18,,4,344,0,0,0,0,0,0,0,36000000000,0,53248,170,258238488,0,0,13
5039,2026-07-16 15:34:00,\Device\HarddiskVolume3\Windows\System32\svchost.exe [wusvcs],,,LocalSystem,S-1-5-18,,4,337,0,0,0,0,0,0,0,600000000,0,167936,433,2918226867,0,0,40
5040,2026-07-16 15:34:00,\Device\HarddiskVolume3\Windows\UUS\amd64\MoUsoCoreWorker.exe,,,LocalSystem,S-1-5-18,,4,356,0,0,0,0,0,0,0,600000000,0,626688,1539,5726149850,24,0,153
5041,2026-07-16 15:34:00,\Device\HarddiskVolume3\Windows\System32\svchost.exe [whesvc],,,LocalSystem,S-1-5-18,,4,1845,0,0,0,0,0,0,0,36000000000,0,208896,17118,3865621971,0,0,51
5042,2026-07-16 15:34:00,\Device\HarddiskVolume3\Windows\System32\SearchIndexer.exe,,,LocalSystem,S-1-5-18,,4,338,0,0,0,0,0,0,0,36000000000,0,0,658,480878467,0,0,0
5043,2026-07-16 15:34:00,\Device\HarddiskVolume3\Windows\System32\SecurityHealthService.exe,,,LocalSystem,S-1-5-18,,4,354,0,0,0,0,0,0,0,36000000000,0,0,198,269565869,0,0,0
5044,2026-07-16 15:34:00,\Device\HarddiskVolume3\Windows\System32\VSSVC.exe,,,LocalSystem,S-1-5-18,,4,359,0,0,0,0,0,0,0,1800000000,0,36864,707,140359740,0,0,9
5045,2026-07-16 15:34:00,\Device\HarddiskVolume3\Windows\System32\svchost.exe [swprv],,,LocalSystem,S-1-5-18,,4,360,0,0,0,0,0,0,0,3600000000,0,45056,203,130867395,0,0,11
5046,2026-07-16 15:34:00,\Device\HarddiskVolume3\Windows\System32\fontdrvhost.exe,,,UnknownOrUserSid,S-1-5-96-0-0,,1700,316,0,0,0,0,0,0,0,3000000000,0,0,35,23050713,0,0,0
5047,2026-07-16 15:34:00,\Device\HarddiskVolume3\Windows\System32\svchost.exe [RPCSS],,,NetworkService,S-1-5-20,,9,26,0,0,0,0,0,0,0,36000000000,0,0,10608,2294122371,0,0,0
5048,2026-07-16 15:34:00,\Device\HarddiskVolume3\Windows\System32\svchost.exe [netprofm],,,NetworkService,S-1-5-20,,9,362,0,0,0,0,0,0,0,36000000000,0,0,5267,1652819620,0,0,0
5049,2026-07-16 15:34:00,\Device\HarddiskVolume3\Windows\System32\svchost.exe [NetworkService],,,NetworkService,S-1-5-20,,9,363,0,0,0,0,0,0,0,159600000000,0,159744,16233,7492444562,0,0,39
5050,2026-07-16 15:34:00,\Device\HarddiskVolume3\Windows\System32\svchost.exe [NetworkServiceNetworkRestricted],,,NetworkService,S-1-5-20,,9,365,0,0,0,0,0,0,0,36000000000,0,0,144,122487223,0,0,0
5051,2026-07-16 15:34:00,\Device\HarddiskVolume3\Windows\System32\wbem\WmiPrvSE.exe,,,NetworkService,S-1-5-20,,9,333,0,0,0,0,0,0,0,1200000000,0,151552,491,1034892041,0,0,37
5052,2026-07-16 15:34:00,\Device\HarddiskVolume3\Windows\System32\sppsvc.exe,,,NetworkService,S-1-5-20,,9,361,0,0,0,0,0,0,0,600000000,0,61440,210,622488037,0,0,15
5053,2026-07-16 15:34:00,\Device\HarddiskVolume3\Windows\System32\dwm.exe,,,UnknownOrUserSid,S-1-5-90-0-1,,13,33,0,0,0,0,0,0,0,36000000000,0,0,19451,7395715821,0,0,0
5054,2026-07-16 15:34:00,\Device\HarddiskVolume3\Windows\System32\svchost.exe [LocalServiceNetworkRestricted],,,LocalService,S-1-5-19,,6,368,0,0,0,0,0,0,0,297600000000,4096,1925632,7150,4166493210,44,1,372
5055,2026-07-16 15:34:00,\Device\HarddiskVolume3\Windows\System32\svchost.exe [LocalService],,,LocalService,S-1-5-19,,6,367,0,0,0,0,0,0,0,177000000000,0,0,2560,1320692650,0,0,0
5056,2026-07-16 15:34:00,\Device\HarddiskVolume3\Windows\System32\svchost.exe [LocalServiceNoNetwork],,,LocalService,S-1-5-19,,6,366,0,0,0,0,0,0,0,72000000000,0,1552384,21768,7299580447,0,0,330
5057,2026-07-16 15:34:00,\Device\HarddiskVolume3\Windows\System32\svchost.exe [LocalServiceRedirectionGuard],,,LocalService,S-1-5-19,,6,1777,0,0,0,0,0,0,0,36000000000,0,0,470,163407985,0,0,0
5058,2026-07-16 15:34:00,\Device\HarddiskVolume3\Windows\System32\svchost.exe [LocalServiceHttp],,,LocalService,S-1-5-19,,6,1778,0,0,0,0,0,0,0,36000000000,0,0,1031,731830015,0,0,0
5059,2026-07-16 15:34:00,\Device\HarddiskVolume3\Windows\System32\svchost.exe [LocalServiceNoNetworkFirewall],,,LocalService,S-1-5-19,,6,369,0,0,0,0,0,0,0,36000000000,0,0,473,671524097,0,0,0
5060,2026-07-16 15:34:00,\Device\HarddiskVolume3\Windows\System32\svchost.exe [WSAIFabricSvcGroup],,,LocalService,S-1-5-19,,6,1779,0,0,0,0,0,0,0,36000000000,0,0,144,106907392,0,0,0
5061,2026-07-16 15:34:00,\Device\HarddiskVolume3\ProgramData\Microsoft\Windows Defender\Platform\4.18.26060.3008-0\NisSrv.exe,,,LocalService,S-1-5-19,,6,1093,0,0,0,0,0,0,0,36000000000,0,0,646,476738827,0,0,0
5062,2026-07-16 15:34:00,\Device\HarddiskVolume3\Windows\System32\svchost.exe [WuqiSvcGroup],,,LocalService,S-1-5-19,,6,1780,0,0,0,0,0,0,0,36000000000,0,0,141,126622648,0,0,0
5063,2026-07-16 15:34:00,\Device\HarddiskVolume3\Windows\System32\OpenSSH\sshd.exe,,,UnknownOrUserSid,S-1-5-21-2395961029-2893071609-3470587398-1000,,60,1059,0,0,0,0,0,0,0,1800000000,0,0,104,106148769,0,0,0
5064,2026-07-16 15:34:00,\Device\HarddiskVolume3\Windows\System32\cmd.exe,,,UnknownOrUserSid,S-1-5-21-2395961029-2893071609-3470587398-1000,,60,514,0,0,0,0,0,0,0,600000000,0,0,23,62927284,0,0,0
5065,2026-07-16 15:34:00,\Device\HarddiskVolume3\Windows\System32\conhost.exe,,,UnknownOrUserSid,S-1-5-21-2395961029-2893071609-3470587398-1000,,60,349,0,0,0,0,0,0,0,1800000000,0,0,5800,785917079,0,0,0
5066,2026-07-16 15:34:00,\Device\HarddiskVolume3\dfir\tools\git\bin\bash.exe,,,UnknownOrUserSid,S-1-5-21-2395961029-2893071609-3470587398-1000,,60,1108,0,0,0,0,0,0,0,600000000,0,0,27,49374167,0,0,0
5067,2026-07-16 15:34:00,\Device\HarddiskVolume3\dfir\tools\git\usr\bin\bash.exe,,,UnknownOrUserSid,S-1-5-21-2395961029-2893071609-3470587398-1000,,60,1099,0,0,0,0,0,0,0,9000000000,16384,188416,2640,1566001354,0,1,46
5068,2026-07-16 15:34:00,\Device\HarddiskVolume3\dfir\tools\git\usr\bin\timeout.exe,,,UnknownOrUserSid,S-1-5-21-2395961029-2893071609-3470587398-1000,,60,1112,0,0,0,0,0,0,0,1800000000,0,0,104,75270473,0,0,0
5069,2026-07-16 15:34:00,\Device\HarddiskVolume3\dfir\Python\Scripts\vol.exe,,,UnknownOrUserSid,S-1-5-21-2395961029-2893071609-3470587398-1000,,60,1329,0,0,0,0,0,0,0,600000000,0,0,11,17827303,0,0,0
5070,2026-07-16 15:34:00,\Device\HarddiskVolume3\dfir\Python\python.exe,,,UnknownOrUserSid,S-1-5-21-2395961029-2893071609-3470587398-1000,,60,392,0,0,0,0,0,0,0,1200000000,0,0,84,762060788,0,0,0
5071,2026-07-16 15:34:00,\Device\HarddiskVolume3\dfir\tools\git\usr\bin\grep.exe,,,UnknownOrUserSid,S-1-5-21-2395961029-2893071609-3470587398-1000,,60,1114,0,0,0,0,0,0,0,600000000,0,0,72,22574861,0,0,0
5072,2026-07-16 15:34:00,\Device\HarddiskVolume3\dfir\tools\chainsaw\chainsaw.exe,,,UnknownOrUserSid,S-1-5-21-2395961029-2893071609-3470587398-1000,,60,1313,0,0,0,0,0,0,0,600000000,0,4096,1627,96859634307,0,0,1
5073,2026-07-16 16:34:00,System,,,LocalSystem,S-1-5-18,,4,29,0,0,0,0,0,0,0,36000000000,2048,3381248,653161,84788097040,0,4,450
5074,2026-07-16 16:34:00,\Device\HarddiskVolume3\Windows\System32\csrss.exe,,,LocalSystem,S-1-5-18,,4,313,0,0,0,0,0,0,0,72000000000,0,0,34639,4919304177,0,0,0
5075,2026-07-16 16:34:00,\Device\HarddiskVolume3\Windows\System32\wininit.exe,,,LocalSystem,S-1-5-18,,4,314,0,0,0,0,0,0,0,3600000000,0,0,11,15596304,0,0,0
5076,2026-07-16 16:34:00,\Device\HarddiskVolume3\Windows\System32\winlogon.exe,,,LocalSystem,S-1-5-18,,4,32,0,0,0,0,0,0,0,1800000000,0,0,11,11128353,0,0,0
5077,2026-07-16 16:34:00,\Device\HarddiskVolume3\Windows\System32\services.exe,,,LocalSystem,S-1-5-18,,4,31,0,0,0,0,0,0,0,36000000000,0,16384,8700,1164878991,0,0,4
5078,2026-07-16 16:34:00,\Device\HarddiskVolume3\Windows\System32\lsass.exe,,,LocalSystem,S-1-5-18,,4,315,0,0,0,0,0,0,0,36000000000,0,364544,11390,2582742176,24,0,56
5079,2026-07-16 16:34:00,\Device\HarddiskVolume3\Windows\System32\svchost.exe [DcomLaunch],,,LocalSystem,S-1-5-18,,4,30,0,0,0,0,0,0,0,72000000000,0,4096,5516,1208430765,0,0,1
5080,2026-07-16 16:34:00,\Device\HarddiskVolume3\Windows\System32\LogonUI.exe,,,LocalSystem,S-1-5-18,,4,523,0,0,0,0,0,0,0,36000000000,0,16384,1392,3400211869,0,0,4
5081,2026-07-16 16:34:00,\Device\HarddiskVolume3\Windows\System32\svchost.exe [LocalSystemNetworkRestricted],,,LocalSystem,S-1-5-18,,4,323,0,0,0,0,0,0,0,223799990000,233984,3248128,1403,6335720782,0,2,483
5082,2026-07-16 16:34:00,\Device\HarddiskVolume3\Windows\System32\svchost.exe [appmodel],,,LocalSystem,S-1-5-18,,4,326,0,0,0,0,0,0,0,36000000000,0,0,218,254250593,0,0,0
5083,2026-07-16 16:34:00,\Device\HarddiskVolume3\Windows\System32\svchost.exe [netsvcs],,,LocalSystem,S-1-5-18,,4,317,0,0,0,0,0,0,0,408599990000,0,970752,5666,3946328838,16,0,73
5084,2026-07-16 16:34:00,\Device\HarddiskVolume3\Windows\System32\svchost.exe [UserProfileService],,,LocalSystem,S-1-5-18,,4,318,0,0,0,0,0,0,0,36000000000,0,32768,222,206838661,0,0,8
5085,2026-07-16 16:34:00,\Device\HarddiskVolume3\Windows\System32\svchost.exe [netsvcsRedirectionGuard],,,LocalSystem,S-1-5-18,,4,1775,0,0,0,0,0,0,0,67200000000,0,0,196,130400662,0,0,0
5086,2026-07-16 16:34:00,\Device\HarddiskVolume3\Windows\System32\spoolsv.exe,,,LocalSystem,S-1-5-18,,4,329,0,0,0,0,0,0,0,1200000000,0,0,7,10042816,0,0,0
5087,2026-07-16 16:34:00,\Device\HarddiskVolume3\Windows\System32\svchost.exe [osprivacy],,,LocalSystem,S-1-5-18,,4,346,0,0,0,0,0,0,0,36000000000,0,0,156,121094042,0,0,0
5088,2026-07-16 16:34:00,\Device\HarddiskVolume3\Windows\System32\svchost.exe [NetSvcs],,,LocalSystem,S-1-5-18,,4,331,0,0,0,0,0,0,0,36000000000,0,0,181,83017826,0,0,0
5089,2026-07-16 16:34:00,\Device\HarddiskVolume3\Windows\System32\svchost.exe [utcsvc],,,LocalSystem,S-1-5-18,,4,330,0,0,0,0,0,0,0,36000000000,0,2908160,6410,6673059219,8,0,202
5090,2026-07-16 16:34:00,\Device\HarddiskVolume3\Windows\System32\OpenSSH\sshd.exe,,,LocalSystem,S-1-5-18,,4,1059,0,0,0,0,0,0,0,7800160000,0,8192,398,385237118,0,0,2
5091,2026-07-16 16:34:00,\Device\HarddiskVolume3\Windows\System32\OpenSSH\ssh-agent.exe,,,LocalSystem,S-1-5-18,,4,1057,0,0,0,0,0,0,0,1200000000,0,0,2,5536320,0,0,0
5092,2026-07-16 16:34:00,\Device\HarddiskVolume3\ProgramData\Microsoft\Windows Defender\Platform\4.18.26060.3008-0\MpDefenderCoreService.exe,,,LocalSystem,S-1-5-18,,4,1078,0,0,0,0,0,0,0,36000000000,0,32768,507,928392501,0,0,8
5093,2026-07-16 16:34:00,\Device\HarddiskVolume3\ProgramData\Microsoft\Windows Defender\Platform\4.18.26060.3008-0\MsMpEng.exe,,,LocalSystem,S-1-5-18,,4,1081,0,0,0,0,0,0,0,36000000000,98816,13824000,740858,242750947705,2,9,1919
5094,2026-07-16 16:34:00,\Device\HarddiskVolume3\Windows\System32\AggregatorHost.exe,,,LocalSystem,S-1-5-18,,4,332,0,0,0,0,0,0,0,16799840000,0,98304,137,1372020632,0,0,24
5095,2026-07-16 16:34:00,System Interrupts,,,LocalSystem,S-1-5-18,,4,28,0,0,0,0,0,0,0,36000000000,0,0,0,1628495006711,0,0,0
5096,2026-07-16 16:34:00,Registry,,,LocalSystem,S-1-5-18,,4,335,0,0,0,0,0,0,0,27600000000,0,3710976,508,644427666,94,0,381
5097,2026-07-16 16:34:00,\Device\HarddiskVolume3\Windows\System32\smss.exe,,,LocalSystem,S-1-5-18,,4,312,0,0,0,0,0,0,0,600000000,0,0,1,7178644,0,0,0
5098,2026-07-16 16:34:00,\Device\HarddiskVolume3\Program Files (x86)\Microsoft\EdgeUpdate\MicrosoftEdgeUpdate.exe,,,LocalSystem,S-1-5-18,,4,342,0,0,0,0,0,0,0,3600000000,0,36864,89,158160398,0,0,9
5099,2026-07-16 16:34:00,\Device\HarddiskVolume3\Windows\System32\svchost.exe [InvSvcGroup],,,LocalSystem,S-1-5-18,,4,344,0,0,0,0,0,0,0,36000000000,0,53248,172,267311058,0,0,13
5100,2026-07-16 16:34:00,\Device\HarddiskVolume3\Windows\System32\svchost.exe [wusvcs],,,LocalSystem,S-1-5-18,,4,337,0,0,0,0,0,0,0,600000000,0,86016,211,1061639115,0,0,20
5101,2026-07-16 16:34:00,\Device\HarddiskVolume3\Windows\UUS\amd64\MoUsoCoreWorker.exe,,,LocalSystem,S-1-5-18,,4,356,0,0,0,0,0,0,0,600000000,0,380928,1201,1492741842,21,0,93
5102,2026-07-16 16:34:00,\Device\HarddiskVolume3\Windows\System32\svchost.exe [whesvc],,,LocalSystem,S-1-5-18,,4,1845,0,0,0,0,0,0,0,36000000000,0,163840,28497,4682160411,0,0,40
5103,2026-07-16 16:34:00,\Device\HarddiskVolume3\Windows\System32\SearchIndexer.exe,,,LocalSystem,S-1-5-18,,4,338,0,0,0,0,0,0,0,36000000000,0,8192,898,455146130,0,0,2
5104,2026-07-16 16:34:00,\Device\HarddiskVolume3\Windows\System32\SecurityHealthService.exe,,,LocalSystem,S-1-5-18,,4,354,0,0,0,0,0,0,0,36000000000,0,0,250,229580679,0,0,0
5105,2026-07-16 16:34:00,\Device\HarddiskVolume3\Windows\System32\VSSVC.exe,,,LocalSystem,S-1-5-18,,4,359,0,0,0,0,0,0,0,3599850000,0,32768,894,239777009,0,0,8
5106,2026-07-16 16:34:00,\Device\HarddiskVolume3\Windows\System32\svchost.exe [swprv],,,LocalSystem,S-1-5-18,,4,360,0,0,0,0,0,0,0,6600000000,0,24576,372,196177030,0,0,6
5107,2026-07-16 16:34:00,\Device\HarddiskVolume3\Windows\System32\fontdrvhost.exe,,,UnknownOrUserSid,S-1-5-96-0-0,,1700,316,0,0,0,0,0,0,0,2400160000,0,0,20,7786231,0,0,0
5108,2026-07-16 16:34:00,\Device\HarddiskVolume3\Windows\System32\svchost.exe [RPCSS],,,NetworkService,S-1-5-20,,9,26,0,0,0,0,0,0,0,36000000000,0,0,15819,2530840039,0,0,0
5109,2026-07-16 16:34:00,\Device\HarddiskVolume3\Windows\System32\svchost.exe [netprofm],,,NetworkService,S-1-5-20,,9,362,0,0,0,0,0,0,0,36000000000,0,0,5186,1597115887,0,0,0
5110,2026-07-16 16:34:00,\Device\HarddiskVolume3\Windows\System32\svchost.exe [NetworkService],,,NetworkService,S-1-5-20,,9,363,0,0,0,0,0,0,0,161399840000,0,180224,16390,7377608941,0,0,44
5111,2026-07-16 16:34:00,\Device\HarddiskVolume3\Windows\System32\svchost.exe [NetworkServiceNetworkRestricted],,,NetworkService,S-1-5-20,,9,365,0,0,0,0,0,0,0,36000000000,0,0,141,101962191,0,0,0
5112,2026-07-16 16:34:00,\Device\HarddiskVolume3\Windows\System32\wbem\WmiPrvSE.exe,,,NetworkService,S-1-5-20,,9,333,0,0,0,0,0,0,0,1200000000,0,139264,636,487426746,0,0,34
5113,2026-07-16 16:34:00,\Device\HarddiskVolume3\Windows\System32\sppsvc.exe,,,NetworkService,S-1-5-20,,9,361,0,0,0,0,0,0,0,600000000,0,69632,180,610590575,0,0,17
5114,2026-07-16 16:34:00,\Device\HarddiskVolume3\Windows\System32\dwm.exe,,,UnknownOrUserSid,S-1-5-90-0-1,,13,33,0,0,0,0,0,0,0,36000000000,0,0,19455,7502066010,0,0,0
5115,2026-07-16 16:34:00,\Device\HarddiskVolume3\Windows\System32\svchost.exe [LocalServiceNetworkRestricted],,,LocalService,S-1-5-19,,6,368,0,0,0,0,0,0,0,300599990000,0,1860608,9114,3426749725,37,0,352
5116,2026-07-16 16:34:00,\Device\HarddiskVolume3\Windows\System32\svchost.exe [LocalService],,,LocalService,S-1-5-19,,6,367,0,0,0,0,0,0,0,175199840000,0,0,3588,1242108128,0,0,0
5117,2026-07-16 16:34:00,\Device\HarddiskVolume3\Windows\System32\svchost.exe [LocalServiceNoNetwork],,,LocalService,S-1-5-19,,6,366,0,0,0,0,0,0,0,72000000000,0,1507328,21789,5841180974,0,0,339
5118,2026-07-16 16:34:00,\Device\HarddiskVolume3\Windows\System32\svchost.exe [LocalServiceRedirectionGuard],,,LocalService,S-1-5-19,,6,1777,0,0,0,0,0,0,0,36000000000,0,0,758,238628688,0,0,0
5119,2026-07-16 16:34:00,\Device\HarddiskVolume3\Windows\System32\svchost.exe [LocalServiceHttp],,,LocalService,S-1-5-19,,6,1778,0,0,0,0,0,0,0,36000000000,0,0,1020,686368067,0,0,0
5120,2026-07-16 16:34:00,\Device\HarddiskVolume3\Windows\System32\svchost.exe [LocalServiceNoNetworkFirewall],,,LocalService,S-1-5-19,,6,369,0,0,0,0,0,0,0,36000000000,0,0,532,492549229,0,0,0
5121,2026-07-16 16:34:00,\Device\HarddiskVolume3\Windows\System32\svchost.exe [WSAIFabricSvcGroup],,,LocalService,S-1-5-19,,6,1779,0,0,0,0,0,0,0,36000000000,0,0,141,103914978,0,0,0
5122,2026-07-16 16:34:00,\Device\HarddiskVolume3\ProgramData\Microsoft\Windows Defender\Platform\4.18.26060.3008-0\NisSrv.exe,,,LocalService,S-1-5-19,,6,1093,0,0,0,0,0,0,0,36000000000,0,0,712,440208222,0,0,0
5123,2026-07-16 16:34:00,\Device\HarddiskVolume3\Windows\System32\svchost.exe [WuqiSvcGroup],,,LocalService,S-1-5-19,,6,1780,0,0,0,0,0,0,0,36000000000,0,0,139,111385506,0,0,0
5124,2026-07-16 16:34:00,\Device\HarddiskVolume3\Windows\System32\OpenSSH\sshd.exe,,,UnknownOrUserSid,S-1-5-21-2395961029-2893071609-3470587398-1000,,60,1059,0,0,0,0,0,0,0,3600000000,0,0,206,229863086,0,0,0
5125,2026-07-16 16:34:00,\Device\HarddiskVolume3\Windows\System32\cmd.exe,,,UnknownOrUserSid,S-1-5-21-2395961029-2893071609-3470587398-1000,,60,514,0,0,0,0,0,0,0,2400000000,0,8192,49,139073420,0,0,2
5126,2026-07-16 16:34:00,\Device\HarddiskVolume3\Windows\System32\conhost.exe,,,UnknownOrUserSid,S-1-5-21-2395961029-2893071609-3470587398-1000,,60,349,0,0,0,0,0,0,0,3600000000,0,16384,11548,1601919414,0,0,4
5127,2026-07-16 16:34:00,\Device\HarddiskVolume3\dfir\tools\git\bin\bash.exe,,,UnknownOrUserSid,S-1-5-21-2395961029-2893071609-3470587398-1000,,60,1108,0,0,0,0,0,0,0,2400000000,0,0,50,107012518,0,0,0
5128,2026-07-16 16:34:00,\Device\HarddiskVolume3\dfir\tools\git\usr\bin\bash.exe,,,UnknownOrUserSid,S-1-5-21-2395961029-2893071609-3470587398-1000,,60,1099,0,0,0,0,0,0,0,18000000000,32768,331776,5168,2913250782,0,2,81
5129,2026-07-16 16:34:00,\Device\HarddiskVolume3\dfir\tools\git\usr\bin\timeout.exe,,,UnknownOrUserSid,S-1-5-21-2395961029-2893071609-3470587398-1000,,60,1112,0,0,0,0,0,0,0,3600000000,0,0,229,146827775,0,0,0
5130,2026-07-16 16:34:00,\Device\HarddiskVolume3\dfir\Python\Scripts\vol.exe,,,UnknownOrUserSid,S-1-5-21-2395961029-2893071609-3470587398-1000,,60,1329,0,0,0,0,0,0,0,1200000000,0,0,21,30303995,0,0,0
5131,2026-07-16 16:34:00,\Device\HarddiskVolume3\dfir\Python\python.exe,,,UnknownOrUserSid,S-1-5-21-2395961029-2893071609-3470587398-1000,,60,392,0,0,0,0,0,0,0,2399840000,0,0,1824,11583316435,0,0,0
5132,2026-07-16 16:34:00,\Device\HarddiskVolume3\dfir\tools\git\usr\bin\grep.exe,,,UnknownOrUserSid,S-1-5-21-2395961029-2893071609-3470587398-1000,,60,1114,0,0,0,0,0,0,0,1200000000,0,8192,253,51601660,0,0,2
5133,2026-07-16 16:34:00,\Device\HarddiskVolume3\dfir\tools\chainsaw\chainsaw.exe,,,UnknownOrUserSid,S-1-5-21-2395961029-2893071609-3470587398-1000,,60,1313,0,0,0,0,0,0,0,1200160000,0,8192,2360,129705165600,0,0,2
5135,2026-07-16 17:16:00,System,,,LocalSystem,S-1-5-18,,4,29,0,0,0,0,0,0,0,25199850000,327680,2152448,190195,36555798456,0,8,248
5136,2026-07-16 17:16:00,\Device\HarddiskVolume3\Windows\System32\csrss.exe,,,LocalSystem,S-1-5-18,,4,313,0,0,0,0,0,0,0,50399700000,0,0,13028,1950850499,0,0,0
5137,2026-07-16 17:16:00,\Device\HarddiskVolume3\Windows\System32\wininit.exe,,,LocalSystem,S-1-5-18,,4,314,0,0,0,0,0,0,0,1200000000,0,0,4,15403935,0,0,0
5138,2026-07-16 17:16:00,\Device\HarddiskVolume3\Windows\System32\services.exe,,,LocalSystem,S-1-5-18,,4,31,0,0,0,0,0,0,0,25199850000,0,8192,4984,828178129,0,0,2
5139,2026-07-16 17:16:00,\Device\HarddiskVolume3\Windows\System32\lsass.exe,,,LocalSystem,S-1-5-18,,4,315,0,0,0,0,0,0,0,25199850000,0,290816,4854,1804911081,20,0,40
5140,2026-07-16 17:16:00,\Device\HarddiskVolume3\Windows\System32\svchost.exe [DcomLaunch],,,LocalSystem,S-1-5-18,,4,30,0,0,0,0,0,0,0,50399700000,0,0,3832,937290267,0,0,0
5141,2026-07-16 17:16:00,\Device\HarddiskVolume3\Windows\System32\LogonUI.exe,,,LocalSystem,S-1-5-18,,4,523,0,0,0,0,0,0,0,25199850000,0,0,952,2715919544,0,0,0
5142,2026-07-16 17:16:00,\Device\HarddiskVolume3\Windows\System32\svchost.exe [LocalSystemNetworkRestricted],,,LocalSystem,S-1-5-18,,4,323,0,0,0,0,0,0,0,155399250000,0,1212416,836,5711393527,0,0,204
5143,2026-07-16 17:16:00,\Device\HarddiskVolume3\Windows\System32\svchost.exe [appmodel],,,LocalSystem,S-1-5-18,,4,326,0,0,0,0,0,0,0,25199850000,0,8192,165,235512257,0,0,2
5144,2026-07-16 17:16:00,\Device\HarddiskVolume3\Windows\System32\svchost.exe [netsvcs],,,LocalSystem,S-1-5-18,,4,317,0,0,0,0,0,0,0,284398350000,0,925696,3229,3011987934,14,0,67
5145,2026-07-16 17:16:00,\Device\HarddiskVolume3\Windows\System32\svchost.exe [UserProfileService],,,LocalSystem,S-1-5-18,,4,318,0,0,0,0,0,0,0,25199850000,0,32768,171,154948619,0,0,8
5146,2026-07-16 17:16:00,\Device\HarddiskVolume3\Windows\System32\svchost.exe [netsvcsRedirectionGuard],,,LocalSystem,S-1-5-18,,4,1775,0,0,0,0,0,0,0,47399850000,0,0,133,109019255,0,0,0
5147,2026-07-16 17:16:00,\Device\HarddiskVolume3\Windows\System32\svchost.exe [osprivacy],,,LocalSystem,S-1-5-18,,4,346,0,0,0,0,0,0,0,25199850000,0,0,102,83409912,0,0,0
5148,2026-07-16 17:16:00,\Device\HarddiskVolume3\Windows\System32\svchost.exe [NetSvcs],,,LocalSystem,S-1-5-18,,4,331,0,0,0,0,0,0,0,25199850000,0,0,124,45634691,0,0,0
5149,2026-07-16 17:16:00,\Device\HarddiskVolume3\Windows\System32\svchost.exe [utcsvc],,,LocalSystem,S-1-5-18,,4,330,0,0,0,0,0,0,0,25199850000,0,249856,2203,1987141157,4,0,60
5150,2026-07-16 17:16:00,\Device\HarddiskVolume3\Windows\System32\OpenSSH\sshd.exe,,,LocalSystem,S-1-5-18,,4,1059,0,0,0,0,0,0,0,2999700000,0,8192,201,362747056,0,0,2
5151,2026-07-16 17:16:00,\Device\HarddiskVolume3\ProgramData\Microsoft\Windows Defender\Platform\4.18.26060.3008-0\MpDefenderCoreService.exe,,,LocalSystem,S-1-5-18,,4,1078,0,0,0,0,0,0,0,25199850000,0,24576,324,744687244,0,0,6
5152,2026-07-16 17:16:00,\Device\HarddiskVolume3\ProgramData\Microsoft\Windows Defender\Platform\4.18.26060.3008-0\MsMpEng.exe,,,LocalSystem,S-1-5-18,,4,1081,0,0,0,0,0,0,0,25199850000,5240320,2859008,96062,81400792231,1,160,577
5153,2026-07-16 17:16:00,\Device\HarddiskVolume3\Windows\System32\AggregatorHost.exe,,,LocalSystem,S-1-5-18,,4,332,0,0,0,0,0,0,0,14400000000,0,16384,93,208025826,0,0,4
5154,2026-07-16 17:16:00,System Interrupts,,,LocalSystem,S-1-5-18,,4,28,0,0,0,0,0,0,0,25199850000,0,0,0,1194531429062,0,0,0
5155,2026-07-16 17:16:00,Registry,,,LocalSystem,S-1-5-18,,4,335,0,0,0,0,0,0,0,19199700000,0,2199552,354,439323108,54,0,302
5156,2026-07-16 17:16:00,\Device\HarddiskVolume3\Program Files (x86)\Microsoft\EdgeUpdate\MicrosoftEdgeUpdate.exe,,,LocalSystem,S-1-5-18,,4,342,0,0,0,0,0,0,0,3000150000,0,36864,80,132183492,0,0,9
5157,2026-07-16 17:16:00,\Device\HarddiskVolume3\Windows\System32\svchost.exe [InvSvcGroup],,,LocalSystem,S-1-5-18,,4,344,0,0,0,0,0,0,0,25199850000,0,0,100,121504702,0,0,0
5158,2026-07-16 17:16:00,\Device\HarddiskVolume3\Windows\System32\svchost.exe [wusvcs],,,LocalSystem,S-1-5-18,,4,337,0,0,0,0,0,0,0,600000000,0,106496,406,1354886068,0,0,25
5159,2026-07-16 17:16:00,\Device\HarddiskVolume3\Windows\UUS\amd64\MoUsoCoreWorker.exe,,,LocalSystem,S-1-5-18,,4,356,0,0,0,0,0,0,0,600000000,0,503808,1502,1466805943,21,0,123
5160,2026-07-16 17:16:00,\Device\HarddiskVolume3\Windows\System32\svchost.exe [whesvc],,,LocalSystem,S-1-5-18,,4,1845,0,0,0,0,0,0,0,25199850000,0,90112,9361,2200805972,0,0,22
5161,2026-07-16 17:16:00,\Device\HarddiskVolume3\Windows\System32\SearchIndexer.exe,,,LocalSystem,S-1-5-18,,4,338,0,0,0,0,0,0,0,25199850000,0,0,422,531645437,0,0,0
5162,2026-07-16 17:16:00,\Device\HarddiskVolume3\Windows\System32\SecurityHealthService.exe,,,LocalSystem,S-1-5-18,,4,354,0,0,0,0,0,0,0,25199850000,0,0,138,151641912,0,0,0
5163,2026-07-16 17:16:00,\Device\HarddiskVolume3\Windows\System32\svchost.exe [swprv],,,LocalSystem,S-1-5-18,,4,360,0,0,0,0,0,0,0,599850000,0,0,8,5299800,0,0,0
5164,2026-07-16 17:16:00,\Device\HarddiskVolume3\Windows\System32\fontdrvhost.exe,,,UnknownOrUserSid,S-1-5-96-0-0,,1700,316,0,0,0,0,0,0,0,1799850000,0,0,15,4905251,0,0,0
5165,2026-07-16 17:16:00,\Device\HarddiskVolume3\Windows\System32\svchost.exe [RPCSS],,,NetworkService,S-1-5-20,,9,26,0,0,0,0,0,0,0,25199850000,0,0,4110,1310301200,0,0,0
5166,2026-07-16 17:16:00,\Device\HarddiskVolume3\Windows\System32\svchost.exe [netprofm],,,NetworkService,S-1-5-20,,9,362,0,0,0,0,0,0,0,25199850000,0,0,3855,1205709881,0,0,0
5167,2026-07-16 17:16:00,\Device\HarddiskVolume3\Windows\System32\svchost.exe [NetworkService],,,NetworkService,S-1-5-20,,9,363,0,0,0,0,0,0,0,110999550000,196608,77824,11137,5104371075,0,3,19
5168,2026-07-16 17:16:00,\Device\HarddiskVolume3\Windows\System32\svchost.exe [NetworkServiceNetworkRestricted],,,NetworkService,S-1-5-20,,9,365,0,0,0,0,0,0,0,25199850000,0,0,97,89769329,0,0,0
5169,2026-07-16 17:16:00,\Device\HarddiskVolume3\Windows\System32\sppsvc.exe,,,NetworkService,S-1-5-20,,9,361,0,0,0,0,0,0,0,1200000000,0,57344,350,1247144387,0,0,14
5170,2026-07-16 17:16:00,\Device\HarddiskVolume3\Windows\System32\dwm.exe,,,UnknownOrUserSid,S-1-5-90-0-1,,13,33,0,0,0,0,0,0,0,25199850000,0,0,13624,5413803093,0,0,0
5171,2026-07-16 17:16:00,\Device\HarddiskVolume3\Windows\System32\svchost.exe [LocalServiceNetworkRestricted],,,LocalService,S-1-5-19,,6,368,0,0,0,0,0,0,0,208798800000,131072,1176064,3736,2063393130,23,2,207
5172,2026-07-16 17:16:00,\Device\HarddiskVolume3\Windows\System32\svchost.exe [LocalService],,,LocalService,S-1-5-19,,6,367,0,0,0,0,0,0,0,123599100000,0,0,1063,736709002,0,0,0
5173,2026-07-16 17:16:00,\Device\HarddiskVolume3\Windows\System32\svchost.exe [LocalServiceNoNetwork],,,LocalService,S-1-5-19,,6,366,0,0,0,0,0,0,0,50399700000,24064,954368,15085,4181357158,0,6,225
5174,2026-07-16 17:16:00,\Device\HarddiskVolume3\Windows\System32\svchost.exe [LocalServiceRedirectionGuard],,,LocalService,S-1-5-19,,6,1777,0,0,0,0,0,0,0,25199850000,0,0,134,72985509,0,0,0
5175,2026-07-16 17:16:00,\Device\HarddiskVolume3\Windows\System32\svchost.exe [LocalServiceHttp],,,LocalService,S-1-5-19,,6,1778,0,0,0,0,0,0,0,25199850000,0,0,558,319388884,0,0,0
5176,2026-07-16 17:16:00,\Device\HarddiskVolume3\Windows\System32\svchost.exe [LocalServiceNoNetworkFirewall],,,LocalService,S-1-5-19,,6,369,0,0,0,0,0,0,0,25199850000,0,0,531,374041848,0,0,0
5177,2026-07-16 17:16:00,\Device\HarddiskVolume3\Windows\System32\svchost.exe [WSAIFabricSvcGroup],,,LocalService,S-1-5-19,,6,1779,0,0,0,0,0,0,0,25199850000,0,0,96,68614976,0,0,0
5178,2026-07-16 17:16:00,\Device\HarddiskVolume3\ProgramData\Microsoft\Windows Defender\Platform\4.18.26060.3008-0\NisSrv.exe,,,LocalService,S-1-5-19,,6,1093,0,0,0,0,0,0,0,25199850000,0,0,1503,631673418,0,0,0
5179,2026-07-16 17:16:00,\Device\HarddiskVolume3\Windows\System32\svchost.exe [WuqiSvcGroup],,,LocalService,S-1-5-19,,6,1780,0,0,0,0,0,0,0,25199850000,0,0,97,107723474,0,0,0
5180,2026-07-16 17:16:00,\Device\HarddiskVolume3\Windows\System32\OpenSSH\sshd.exe,,,UnknownOrUserSid,S-1-5-21-2395961029-2893071609-3470587398-1000,,60,1059,0,0,0,0,0,0,0,599850000,0,0,80,120967534,0,0,0
5181,2026-07-16 17:16:00,\Device\HarddiskVolume3\Windows\System32\cmd.exe,,,UnknownOrUserSid,S-1-5-21-2395961029-2893071609-3470587398-1000,,60,514,0,0,0,0,0,0,0,599850000,0,0,20,92365787,0,0,0
5182,2026-07-16 17:16:00,\Device\HarddiskVolume3\Windows\System32\conhost.exe,,,UnknownOrUserSid,S-1-5-21-2395961029-2893071609-3470587398-1000,,60,349,0,0,0,0,0,0,0,599850000,0,0,381,169493375,0,0,0
5183,2026-07-16 17:16:00,\Device\HarddiskVolume3\dfir\tools\git\bin\bash.exe,,,UnknownOrUserSid,S-1-5-21-2395961029-2893071609-3470587398-1000,,60,1108,0,0,0,0,0,0,0,599850000,0,0,21,61671103,0,0,0
5184,2026-07-16 17:16:00,\Device\HarddiskVolume3\dfir\tools\git\usr\bin\bash.exe,,,UnknownOrUserSid,S-1-5-21-2395961029-2893071609-3470587398-1000,,60,1099,0,0,0,0,0,0,0,2399400000,16384,0,496,489276836,0,1,0
5185,2026-07-16 17:16:00,\Device\HarddiskVolume3\dfir\tools\git\mingw64\bin\git.exe,,,UnknownOrUserSid,S-1-5-21-2395961029-2893071609-3470587398-1000,,60,1098,0,0,0,0,0,0,0,599850000,4096,233472,79,211653873,0,1,55
