Id,Timestamp,ExeInfo,ExeInfoDescription,ExeTimestamp,SidType,Sid,UserName,UserId,AppId,BytesReceived,BytesSent,InterfaceLuid,InterfaceType,L2ProfileFlags,L2ProfileId,ProfileName
1,2026-07-03 18:17:00,LicenseManager,,,LocalService,S-1-5-19,,6,275,6393,7396,1689399616077824,IF_TYPE_ETHERNET_CSMACD,0,0,
2,2026-07-03 18:17:00,wlidsvc,,,LocalService,S-1-5-19,,6,276,11167,12311,1689399616077824,IF_TYPE_ETHERNET_CSMACD,0,0,
3,2026-07-03 18:17:00,wlidsvc,,,LocalSystem,S-1-5-18,,4,276,53529,78896,1689399616077824,IF_TYPE_ETHERNET_CSMACD,0,0,
4,2026-07-03 18:17:00,wuauserv,,,LocalSystem,S-1-5-18,,4,277,1256066,794051,1689399616077824,IF_TYPE_ETHERNET_CSMACD,0,0,
5,2026-07-03 18:17:00,Dnscache,,,NetworkService,S-1-5-20,,9,278,42306,20098,1689399616077824,IF_TYPE_ETHERNET_CSMACD,0,0,
6,2026-07-03 18:17:00,,,,UnknownOrUserSid,,,2,1,1433489256,9322543,1689399616077824,IF_TYPE_ETHERNET_CSMACD,0,0,
7,2026-07-03 18:17:00,SSDPSRV,,,LocalService,S-1-5-19,,6,279,1513,0,1689399616077824,IF_TYPE_ETHERNET_CSMACD,0,0,
8,2026-07-03 18:17:00,\device\harddiskvolume3\windows\system32\windowspowershell\v1.0\powershell.exe,,,UnknownOrUserSid,S-1-5-21-2395961029-2893071609-3470587398-1000,,60,280,26487441,1203215,1689399616077824,IF_TYPE_ETHERNET_CSMACD,0,0,
9,2026-07-03 18:17:00,DoSvc,,,UnknownOrUserSid,S-1-5-21-2395961029-2893071609-3470587398-1000,,60,281,20340214,494171,1689399616077824,IF_TYPE_ETHERNET_CSMACD,0,0,
10,2026-07-03 18:17:00,\device\harddiskvolume3\windows\system32\dllhost.exe,,,UnknownOrUserSid,S-1-5-21-2395961029-2893071609-3470587398-1000,,60,282,10689,6466,1689399616077824,IF_TYPE_ETHERNET_CSMACD,0,0,
11,2026-07-03 18:17:00,wisvc,,,LocalSystem,S-1-5-18,,4,283,20219,14995,1689399616077824,IF_TYPE_ETHERNET_CSMACD,0,0,
12,2026-07-03 18:17:00,Microsoft.Windows.StartMenuExperienceHost_10.0.26100.1301_neutral_neutral_cw5n1h2txyewy,,,UnknownOrUserSid,S-1-5-21-2395961029-2893071609-3470587398-1000,,60,284,43467,11314,1689399616077824,IF_TYPE_ETHERNET_CSMACD,0,0,
13,2026-07-03 18:17:00,WpnService,,,LocalSystem,S-1-5-18,,4,285,11832,9923,1689399616077824,IF_TYPE_ETHERNET_CSMACD,0,0,
14,2026-07-03 18:17:00,netprofm,,,NetworkService,S-1-5-20,,9,286,361,327,1689399616077824,IF_TYPE_ETHERNET_CSMACD,0,0,
15,2026-07-03 18:17:00,DiagTrack,,,UnknownOrUserSid,S-1-5-21-2395961029-2893071609-3470587398-1000,,60,287,159665,284317,1689399616077824,IF_TYPE_ETHERNET_CSMACD,0,0,
16,2026-07-03 18:17:00,InstallService,,,LocalSystem,S-1-5-18,,4,288,12691,3070,1689399616077824,IF_TYPE_ETHERNET_CSMACD,0,0,
17,2026-07-03 18:17:00,wlidsvc,,,UnknownOrUserSid,S-1-5-21-2395961029-2893071609-3470587398-1000,,60,276,20260,27306,1689399616077824,IF_TYPE_ETHERNET_CSMACD,0,0,
18,2026-07-03 18:17:00,\device\harddiskvolume3\windows\system32\taskhostw.exe,,,LocalSystem,S-1-5-18,,4,289,167781,112165,1689399616077824,IF_TYPE_ETHERNET_CSMACD,0,0,
19,2026-07-03 18:17:00,CryptSvc,,,NetworkService,S-1-5-20,,9,290,20093,1208,1689399616077824,IF_TYPE_ETHERNET_CSMACD,0,0,
20,2026-07-03 18:17:00,DiagTrack,,,LocalSystem,S-1-5-18,,4,287,5798,2814,1689399616077824,IF_TYPE_ETHERNET_CSMACD,0,0,
21,2026-07-03 18:17:00,DoSvc,,,NetworkService,S-1-5-20,,9,281,213399,8823,1689399616077824,IF_TYPE_ETHERNET_CSMACD,0,0,
22,2026-07-03 18:17:00,\device\harddiskvolume3\program files (x86)\microsoft\edgeupdate\microsoftedgeupdate.exe,,,LocalSystem,S-1-5-18,,4,291,13164832,486415,1689399616077824,IF_TYPE_ETHERNET_CSMACD,0,0,
23,2026-07-03 18:17:00,\device\harddiskvolume3\windows\syswow64\wermgr.exe,,,LocalSystem,S-1-5-18,,4,292,8318,19259,1689399616077824,IF_TYPE_ETHERNET_CSMACD,0,0,
24,2026-07-03 18:17:00,CryptSvc,,,LocalSystem,S-1-5-18,,4,290,2546,466,1689399616077824,IF_TYPE_ETHERNET_CSMACD,0,0,
25,2026-07-03 18:17:00,BITS,,,LocalService,S-1-5-19,,6,293,102906,12871,1689399616077824,IF_TYPE_ETHERNET_CSMACD,0,0,
26,2026-07-03 18:17:00,System,,,LocalSystem,S-1-5-18,,4,29,854,3678,1689399616077824,IF_TYPE_ETHERNET_CSMACD,0,0,
27,2026-07-03 18:17:00,System\IPv6 Control Message,,,LocalSystem,S-1-5-18,,4,294,0,630,1689399616077824,IF_TYPE_ETHERNET_CSMACD,0,0,
28,2026-07-03 18:17:00,MicrosoftWindows.Client.CBS_1000.26100.18.0_x64__cw5n1h2txyewy,,,UnknownOrUserSid,S-1-5-21-2395961029-2893071609-3470587398-1000,,60,295,18093,11583,1689399616077824,IF_TYPE_ETHERNET_CSMACD,0,0,
29,2026-07-03 18:17:00,BITS,,,UnknownOrUserSid,S-1-5-21-2395961029-2893071609-3470587398-1000,,60,293,86169,7730,1689399616077824,IF_TYPE_ETHERNET_CSMACD,0,0,
30,2026-07-03 18:17:00,\device\harddiskvolume3\windows\explorer.exe,,,UnknownOrUserSid,S-1-5-21-2395961029-2893071609-3470587398-1000,,60,296,6366,4095,1689399616077824,IF_TYPE_ETHERNET_CSMACD,0,0,
31,2026-07-03 18:17:00,wuauserv,,,UnknownOrUserSid,S-1-5-21-2395961029-2893071609-3470587398-1000,,60,277,145473,32243,1689399616077824,IF_TYPE_ETHERNET_CSMACD,0,0,
32,2026-07-03 18:17:00,\device\harddiskvolume3\windows\system32\dllhost.exe,,,LocalSystem,S-1-5-18,,4,282,16054,21163,1689399616077824,IF_TYPE_ETHERNET_CSMACD,0,0,
33,2026-07-03 18:17:00,Spooler,,,LocalSystem,S-1-5-18,,4,297,0,0,0,0,0,0,
34,2026-07-03 18:17:00,\device\harddiskvolume3\dfir\tools\ez\net9\sqlecmd\sqlecmd.exe,,,UnknownOrUserSid,S-1-5-21-2395961029-2893071609-3470587398-1000,,60,298,284379,7525,1689399616077824,IF_TYPE_ETHERNET_CSMACD,0,0,
35,2026-07-03 18:17:00,\device\harddiskvolume3\dfir\tools\ez\net9\recmd\recmd.exe,,,UnknownOrUserSid,S-1-5-21-2395961029-2893071609-3470587398-1000,,60,299,38636,2759,1689399616077824,IF_TYPE_ETHERNET_CSMACD,0,0,
36,2026-07-03 18:17:00,\device\harddiskvolume3\dfir\tools\ez\net9\evtxecmd\evtxecmd.exe,,,UnknownOrUserSid,S-1-5-21-2395961029-2893071609-3470587398-1000,,60,300,210856,6051,1689399616077824,IF_TYPE_ETHERNET_CSMACD,0,0,
37,2026-07-03 18:17:00,WinDefend,,,LocalSystem,S-1-5-18,,4,301,465359,4463957,1689399616077824,IF_TYPE_ETHERNET_CSMACD,0,0,
38,2026-07-03 18:17:00,\device\harddiskvolume3\program files (x86)\microsoft\edgeupdate\microsoftedgeupdate.exe,,,UnknownOrUserSid,S-1-5-21-2395961029-2893071609-3470587398-1000,,60,291,4084,4244,1689399616077824,IF_TYPE_ETHERNET_CSMACD,0,0,
39,2026-07-03 18:17:00,\device\harddiskvolume3\dfir\tools\hayabusa\hayabusa.exe,,,UnknownOrUserSid,S-1-5-21-2395961029-2893071609-3470587398-1000,,60,302,55224,6346,1689399616077824,IF_TYPE_ETHERNET_CSMACD,0,0,
40,2026-07-03 18:17:00,\device\harddiskvolume3\windows\system32\curl.exe,,,UnknownOrUserSid,S-1-5-21-2395961029-2893071609-3470587398-1000,,60,303,8067170,168677,1689399616077824,IF_TYPE_ETHERNET_CSMACD,0,0,
41,2026-07-03 18:17:00,\device\harddiskvolume3\windows\system32\lsass.exe,,,UnknownOrUserSid,S-1-5-21-2395961029-2893071609-3470587398-1000,,60,304,42798,7115,1689399616077824,IF_TYPE_ETHERNET_CSMACD,0,0,
42,2026-07-03 18:17:00,Dhcp,,,LocalService,S-1-5-19,,6,305,342,344,1689399616077824,IF_TYPE_ETHERNET_CSMACD,0,0,
43,2026-07-03 18:17:00,\device\harddiskvolume3\dfir\python\python.exe,,,UnknownOrUserSid,S-1-5-21-2395961029-2893071609-3470587398-1000,,60,306,4341762,261475,1689399616077824,IF_TYPE_ETHERNET_CSMACD,0,0,
44,2026-07-03 18:17:00,\device\harddiskvolume3\dfir\git\mingw64\libexec\git-core\git-remote-https.exe,,,UnknownOrUserSid,S-1-5-21-2395961029-2893071609-3470587398-1000,,60,307,1851833,105543,1689399616077824,IF_TYPE_ETHERNET_CSMACD,0,0,
45,2026-07-03 18:17:00,WaaSMedicSvc,,,LocalSystem,S-1-5-18,,4,308,4653,2556,1689399616077824,IF_TYPE_ETHERNET_CSMACD,0,0,
46,2026-07-03 18:17:00,\device\harddiskvolume3\dfir\git\mingw64\bin\curl.exe,,,UnknownOrUserSid,S-1-5-21-2395961029-2893071609-3470587398-1000,,60,309,26047131,465090,1689399616077824,IF_TYPE_ETHERNET_CSMACD,0,0,
47,2026-07-03 18:17:00,\device\harddiskvolume3\python27\python.exe,,,UnknownOrUserSid,S-1-5-21-2395961029-2893071609-3470587398-1000,,60,310,55720,8432,1689399616077824,IF_TYPE_ETHERNET_CSMACD,0,0,
63,2026-07-14 07:25:00,WinDefend,,,LocalSystem,S-1-5-18,,4,301,96206,638277,1689399616077824,IF_TYPE_ETHERNET_CSMACD,0,0,
64,2026-07-14 07:25:00,\device\harddiskvolume3\windows\system32\dllhost.exe,,,LocalSystem,S-1-5-18,,4,282,15758,18155,1689399616077824,IF_TYPE_ETHERNET_CSMACD,0,0,
65,2026-07-14 07:25:00,Microsoft.Windows.StartMenuExperienceHost_10.0.26100.1301_neutral_neutral_cw5n1h2txyewy,,,UnknownOrUserSid,S-1-5-21-2395961029-2893071609-3470587398-1000,,60,284,9462,2975,1689399616077824,IF_TYPE_ETHERNET_CSMACD,0,0,
66,2026-07-14 07:25:00,DiagTrack,,,UnknownOrUserSid,S-1-5-21-2395961029-2893071609-3470587398-1000,,60,287,209343,207662,1689399616077824,IF_TYPE_ETHERNET_CSMACD,0,0,
67,2026-07-14 07:25:00,WpnService,,,LocalSystem,S-1-5-18,,4,285,11373,9378,1689399616077824,IF_TYPE_ETHERNET_CSMACD,0,0,
68,2026-07-14 07:25:00,netprofm,,,NetworkService,S-1-5-20,,9,286,782,697,1689399616077824,IF_TYPE_ETHERNET_CSMACD,0,0,
69,2026-07-14 07:25:00,Dnscache,,,NetworkService,S-1-5-20,,9,278,40162,15226,1689399616077824,IF_TYPE_ETHERNET_CSMACD,0,0,
70,2026-07-14 07:25:00,System,,,LocalSystem,S-1-5-18,,4,29,1859,12200,1689399616077824,IF_TYPE_ETHERNET_CSMACD,0,0,
71,2026-07-14 07:25:00,,,,UnknownOrUserSid,,,2,1,2166166584,7348965,1689399616077824,IF_TYPE_ETHERNET_CSMACD,0,0,
72,2026-07-14 07:25:00,Spooler,,,LocalSystem,S-1-5-18,,4,297,0,0,0,0,0,0,
73,2026-07-14 07:25:00,MicrosoftWindows.Client.CBS_1000.26100.18.0_x64__cw5n1h2txyewy,,,UnknownOrUserSid,S-1-5-21-2395961029-2893071609-3470587398-1000,,60,295,27654,7328,1689399616077824,IF_TYPE_ETHERNET_CSMACD,0,0,
74,2026-07-14 07:25:00,System\IPv6 Control Message,,,LocalSystem,S-1-5-18,,4,294,688,2218,1689399616077824,IF_TYPE_ETHERNET_CSMACD,0,0,
75,2026-07-14 07:25:00,DoSvc,,,UnknownOrUserSid,S-1-5-21-2395961029-2893071609-3470587398-1000,,60,281,198589419,5505567,1689399616077824,IF_TYPE_ETHERNET_CSMACD,0,0,
76,2026-07-14 07:25:00,sshd,,,LocalSystem,S-1-5-18,,4,1164,126774,169172,1689399616077824,IF_TYPE_ETHERNET_CSMACD,0,0,
77,2026-07-14 07:25:00,SSDPSRV,,,LocalService,S-1-5-19,,6,279,4370,0,1689399616077824,IF_TYPE_ETHERNET_CSMACD,0,0,
78,2026-07-14 07:25:00,BITS,,,UnknownOrUserSid,S-1-5-21-2395961029-2893071609-3470587398-1000,,60,293,128862,9035,1689399616077824,IF_TYPE_ETHERNET_CSMACD,0,0,
79,2026-07-14 07:25:00,CryptSvc,,,UnknownOrUserSid,S-1-5-21-2395961029-2893071609-3470587398-1000,,60,290,2882,3010,1689399616077824,IF_TYPE_ETHERNET_CSMACD,0,0,
80,2026-07-14 07:25:00,WaaSMedicSvc,,,LocalSystem,S-1-5-18,,4,308,10564,5692,1689399616077824,IF_TYPE_ETHERNET_CSMACD,0,0,
81,2026-07-14 07:25:00,wlidsvc,,,LocalSystem,S-1-5-18,,4,276,26104,18598,1689399616077824,IF_TYPE_ETHERNET_CSMACD,0,0,
82,2026-07-14 07:25:00,CryptSvc,,,LocalSystem,S-1-5-18,,4,290,752,894,1689399616077824,IF_TYPE_ETHERNET_CSMACD,0,0,
83,2026-07-14 07:25:00,\device\harddiskvolume3\windows\system32\windowspowershell\v1.0\powershell.exe,,,UnknownOrUserSid,S-1-5-21-2395961029-2893071609-3470587398-1000,,60,280,60333,4579,1689399616077824,IF_TYPE_ETHERNET_CSMACD,0,0,
84,2026-07-14 07:25:00,\device\harddiskvolume3\windows\system32\lsass.exe,,,UnknownOrUserSid,S-1-5-21-2395961029-2893071609-3470587398-1000,,60,304,17243,1907,1689399616077824,IF_TYPE_ETHERNET_CSMACD,0,0,
85,2026-07-14 07:25:00,\device\harddiskvolume3\windows\system32\curl.exe,,,UnknownOrUserSid,S-1-5-21-2395961029-2893071609-3470587398-1000,,60,303,4361988,89883,1689399616077824,IF_TYPE_ETHERNET_CSMACD,0,0,
86,2026-07-14 07:25:00,\device\harddiskvolume3\windows\system32\taskhostw.exe,,,LocalSystem,S-1-5-18,,4,289,142613,96430,1689399616077824,IF_TYPE_ETHERNET_CSMACD,0,0,
87,2026-07-14 07:25:00,\device\harddiskvolume3\python27\python.exe,,,UnknownOrUserSid,S-1-5-21-2395961029-2893071609-3470587398-1000,,60,310,353500,10491,1689399616077824,IF_TYPE_ETHERNET_CSMACD,0,0,
88,2026-07-14 07:25:00,wuauserv,,,UnknownOrUserSid,S-1-5-21-2395961029-2893071609-3470587398-1000,,60,277,407587,42728,1689399616077824,IF_TYPE_ETHERNET_CSMACD,0,0,
89,2026-07-14 07:25:00,wuauserv,,,LocalSystem,S-1-5-18,,4,277,85258,271093,1689399616077824,IF_TYPE_ETHERNET_CSMACD,0,0,
90,2026-07-14 07:25:00,LicenseManager,,,UnknownOrUserSid,S-1-5-21-2395961029-2893071609-3470587398-1000,,60,275,7970,1426,1689399616077824,IF_TYPE_ETHERNET_CSMACD,0,0,
91,2026-07-14 07:25:00,InstallService,,,UnknownOrUserSid,S-1-5-21-2395961029-2893071609-3470587398-1000,,60,288,4742,3019,1689399616077824,IF_TYPE_ETHERNET_CSMACD,0,0,
92,2026-07-14 07:25:00,wlidsvc,,,UnknownOrUserSid,S-1-5-21-2395961029-2893071609-3470587398-1000,,60,276,8948,6186,1689399616077824,IF_TYPE_ETHERNET_CSMACD,0,0,
93,2026-07-14 07:25:00,wlidsvc,,,LocalService,S-1-5-19,,6,276,32184,24843,1689399616077824,IF_TYPE_ETHERNET_CSMACD,0,0,
94,2026-07-14 07:25:00,MDCoreSvc,,,LocalSystem,S-1-5-18,,4,1165,30289,11918,1689399616077824,IF_TYPE_ETHERNET_CSMACD,0,0,
95,2026-07-14 07:25:00,\device\harddiskvolume3\windows\uus\amd64\mousocoreworker.exe,,,LocalSystem,S-1-5-18,,4,1166,39524,29691,1689399616077824,IF_TYPE_ETHERNET_CSMACD,0,0,
96,2026-07-14 07:25:00,Dhcp,,,LocalService,S-1-5-19,,6,305,1026,1032,1689399616077824,IF_TYPE_ETHERNET_CSMACD,0,0,
97,2026-07-14 07:25:00,\device\harddiskvolume3\windows\system32\mrt.exe,,,LocalSystem,S-1-5-18,,4,1167,4926,7534,1689399616077824,IF_TYPE_ETHERNET_CSMACD,0,0,
125,2026-07-14 08:25:00,\device\harddiskvolume3\windows\system32\taskhostw.exe,,,LocalSystem,S-1-5-18,,4,289,25334,12450,1689399616077824,IF_TYPE_ETHERNET_CSMACD,0,0,
126,2026-07-14 08:25:00,Dnscache,,,NetworkService,S-1-5-20,,9,278,12628,4673,1689399616077824,IF_TYPE_ETHERNET_CSMACD,0,0,
127,2026-07-14 08:25:00,WpnService,,,LocalSystem,S-1-5-18,,4,285,2726,2741,1689399616077824,IF_TYPE_ETHERNET_CSMACD,0,0,
128,2026-07-14 08:25:00,System,,,LocalSystem,S-1-5-18,,4,29,1767,11640,1689399616077824,IF_TYPE_ETHERNET_CSMACD,0,0,
129,2026-07-14 08:25:00,Dhcp,,,LocalService,S-1-5-19,,6,305,1368,1376,1689399616077824,IF_TYPE_ETHERNET_CSMACD,0,0,
130,2026-07-14 08:25:00,System\IPv6 Control Message,,,LocalSystem,S-1-5-18,,4,294,0,1800,1689399616077824,IF_TYPE_ETHERNET_CSMACD,0,0,
131,2026-07-14 08:25:00,,,,UnknownOrUserSid,,,2,1,45984393,702377,1689399616077824,IF_TYPE_ETHERNET_CSMACD,0,0,
132,2026-07-14 08:25:00,sshd,,,LocalSystem,S-1-5-18,,4,1164,112564,138287,1689399616077824,IF_TYPE_ETHERNET_CSMACD,0,0,
133,2026-07-14 08:25:00,DiagTrack,,,UnknownOrUserSid,S-1-5-21-2395961029-2893071609-3470587398-1000,,60,287,16072,19220,1689399616077824,IF_TYPE_ETHERNET_CSMACD,0,0,
134,2026-07-14 08:25:00,SSDPSRV,,,LocalService,S-1-5-19,,6,279,3462,0,1689399616077824,IF_TYPE_ETHERNET_CSMACD,0,0,
135,2026-07-14 08:25:00,WinDefend,,,LocalSystem,S-1-5-18,,4,301,80750,295797,1689399616077824,IF_TYPE_ETHERNET_CSMACD,0,0,
136,2026-07-14 08:25:00,CryptSvc,,,LocalSystem,S-1-5-18,,4,290,754,894,1689399616077824,IF_TYPE_ETHERNET_CSMACD,0,0,
137,2026-07-14 08:25:00,MDCoreSvc,,,LocalSystem,S-1-5-18,,4,1165,28353,16064,1689399616077824,IF_TYPE_ETHERNET_CSMACD,0,0,
138,2026-07-14 08:25:00,CryptSvc,,,UnknownOrUserSid,S-1-5-21-2395961029-2893071609-3470587398-1000,,60,290,2444,2458,1689399616077824,IF_TYPE_ETHERNET_CSMACD,0,0,
139,2026-07-14 08:25:00,msiserver,,,UnknownOrUserSid,S-1-5-21-2395961029-2893071609-3470587398-1000,,60,1359,2898,1088,1689399616077824,IF_TYPE_ETHERNET_CSMACD,0,0,
140,2026-07-14 08:25:00,\device\harddiskvolume3\windows\system32\lsass.exe,,,UnknownOrUserSid,S-1-5-21-2395961029-2893071609-3470587398-1000,,60,304,2177,514,1689399616077824,IF_TYPE_ETHERNET_CSMACD,0,0,
141,2026-07-14 08:25:00,\device\harddiskvolume3\windows\system32\curl.exe,,,UnknownOrUserSid,S-1-5-21-2395961029-2893071609-3470587398-1000,,60,303,2042859,39637,1689399616077824,IF_TYPE_ETHERNET_CSMACD,0,0,
142,2026-07-14 08:25:00,\device\harddiskvolume3\dfir\tools\git\mingw64\libexec\git-core\git-remote-https.exe,,,UnknownOrUserSid,S-1-5-21-2395961029-2893071609-3470587398-1000,,60,1360,485087,13159,1689399616077824,IF_TYPE_ETHERNET_CSMACD,0,0,
143,2026-07-14 08:25:00,\device\harddiskvolume3\dfir\python\python.exe,,,UnknownOrUserSid,S-1-5-21-2395961029-2893071609-3470587398-1000,,60,306,860473,33334,1689399616077824,IF_TYPE_ETHERNET_CSMACD,0,0,
155,2026-07-14 09:25:00,System,,,LocalSystem,S-1-5-18,,4,29,1767,11916,1689399616077824,IF_TYPE_ETHERNET_CSMACD,0,0,
156,2026-07-14 09:25:00,Dhcp,,,LocalService,S-1-5-19,,6,305,1368,1376,1689399616077824,IF_TYPE_ETHERNET_CSMACD,0,0,
157,2026-07-14 09:25:00,System\IPv6 Control Message,,,LocalSystem,S-1-5-18,,4,294,0,1800,1689399616077824,IF_TYPE_ETHERNET_CSMACD,0,0,
158,2026-07-14 09:25:00,,,,UnknownOrUserSid,,,2,1,1390672,1434865,1689399616077824,IF_TYPE_ETHERNET_CSMACD,0,0,
159,2026-07-14 09:25:00,Dnscache,,,NetworkService,S-1-5-20,,9,278,10707,4263,1689399616077824,IF_TYPE_ETHERNET_CSMACD,0,0,
160,2026-07-14 09:25:00,WpnService,,,LocalSystem,S-1-5-18,,4,285,1350,1243,1689399616077824,IF_TYPE_ETHERNET_CSMACD,0,0,
161,2026-07-14 09:25:00,DiagTrack,,,UnknownOrUserSid,S-1-5-21-2395961029-2893071609-3470587398-1000,,60,287,11790,9887,1689399616077824,IF_TYPE_ETHERNET_CSMACD,0,0,
162,2026-07-14 09:25:00,SSDPSRV,,,LocalService,S-1-5-19,,6,279,4616,0,1689399616077824,IF_TYPE_ETHERNET_CSMACD,0,0,
163,2026-07-14 09:25:00,sshd,,,LocalSystem,S-1-5-18,,4,1164,139356,164030,1689399616077824,IF_TYPE_ETHERNET_CSMACD,0,0,
164,2026-07-14 09:25:00,\device\harddiskvolume3\windows\system32\curl.exe,,,UnknownOrUserSid,S-1-5-21-2395961029-2893071609-3470587398-1000,,60,303,136885,5803,1689399616077824,IF_TYPE_ETHERNET_CSMACD,0,0,
165,2026-07-14 09:25:00,WinDefend,,,LocalSystem,S-1-5-18,,4,301,178133,1071354,1689399616077824,IF_TYPE_ETHERNET_CSMACD,0,0,
166,2026-07-14 09:25:00,MDCoreSvc,,,LocalSystem,S-1-5-18,,4,1165,34267,14781,1689399616077824,IF_TYPE_ETHERNET_CSMACD,0,0,
167,2026-07-14 09:25:00,\device\harddiskvolume3\dfir\tools\git\mingw64\bin\curl.exe,,,UnknownOrUserSid,S-1-5-21-2395961029-2893071609-3470587398-1000,,60,1477,52019,3122,1689399616077824,IF_TYPE_ETHERNET_CSMACD,0,0,
168,2026-07-14 09:25:00,CryptSvc,,,UnknownOrUserSid,S-1-5-21-2395961029-2893071609-3470587398-1000,,60,290,2947,3010,1689399616077824,IF_TYPE_ETHERNET_CSMACD,0,0,
169,2026-07-14 09:25:00,LicenseManager,,,LocalSystem,S-1-5-18,,4,275,41080,30998,1689399616077824,IF_TYPE_ETHERNET_CSMACD,0,0,
170,2026-07-14 09:25:00,\device\harddiskvolume3\windows\system32\taskhostw.exe,,,LocalSystem,S-1-5-18,,4,289,5075,2490,1689399616077824,IF_TYPE_ETHERNET_CSMACD,0,0,
171,2026-07-14 09:25:00,W32Time,,,LocalService,S-1-5-19,,6,1478,90,90,1689399616077824,IF_TYPE_ETHERNET_CSMACD,0,0,
185,2026-07-14 10:25:00,System,,,LocalSystem,S-1-5-18,,4,29,1767,11532,1689399616077824,IF_TYPE_ETHERNET_CSMACD,0,0,
186,2026-07-14 10:25:00,Dhcp,,,LocalService,S-1-5-19,,6,305,1368,1376,1689399616077824,IF_TYPE_ETHERNET_CSMACD,0,0,
187,2026-07-14 10:25:00,System\IPv6 Control Message,,,LocalSystem,S-1-5-18,,4,294,0,1620,1689399616077824,IF_TYPE_ETHERNET_CSMACD,0,0,
188,2026-07-14 10:25:00,,,,UnknownOrUserSid,,,2,1,3154199,521331,1689399616077824,IF_TYPE_ETHERNET_CSMACD,0,0,
189,2026-07-14 10:25:00,Dnscache,,,NetworkService,S-1-5-20,,9,278,10280,3740,1689399616077824,IF_TYPE_ETHERNET_CSMACD,0,0,
190,2026-07-14 10:25:00,WpnService,,,LocalSystem,S-1-5-18,,4,285,1350,1243,1689399616077824,IF_TYPE_ETHERNET_CSMACD,0,0,
191,2026-07-14 10:25:00,SSDPSRV,,,LocalService,S-1-5-19,,6,279,4616,0,1689399616077824,IF_TYPE_ETHERNET_CSMACD,0,0,
192,2026-07-14 10:25:00,\device\harddiskvolume3\windows\system32\taskhostw.exe,,,LocalSystem,S-1-5-18,,4,289,10148,4980,1689399616077824,IF_TYPE_ETHERNET_CSMACD,0,0,
193,2026-07-14 10:25:00,MDCoreSvc,,,LocalSystem,S-1-5-18,,4,1165,26031,13605,1689399616077824,IF_TYPE_ETHERNET_CSMACD,0,0,
194,2026-07-14 10:25:00,DiagTrack,,,UnknownOrUserSid,S-1-5-21-2395961029-2893071609-3470587398-1000,,60,287,36866,79243,1689399616077824,IF_TYPE_ETHERNET_CSMACD,0,0,
195,2026-07-14 10:25:00,\device\harddiskvolume3\windows\system32\compattelrunner.exe,,,LocalSystem,S-1-5-18,,4,1499,151554,7210,1689399616077824,IF_TYPE_ETHERNET_CSMACD,0,0,
196,2026-07-14 10:25:00,wlidsvc,,,LocalSystem,S-1-5-18,,4,276,8411,6200,1689399616077824,IF_TYPE_ETHERNET_CSMACD,0,0,
197,2026-07-14 10:25:00,CryptSvc,,,LocalSystem,S-1-5-18,,4,290,754,894,1689399616077824,IF_TYPE_ETHERNET_CSMACD,0,0,
198,2026-07-14 10:25:00,wuauserv,,,UnknownOrUserSid,S-1-5-21-2395961029-2893071609-3470587398-1000,,60,277,199486,15888,1689399616077824,IF_TYPE_ETHERNET_CSMACD,0,0,
199,2026-07-14 10:25:00,wuauserv,,,LocalSystem,S-1-5-18,,4,277,48913,267755,1689399616077824,IF_TYPE_ETHERNET_CSMACD,0,0,
200,2026-07-14 10:25:00,CryptSvc,,,UnknownOrUserSid,S-1-5-21-2395961029-2893071609-3470587398-1000,,60,290,2881,3010,1689399616077824,IF_TYPE_ETHERNET_CSMACD,0,0,
215,2026-07-14 11:25:00,System,,,LocalSystem,S-1-5-18,,4,29,1767,11640,1689399616077824,IF_TYPE_ETHERNET_CSMACD,0,0,
216,2026-07-14 11:25:00,Dhcp,,,LocalService,S-1-5-19,,6,305,1368,1376,1689399616077824,IF_TYPE_ETHERNET_CSMACD,0,0,
217,2026-07-14 11:25:00,MDCoreSvc,,,LocalSystem,S-1-5-18,,4,1165,10399,6384,1689399616077824,IF_TYPE_ETHERNET_CSMACD,0,0,
218,2026-07-14 11:25:00,System\IPv6 Control Message,,,LocalSystem,S-1-5-18,,4,294,0,1800,1689399616077824,IF_TYPE_ETHERNET_CSMACD,0,0,
219,2026-07-14 11:25:00,,,,UnknownOrUserSid,,,2,1,464855,155753,1689399616077824,IF_TYPE_ETHERNET_CSMACD,0,0,
220,2026-07-14 11:25:00,WpnService,,,LocalSystem,S-1-5-18,,4,285,1350,1242,1689399616077824,IF_TYPE_ETHERNET_CSMACD,0,0,
221,2026-07-14 11:25:00,SSDPSRV,,,LocalService,S-1-5-19,,6,279,4039,0,1689399616077824,IF_TYPE_ETHERNET_CSMACD,0,0,
222,2026-07-14 11:25:00,Dnscache,,,NetworkService,S-1-5-20,,9,278,6987,2899,1689399616077824,IF_TYPE_ETHERNET_CSMACD,0,0,
223,2026-07-14 11:25:00,\device\harddiskvolume3\windows\system32\taskhostw.exe,,,LocalSystem,S-1-5-18,,4,289,17109,12851,1689399616077824,IF_TYPE_ETHERNET_CSMACD,0,0,
224,2026-07-14 11:25:00,DiagTrack,,,UnknownOrUserSid,S-1-5-21-2395961029-2893071609-3470587398-1000,,60,287,16986,14784,1689399616077824,IF_TYPE_ETHERNET_CSMACD,0,0,
225,2026-07-14 11:25:00,CryptSvc,,,LocalSystem,S-1-5-18,,4,290,502,558,1689399616077824,IF_TYPE_ETHERNET_CSMACD,0,0,
226,2026-07-14 11:25:00,CryptSvc,,,UnknownOrUserSid,S-1-5-21-2395961029-2893071609-3470587398-1000,,60,290,2946,3010,1689399616077824,IF_TYPE_ETHERNET_CSMACD,0,0,
229,2026-07-14 12:25:00,SSDPSRV,,,LocalService,S-1-5-19,,6,279,5189,0,1689399616077824,IF_TYPE_ETHERNET_CSMACD,0,0,
230,2026-07-14 12:25:00,System,,,LocalSystem,S-1-5-18,,4,29,1767,11640,1689399616077824,IF_TYPE_ETHERNET_CSMACD,0,0,
231,2026-07-14 12:25:00,Dhcp,,,LocalService,S-1-5-19,,6,305,1368,1376,1689399616077824,IF_TYPE_ETHERNET_CSMACD,0,0,
232,2026-07-14 12:25:00,WpnService,,,LocalSystem,S-1-5-18,,4,285,1575,1397,1689399616077824,IF_TYPE_ETHERNET_CSMACD,0,0,
233,2026-07-14 12:25:00,MDCoreSvc,,,LocalSystem,S-1-5-18,,4,1165,38181,15245,1689399616077824,IF_TYPE_ETHERNET_CSMACD,0,0,
234,2026-07-14 12:25:00,Dnscache,,,NetworkService,S-1-5-20,,9,278,7655,2969,1689399616077824,IF_TYPE_ETHERNET_CSMACD,0,0,
235,2026-07-14 12:25:00,System\IPv6 Control Message,,,LocalSystem,S-1-5-18,,4,294,0,1800,1689399616077824,IF_TYPE_ETHERNET_CSMACD,0,0,
236,2026-07-14 12:25:00,,,,UnknownOrUserSid,,,2,1,524154,154543,1689399616077824,IF_TYPE_ETHERNET_CSMACD,0,0,
237,2026-07-14 12:25:00,DiagTrack,,,UnknownOrUserSid,S-1-5-21-2395961029-2893071609-3470587398-1000,,60,287,15148,9409,1689399616077824,IF_TYPE_ETHERNET_CSMACD,0,0,
238,2026-07-14 12:25:00,\device\harddiskvolume3\windows\system32\taskhostw.exe,,,LocalSystem,S-1-5-18,,4,289,10148,4980,1689399616077824,IF_TYPE_ETHERNET_CSMACD,0,0,
239,2026-07-14 12:25:00,CryptSvc,,,UnknownOrUserSid,S-1-5-21-2395961029-2893071609-3470587398-1000,,60,290,2882,3010,1689399616077824,IF_TYPE_ETHERNET_CSMACD,0,0,
243,2026-07-14 13:25:00,WpnService,,,LocalSystem,S-1-5-18,,4,285,1350,1298,1689399616077824,IF_TYPE_ETHERNET_CSMACD,0,0,
244,2026-07-14 13:25:00,System,,,LocalSystem,S-1-5-18,,4,29,1767,11640,1689399616077824,IF_TYPE_ETHERNET_CSMACD,0,0,
245,2026-07-14 13:25:00,Dhcp,,,LocalService,S-1-5-19,,6,305,1368,1376,1689399616077824,IF_TYPE_ETHERNET_CSMACD,0,0,
246,2026-07-14 13:25:00,System\IPv6 Control Message,,,LocalSystem,S-1-5-18,,4,294,0,1800,1689399616077824,IF_TYPE_ETHERNET_CSMACD,0,0,
247,2026-07-14 13:25:00,,,,UnknownOrUserSid,,,2,1,13462899,371498,1689399616077824,IF_TYPE_ETHERNET_CSMACD,0,0,
248,2026-07-14 13:25:00,Dnscache,,,NetworkService,S-1-5-20,,9,278,7108,2866,1689399616077824,IF_TYPE_ETHERNET_CSMACD,0,0,
249,2026-07-14 13:25:00,SSDPSRV,,,LocalService,S-1-5-19,,6,279,3458,0,1689399616077824,IF_TYPE_ETHERNET_CSMACD,0,0,
250,2026-07-14 13:25:00,MDCoreSvc,,,LocalSystem,S-1-5-18,,4,1165,40346,15276,1689399616077824,IF_TYPE_ETHERNET_CSMACD,0,0,
251,2026-07-14 13:25:00,CryptSvc,,,LocalSystem,S-1-5-18,,4,290,437,558,1689399616077824,IF_TYPE_ETHERNET_CSMACD,0,0,
252,2026-07-14 13:25:00,DiagTrack,,,UnknownOrUserSid,S-1-5-21-2395961029-2893071609-3470587398-1000,,60,287,11369,7271,1689399616077824,IF_TYPE_ETHERNET_CSMACD,0,0,
253,2026-07-14 13:25:00,\device\harddiskvolume3\windows\system32\taskhostw.exe,,,LocalSystem,S-1-5-18,,4,289,5074,2490,1689399616077824,IF_TYPE_ETHERNET_CSMACD,0,0,
254,2026-07-14 13:25:00,\device\harddiskvolume3\dfir\tools\git\mingw64\bin\curl.exe,,,UnknownOrUserSid,S-1-5-21-2395961029-2893071609-3470587398-1000,,60,1477,68465,2363,1689399616077824,IF_TYPE_ETHERNET_CSMACD,0,0,
255,2026-07-14 13:25:00,sshd,,,LocalSystem,S-1-5-18,,4,1164,28730,32943,1689399616077824,IF_TYPE_ETHERNET_CSMACD,0,0,
256,2026-07-14 13:25:00,\device\harddiskvolume3\dfir\tools\git\mingw64\libexec\git-core\git-remote-https.exe,,,UnknownOrUserSid,S-1-5-21-2395961029-2893071609-3470587398-1000,,60,1360,983331,33532,1689399616077824,IF_TYPE_ETHERNET_CSMACD,0,0,
257,2026-07-14 13:25:00,WinDefend,,,LocalSystem,S-1-5-18,,4,301,26436,155056,1689399616077824,IF_TYPE_ETHERNET_CSMACD,0,0,
273,2026-07-14 14:25:00,WpnService,,,LocalSystem,S-1-5-18,,4,285,1350,1242,1689399616077824,IF_TYPE_ETHERNET_CSMACD,0,0,
274,2026-07-14 14:25:00,System,,,LocalSystem,S-1-5-18,,4,29,1767,11640,1689399616077824,IF_TYPE_ETHERNET_CSMACD,0,0,
275,2026-07-14 14:25:00,Dhcp,,,LocalService,S-1-5-19,,6,305,1368,1376,1689399616077824,IF_TYPE_ETHERNET_CSMACD,0,0,
276,2026-07-14 14:25:00,sshd,,,LocalSystem,S-1-5-18,,4,1164,94776,95935,1689399616077824,IF_TYPE_ETHERNET_CSMACD,0,0,
277,2026-07-14 14:25:00,System\IPv6 Control Message,,,LocalSystem,S-1-5-18,,4,294,688,2488,1689399616077824,IF_TYPE_ETHERNET_CSMACD,0,0,
278,2026-07-14 14:25:00,,,,UnknownOrUserSid,,,2,1,1208177,568235,1689399616077824,IF_TYPE_ETHERNET_CSMACD,0,0,
279,2026-07-14 14:25:00,Dnscache,,,NetworkService,S-1-5-20,,9,278,13444,4838,1689399616077824,IF_TYPE_ETHERNET_CSMACD,0,0,
280,2026-07-14 14:25:00,WinDefend,,,LocalSystem,S-1-5-18,,4,301,28714,125735,1689399616077824,IF_TYPE_ETHERNET_CSMACD,0,0,
281,2026-07-14 14:25:00,wuauserv,,,UnknownOrUserSid,S-1-5-21-2395961029-2893071609-3470587398-1000,,60,277,10184,2779,1689399616077824,IF_TYPE_ETHERNET_CSMACD,0,0,
282,2026-07-14 14:25:00,\device\harddiskvolume3\windows\uus\amd64\mousocoreworker.exe,,,LocalSystem,S-1-5-18,,4,1166,16598,12630,1689399616077824,IF_TYPE_ETHERNET_CSMACD,0,0,
283,2026-07-14 14:25:00,DoSvc,,,UnknownOrUserSid,S-1-5-21-2395961029-2893071609-3470587398-1000,,60,281,100468,5699,1689399616077824,IF_TYPE_ETHERNET_CSMACD,0,0,
284,2026-07-14 14:25:00,CryptSvc,,,UnknownOrUserSid,S-1-5-21-2395961029-2893071609-3470587398-1000,,60,290,2881,3010,1689399616077824,IF_TYPE_ETHERNET_CSMACD,0,0,
285,2026-07-14 14:25:00,SSDPSRV,,,LocalService,S-1-5-19,,6,279,4039,0,1689399616077824,IF_TYPE_ETHERNET_CSMACD,0,0,
286,2026-07-14 14:25:00,\device\harddiskvolume3\windows\system32\wermgr.exe,,,UnknownOrUserSid,S-1-5-21-2395961029-2893071609-3470587398-1000,,60,1534,45315,105354,1689399616077824,IF_TYPE_ETHERNET_CSMACD,0,0,
287,2026-07-14 14:25:00,wlidsvc,,,LocalSystem,S-1-5-18,,4,276,6962,6153,1689399616077824,IF_TYPE_ETHERNET_CSMACD,0,0,
288,2026-07-14 14:25:00,\device\harddiskvolume3\windows\system32\taskhostw.exe,,,LocalSystem,S-1-5-18,,4,289,39406,23793,1689399616077824,IF_TYPE_ETHERNET_CSMACD,0,0,
289,2026-07-14 14:25:00,DiagTrack,,,UnknownOrUserSid,S-1-5-21-2395961029-2893071609-3470587398-1000,,60,287,34741,37589,1689399616077824,IF_TYPE_ETHERNET_CSMACD,0,0,
290,2026-07-14 14:25:00,\device\harddiskvolume3\windows\uus\amd64\wuaucltcore.exe,,,UnknownOrUserSid,S-1-5-21-2395961029-2893071609-3470587398-1000,,60,1535,5618,1344,1689399616077824,IF_TYPE_ETHERNET_CSMACD,0,0,
291,2026-07-14 14:25:00,MDCoreSvc,,,LocalSystem,S-1-5-18,,4,1165,34200,14661,1689399616077824,IF_TYPE_ETHERNET_CSMACD,0,0,
292,2026-07-14 14:25:00,CryptSvc,,,LocalSystem,S-1-5-18,,4,290,437,558,1689399616077824,IF_TYPE_ETHERNET_CSMACD,0,0,
293,2026-07-14 14:25:00,W32Time,,,LocalService,S-1-5-19,,6,1478,90,90,1689399616077824,IF_TYPE_ETHERNET_CSMACD,0,0,
303,2026-07-14 15:27:00,\device\harddiskvolume3\windows\system32\taskhostw.exe,,,LocalSystem,S-1-5-18,,4,289,15186,7470,1689399616077824,IF_TYPE_ETHERNET_CSMACD,0,0,
304,2026-07-14 15:27:00,Dnscache,,,NetworkService,S-1-5-20,,9,278,8702,8737,1689399616077824,IF_TYPE_ETHERNET_CSMACD,0,0,
305,2026-07-14 15:27:00,WpnService,,,LocalSystem,S-1-5-18,,4,285,1410,1298,1689399616077824,IF_TYPE_ETHERNET_CSMACD,0,0,
306,2026-07-14 15:27:00,System,,,LocalSystem,S-1-5-18,,4,29,1767,12240,1689399616077824,IF_TYPE_ETHERNET_CSMACD,0,0,
307,2026-07-14 15:27:00,Dhcp,,,LocalService,S-1-5-19,,6,305,1710,1720,1689399616077824,IF_TYPE_ETHERNET_CSMACD,0,0,
308,2026-07-14 15:27:00,System\IPv6 Control Message,,,LocalSystem,S-1-5-18,,4,294,172,2422,1689399616077824,IF_TYPE_ETHERNET_CSMACD,0,0,
309,2026-07-14 15:27:00,,,,UnknownOrUserSid,,,2,1,648835,226772,1689399616077824,IF_TYPE_ETHERNET_CSMACD,0,0,
310,2026-07-14 15:27:00,sshd,,,LocalSystem,S-1-5-18,,4,1164,44482,52133,1689399616077824,IF_TYPE_ETHERNET_CSMACD,0,0,
311,2026-07-14 15:27:00,SSDPSRV,,,LocalService,S-1-5-19,,6,279,3643,0,1689399616077824,IF_TYPE_ETHERNET_CSMACD,0,0,
312,2026-07-14 15:27:00,MDCoreSvc,,,LocalSystem,S-1-5-18,,4,1165,24516,13552,1689399616077824,IF_TYPE_ETHERNET_CSMACD,0,0,
313,2026-07-14 15:27:00,CryptSvc,,,LocalSystem,S-1-5-18,,4,290,1064,1110,1689399616077824,IF_TYPE_ETHERNET_CSMACD,0,0,
314,2026-07-14 15:27:00,\device\harddiskvolume3\program files (x86)\microsoft\edgeupdate\microsoftedgeupdate.exe,,,LocalSystem,S-1-5-18,,4,291,6591,3216,1689399616077824,IF_TYPE_ETHERNET_CSMACD,0,0,
315,2026-07-14 15:27:00,\device\harddiskvolume3\program files (x86)\microsoft\edgeupdate\microsoftedgeupdate.exe,,,UnknownOrUserSid,S-1-5-21-2395961029-2893071609-3470587398-1000,,60,291,4138,4302,1689399616077824,IF_TYPE_ETHERNET_CSMACD,0,0,
316,2026-07-14 15:27:00,DiagTrack,,,UnknownOrUserSid,S-1-5-21-2395961029-2893071609-3470587398-1000,,60,287,11702,8655,1689399616077824,IF_TYPE_ETHERNET_CSMACD,0,0,
317,2026-07-14 15:27:00,CryptSvc,,,UnknownOrUserSid,S-1-5-21-2395961029-2893071609-3470587398-1000,,60,290,2445,2458,1689399616077824,IF_TYPE_ETHERNET_CSMACD,0,0,
333,2026-07-14 16:27:00,Dnscache,,,NetworkService,S-1-5-20,,9,278,8510,4176,1689399616077824,IF_TYPE_ETHERNET_CSMACD,0,0,
334,2026-07-14 16:27:00,System,,,LocalSystem,S-1-5-18,,4,29,1767,11640,1689399616077824,IF_TYPE_ETHERNET_CSMACD,0,0,
335,2026-07-14 16:27:00,,,,UnknownOrUserSid,,,2,1,12941382,1319155,1689399616077824,IF_TYPE_ETHERNET_CSMACD,0,0,
336,2026-07-14 16:27:00,WpnService,,,LocalSystem,S-1-5-18,,4,285,1350,1243,1689399616077824,IF_TYPE_ETHERNET_CSMACD,0,0,
337,2026-07-14 16:27:00,MDCoreSvc,,,LocalSystem,S-1-5-18,,4,1165,10943,6436,1689399616077824,IF_TYPE_ETHERNET_CSMACD,0,0,
338,2026-07-14 16:27:00,SSDPSRV,,,LocalService,S-1-5-19,,6,279,4088,0,1689399616077824,IF_TYPE_ETHERNET_CSMACD,0,0,
339,2026-07-14 16:27:00,\device\harddiskvolume3\dfir\tools\git\mingw64\libexec\git-core\git-remote-https.exe,,,UnknownOrUserSid,S-1-5-21-2395961029-2893071609-3470587398-1000,,60,1360,883998,30184,1689399616077824,IF_TYPE_ETHERNET_CSMACD,0,0,
340,2026-07-14 16:27:00,sshd,,,LocalSystem,S-1-5-18,,4,1164,42726,48840,1689399616077824,IF_TYPE_ETHERNET_CSMACD,0,0,
341,2026-07-14 16:27:00,CryptSvc,,,UnknownOrUserSid,S-1-5-21-2395961029-2893071609-3470587398-1000,,60,290,3073,3010,1689399616077824,IF_TYPE_ETHERNET_CSMACD,0,0,
342,2026-07-14 16:27:00,WinDefend,,,LocalSystem,S-1-5-18,,4,301,219274,1090827,1689399616077824,IF_TYPE_ETHERNET_CSMACD,0,0,
343,2026-07-14 16:27:00,DiagTrack,,,UnknownOrUserSid,S-1-5-21-2395961029-2893071609-3470587398-1000,,60,287,16653,13300,1689399616077824,IF_TYPE_ETHERNET_CSMACD,0,0,
344,2026-07-14 16:27:00,Dhcp,,,LocalService,S-1-5-19,,6,305,1368,1376,1689399616077824,IF_TYPE_ETHERNET_CSMACD,0,0,
345,2026-07-14 16:27:00,System\IPv6 Control Message,,,LocalSystem,S-1-5-18,,4,294,172,1972,1689399616077824,IF_TYPE_ETHERNET_CSMACD,0,0,
346,2026-07-14 16:27:00,\device\harddiskvolume3\windows\system32\taskhostw.exe,,,LocalSystem,S-1-5-18,,4,289,5074,2490,1689399616077824,IF_TYPE_ETHERNET_CSMACD,0,0,
347,2026-07-14 16:27:00,CryptSvc,,,LocalSystem,S-1-5-18,,4,290,502,558,1689399616077824,IF_TYPE_ETHERNET_CSMACD,0,0,
363,2026-07-14 17:27:00,Dnscache,,,NetworkService,S-1-5-20,,9,278,7446,2799,1689399616077824,IF_TYPE_ETHERNET_CSMACD,0,0,
364,2026-07-14 17:27:00,System,,,LocalSystem,S-1-5-18,,4,29,1767,11640,1689399616077824,IF_TYPE_ETHERNET_CSMACD,0,0,
365,2026-07-14 17:27:00,,,,UnknownOrUserSid,,,2,1,428238,152665,1689399616077824,IF_TYPE_ETHERNET_CSMACD,0,0,
366,2026-07-14 17:27:00,WpnService,,,LocalSystem,S-1-5-18,,4,285,1350,1243,1689399616077824,IF_TYPE_ETHERNET_CSMACD,0,0,
367,2026-07-14 17:27:00,MDCoreSvc,,,LocalSystem,S-1-5-18,,4,1165,25949,15678,1689399616077824,IF_TYPE_ETHERNET_CSMACD,0,0,
368,2026-07-14 17:27:00,SSDPSRV,,,LocalService,S-1-5-19,,6,279,3577,0,1689399616077824,IF_TYPE_ETHERNET_CSMACD,0,0,
369,2026-07-14 17:27:00,\device\harddiskvolume3\windows\system32\taskhostw.exe,,,LocalSystem,S-1-5-18,,4,289,10149,4980,1689399616077824,IF_TYPE_ETHERNET_CSMACD,0,0,
370,2026-07-14 17:27:00,DiagTrack,,,UnknownOrUserSid,S-1-5-21-2395961029-2893071609-3470587398-1000,,60,287,10188,8234,1689399616077824,IF_TYPE_ETHERNET_CSMACD,0,0,
371,2026-07-14 17:27:00,Dhcp,,,LocalService,S-1-5-19,,6,305,1368,1376,1689399616077824,IF_TYPE_ETHERNET_CSMACD,0,0,
372,2026-07-14 17:27:00,System\IPv6 Control Message,,,LocalSystem,S-1-5-18,,4,294,0,1800,1689399616077824,IF_TYPE_ETHERNET_CSMACD,0,0,
373,2026-07-14 17:27:00,CryptSvc,,,UnknownOrUserSid,S-1-5-21-2395961029-2893071609-3470587398-1000,,60,290,2947,3010,1689399616077824,IF_TYPE_ETHERNET_CSMACD,0,0,
377,2026-07-14 18:27:00,System,,,LocalSystem,S-1-5-18,,4,29,1859,11640,1689399616077824,IF_TYPE_ETHERNET_CSMACD,0,0,
378,2026-07-14 18:27:00,,,,UnknownOrUserSid,,,2,1,476445,163087,1689399616077824,IF_TYPE_ETHERNET_CSMACD,0,0,
379,2026-07-14 18:27:00,WpnService,,,LocalSystem,S-1-5-18,,4,285,1575,1397,1689399616077824,IF_TYPE_ETHERNET_CSMACD,0,0,
380,2026-07-14 18:27:00,Dnscache,,,NetworkService,S-1-5-20,,9,278,6140,3499,1689399616077824,IF_TYPE_ETHERNET_CSMACD,0,0,
381,2026-07-14 18:27:00,SSDPSRV,,,LocalService,S-1-5-19,,6,279,4088,0,1689399616077824,IF_TYPE_ETHERNET_CSMACD,0,0,
382,2026-07-14 18:27:00,MDCoreSvc,,,LocalSystem,S-1-5-18,,4,1165,35777,15290,1689399616077824,IF_TYPE_ETHERNET_CSMACD,0,0,
383,2026-07-14 18:27:00,CryptSvc,,,LocalSystem,S-1-5-18,,4,290,874,1110,1689399616077824,IF_TYPE_ETHERNET_CSMACD,0,0,
384,2026-07-14 18:27:00,DiagTrack,,,UnknownOrUserSid,S-1-5-21-2395961029-2893071609-3470587398-1000,,60,287,11507,9559,1689399616077824,IF_TYPE_ETHERNET_CSMACD,0,0,
385,2026-07-14 18:27:00,Dhcp,,,LocalService,S-1-5-19,,6,305,1368,1376,1689399616077824,IF_TYPE_ETHERNET_CSMACD,0,0,
386,2026-07-14 18:27:00,System\IPv6 Control Message,,,LocalSystem,S-1-5-18,,4,294,172,1972,1689399616077824,IF_TYPE_ETHERNET_CSMACD,0,0,
387,2026-07-14 18:27:00,\device\harddiskvolume3\windows\system32\taskhostw.exe,,,LocalSystem,S-1-5-18,,4,289,21327,9976,1689399616077824,IF_TYPE_ETHERNET_CSMACD,0,0,
388,2026-07-14 18:27:00,MicrosoftWindows.Client.CBS_1000.26100.18.0_x64__cw5n1h2txyewy,,,UnknownOrUserSid,S-1-5-21-2395961029-2893071609-3470587398-1000,,60,295,4970,3819,1689399616077824,IF_TYPE_ETHERNET_CSMACD,0,0,
389,2026-07-14 18:27:00,W32Time,,,LocalService,S-1-5-19,,6,1478,90,90,1689399616077824,IF_TYPE_ETHERNET_CSMACD,0,0,
391,2026-07-14 19:27:00,WpnService,,,LocalSystem,S-1-5-18,,4,285,1350,1298,1689399616077824,IF_TYPE_ETHERNET_CSMACD,0,0,
392,2026-07-14 19:27:00,System,,,LocalSystem,S-1-5-18,,4,29,1767,11640,1689399616077824,IF_TYPE_ETHERNET_CSMACD,0,0,
393,2026-07-14 19:27:00,Dhcp,,,LocalService,S-1-5-19,,6,305,1368,1826,1689399616077824,IF_TYPE_ETHERNET_CSMACD,0,0,
394,2026-07-14 19:27:00,,,,UnknownOrUserSid,,,2,1,461596,158868,1689399616077824,IF_TYPE_ETHERNET_CSMACD,0,0,
395,2026-07-14 19:27:00,Dnscache,,,NetworkService,S-1-5-20,,9,278,7301,2888,1689399616077824,IF_TYPE_ETHERNET_CSMACD,0,0,
396,2026-07-14 19:27:00,SSDPSRV,,,LocalService,S-1-5-19,,6,279,3577,0,1689399616077824,IF_TYPE_ETHERNET_CSMACD,0,0,
397,2026-07-14 19:27:00,\device\harddiskvolume3\windows\system32\taskhostw.exe,,,LocalSystem,S-1-5-18,,4,289,12117,7346,1689399616077824,IF_TYPE_ETHERNET_CSMACD,0,0,
398,2026-07-14 19:27:00,MDCoreSvc,,,LocalSystem,S-1-5-18,,4,1165,24433,15154,1689399616077824,IF_TYPE_ETHERNET_CSMACD,0,0,
399,2026-07-14 19:27:00,DiagTrack,,,UnknownOrUserSid,S-1-5-21-2395961029-2893071609-3470587398-1000,,60,287,15688,11447,1689399616077824,IF_TYPE_ETHERNET_CSMACD,0,0,
400,2026-07-14 19:27:00,System\IPv6 Control Message,,,LocalSystem,S-1-5-18,,4,294,0,1800,1689399616077824,IF_TYPE_ETHERNET_CSMACD,0,0,
401,2026-07-14 19:27:00,CryptSvc,,,UnknownOrUserSid,S-1-5-21-2395961029-2893071609-3470587398-1000,,60,290,2881,3010,1689399616077824,IF_TYPE_ETHERNET_CSMACD,0,0,
405,2026-07-14 20:27:00,WpnService,,,LocalSystem,S-1-5-18,,4,285,1350,1243,1689399616077824,IF_TYPE_ETHERNET_CSMACD,0,0,
406,2026-07-14 20:27:00,System,,,LocalSystem,S-1-5-18,,4,29,1859,11640,1689399616077824,IF_TYPE_ETHERNET_CSMACD,0,0,
407,2026-07-14 20:27:00,,,,UnknownOrUserSid,,,2,1,178868020,65954053,1689399616077824,IF_TYPE_ETHERNET_CSMACD,0,0,
408,2026-07-14 20:27:00,Dnscache,,,NetworkService,S-1-5-20,,9,278,15414,5953,1689399616077824,IF_TYPE_ETHERNET_CSMACD,0,0,
409,2026-07-14 20:27:00,System\IPv6 Control Message,,,LocalSystem,S-1-5-18,,4,294,344,2144,1689399616077824,IF_TYPE_ETHERNET_CSMACD,0,0,
410,2026-07-14 20:27:00,DoSvc,,,UnknownOrUserSid,S-1-5-21-2395961029-2893071609-3470587398-1000,,60,281,16837186,379595,1689399616077824,IF_TYPE_ETHERNET_CSMACD,0,0,
411,2026-07-14 20:27:00,DiagTrack,,,UnknownOrUserSid,S-1-5-21-2395961029-2893071609-3470587398-1000,,60,287,60286,47475,1689399616077824,IF_TYPE_ETHERNET_CSMACD,0,0,
412,2026-07-14 20:27:00,wuauserv,,,UnknownOrUserSid,S-1-5-21-2395961029-2893071609-3470587398-1000,,60,277,609292,63618,1689399616077824,IF_TYPE_ETHERNET_CSMACD,0,0,
413,2026-07-14 20:27:00,wuauserv,,,LocalSystem,S-1-5-18,,4,277,49954,199707,1689399616077824,IF_TYPE_ETHERNET_CSMACD,0,0,
414,2026-07-14 20:27:00,\device\harddiskvolume3\windows\system32\taskhostw.exe,,,LocalSystem,S-1-5-18,,4,289,19040,10431,1689399616077824,IF_TYPE_ETHERNET_CSMACD,0,0,
415,2026-07-14 20:27:00,\device\harddiskvolume3\windows\uus\amd64\mousocoreworker.exe,,,LocalSystem,S-1-5-18,,4,1166,12137,10764,1689399616077824,IF_TYPE_ETHERNET_CSMACD,0,0,
416,2026-07-14 20:27:00,SSDPSRV,,,LocalService,S-1-5-19,,6,279,4088,0,1689399616077824,IF_TYPE_ETHERNET_CSMACD,0,0,
417,2026-07-14 20:27:00,MDCoreSvc,,,LocalSystem,S-1-5-18,,4,1165,30904,13802,1689399616077824,IF_TYPE_ETHERNET_CSMACD,0,0,
418,2026-07-14 20:27:00,\device\harddiskvolume3\windows\system32\mrt.exe,,,LocalSystem,S-1-5-18,,4,1167,4926,7482,1689399616077824,IF_TYPE_ETHERNET_CSMACD,0,0,
419,2026-07-14 20:27:00,Dhcp,,,LocalService,S-1-5-19,,6,305,1368,1376,1689399616077824,IF_TYPE_ETHERNET_CSMACD,0,0,
420,2026-07-14 20:27:00,CryptSvc,,,LocalSystem,S-1-5-18,,4,290,873,1110,1689399616077824,IF_TYPE_ETHERNET_CSMACD,0,0,
421,2026-07-14 20:27:00,CryptSvc,,,UnknownOrUserSid,S-1-5-21-2395961029-2893071609-3470587398-1000,,60,290,2444,2458,1689399616077824,IF_TYPE_ETHERNET_CSMACD,0,0,
422,2026-07-14 20:27:00,DoSvc,,,NetworkService,S-1-5-20,,9,281,1434987,65077039,1689399616077824,IF_TYPE_ETHERNET_CSMACD,0,0,
435,2026-07-14 21:27:00,WpnService,,,LocalSystem,S-1-5-18,,4,285,1410,1298,1689399616077824,IF_TYPE_ETHERNET_CSMACD,0,0,
436,2026-07-14 21:27:00,System,,,LocalSystem,S-1-5-18,,4,29,2043,11640,1689399616077824,IF_TYPE_ETHERNET_CSMACD,0,0,
437,2026-07-14 21:27:00,,,,UnknownOrUserSid,,,2,1,124136030,681533,1689399616077824,IF_TYPE_ETHERNET_CSMACD,0,0,
438,2026-07-14 21:27:00,SSDPSRV,,,LocalService,S-1-5-19,,6,279,4088,0,1689399616077824,IF_TYPE_ETHERNET_CSMACD,0,0,
439,2026-07-14 21:27:00,Dnscache,,,NetworkService,S-1-5-20,,9,278,13445,5817,1689399616077824,IF_TYPE_ETHERNET_CSMACD,0,0,
440,2026-07-14 21:27:00,MDCoreSvc,,,LocalSystem,S-1-5-18,,4,1165,19346,8352,1689399616077824,IF_TYPE_ETHERNET_CSMACD,0,0,
441,2026-07-14 21:27:00,\device\harddiskvolume3\windows\system32\taskhostw.exe,,,LocalSystem,S-1-5-18,,4,289,25648,15312,1689399616077824,IF_TYPE_ETHERNET_CSMACD,0,0,
442,2026-07-14 21:27:00,DiagTrack,,,UnknownOrUserSid,S-1-5-21-2395961029-2893071609-3470587398-1000,,60,287,11566,12032,1689399616077824,IF_TYPE_ETHERNET_CSMACD,0,0,
443,2026-07-14 21:27:00,LicenseManager,,,UnknownOrUserSid,S-1-5-21-2395961029-2893071609-3470587398-1000,,60,275,3826,1342,1689399616077824,IF_TYPE_ETHERNET_CSMACD,0,0,
444,2026-07-14 21:27:00,Dhcp,,,LocalService,S-1-5-19,,6,305,1368,1376,1689399616077824,IF_TYPE_ETHERNET_CSMACD,0,0,
445,2026-07-14 21:27:00,System\IPv6 Control Message,,,LocalSystem,S-1-5-18,,4,294,0,1800,1689399616077824,IF_TYPE_ETHERNET_CSMACD,0,0,
446,2026-07-14 21:27:00,CryptSvc,,,UnknownOrUserSid,S-1-5-21-2395961029-2893071609-3470587398-1000,,60,290,2882,3010,1689399616077824,IF_TYPE_ETHERNET_CSMACD,0,0,
447,2026-07-14 21:27:00,sshd,,,LocalSystem,S-1-5-18,,4,1164,43748,46798,1689399616077824,IF_TYPE_ETHERNET_CSMACD,0,0,
448,2026-07-14 21:27:00,\device\harddiskvolume3\dfir\tools\git\mingw64\bin\curl.exe,,,UnknownOrUserSid,S-1-5-21-2395961029-2893071609-3470587398-1000,,60,1477,5224758,111397,1689399616077824,IF_TYPE_ETHERNET_CSMACD,0,0,
449,2026-07-14 21:27:00,CryptSvc,,,LocalSystem,S-1-5-18,,4,290,435,558,1689399616077824,IF_TYPE_ETHERNET_CSMACD,0,0,
450,2026-07-14 21:27:00,\device\harddiskvolume3\dfir\tools\git\mingw64\libexec\git-core\git-remote-https.exe,,,UnknownOrUserSid,S-1-5-21-2395961029-2893071609-3470587398-1000,,60,1360,856396,24769,1689399616077824,IF_TYPE_ETHERNET_CSMACD,0,0,
451,2026-07-14 21:27:00,\device\harddiskvolume3\windows\system32\lsass.exe,,,UnknownOrUserSid,S-1-5-21-2395961029-2893071609-3470587398-1000,,60,304,8015,1707,1689399616077824,IF_TYPE_ETHERNET_CSMACD,0,0,
452,2026-07-14 21:27:00,\device\harddiskvolume3\dfir\python\python.exe,,,UnknownOrUserSid,S-1-5-21-2395961029-2893071609-3470587398-1000,,60,306,3664072,304210,1689399616077824,IF_TYPE_ETHERNET_CSMACD,0,0,
453,2026-07-14 21:27:00,WinDefend,,,LocalSystem,S-1-5-18,,4,301,13267,11397,1689399616077824,IF_TYPE_ETHERNET_CSMACD,0,0,
465,2026-07-14 22:27:00,SSDPSRV,,,LocalService,S-1-5-19,,6,279,4599,0,1689399616077824,IF_TYPE_ETHERNET_CSMACD,0,0,
466,2026-07-14 22:27:00,System,,,LocalSystem,S-1-5-18,,4,29,2135,11640,1689399616077824,IF_TYPE_ETHERNET_CSMACD,0,0,
467,2026-07-14 22:27:00,,,,UnknownOrUserSid,,,2,1,638478,577138,1689399616077824,IF_TYPE_ETHERNET_CSMACD,0,0,
468,2026-07-14 22:27:00,Dnscache,,,NetworkService,S-1-5-20,,9,278,7746,2823,1689399616077824,IF_TYPE_ETHERNET_CSMACD,0,0,
469,2026-07-14 22:27:00,WinDefend,,,LocalSystem,S-1-5-18,,4,301,60022,378434,1689399616077824,IF_TYPE_ETHERNET_CSMACD,0,0,
470,2026-07-14 22:27:00,WpnService,,,LocalSystem,S-1-5-18,,4,285,1350,1242,1689399616077824,IF_TYPE_ETHERNET_CSMACD,0,0,
471,2026-07-14 22:27:00,MDCoreSvc,,,LocalSystem,S-1-5-18,,4,1165,35776,14767,1689399616077824,IF_TYPE_ETHERNET_CSMACD,0,0,
472,2026-07-14 22:27:00,DiagTrack,,,UnknownOrUserSid,S-1-5-21-2395961029-2893071609-3470587398-1000,,60,287,17295,18418,1689399616077824,IF_TYPE_ETHERNET_CSMACD,0,0,
473,2026-07-14 22:27:00,Dhcp,,,LocalService,S-1-5-19,,6,305,1368,1376,1689399616077824,IF_TYPE_ETHERNET_CSMACD,0,0,
474,2026-07-14 22:27:00,System\IPv6 Control Message,,,LocalSystem,S-1-5-18,,4,294,0,1800,1689399616077824,IF_TYPE_ETHERNET_CSMACD,0,0,
475,2026-07-14 22:27:00,\device\harddiskvolume3\windows\system32\taskhostw.exe,,,LocalSystem,S-1-5-18,,4,289,22494,13671,1689399616077824,IF_TYPE_ETHERNET_CSMACD,0,0,
476,2026-07-14 22:27:00,CryptSvc,,,UnknownOrUserSid,S-1-5-21-2395961029-2893071609-3470587398-1000,,60,290,437,552,1689399616077824,IF_TYPE_ETHERNET_CSMACD,0,0,
477,2026-07-14 22:27:00,\device\harddiskvolume3\dfir\tools\git\mingw64\libexec\git-core\git-remote-https.exe,,,UnknownOrUserSid,S-1-5-21-2395961029-2893071609-3470587398-1000,,60,1360,16259,2976,1689399616077824,IF_TYPE_ETHERNET_CSMACD,0,0,
478,2026-07-14 22:27:00,sshd,,,LocalSystem,S-1-5-18,,4,1164,16210,17650,1689399616077824,IF_TYPE_ETHERNET_CSMACD,0,0,
479,2026-07-14 22:27:00,CryptSvc,,,LocalSystem,S-1-5-18,,4,290,437,558,1689399616077824,IF_TYPE_ETHERNET_CSMACD,0,0,
495,2026-07-14 23:27:00,CryptSvc,,,UnknownOrUserSid,S-1-5-21-2395961029-2893071609-3470587398-1000,,60,290,4690,3552,1689399616077824,IF_TYPE_ETHERNET_CSMACD,0,0,
496,2026-07-14 23:27:00,Dnscache,,,NetworkService,S-1-5-20,,9,278,6839,2708,1689399616077824,IF_TYPE_ETHERNET_CSMACD,0,0,
497,2026-07-14 23:27:00,System,,,LocalSystem,S-1-5-18,,4,29,2227,11640,1689399616077824,IF_TYPE_ETHERNET_CSMACD,0,0,
498,2026-07-14 23:27:00,,,,UnknownOrUserSid,,,2,1,516442,159355,1689399616077824,IF_TYPE_ETHERNET_CSMACD,0,0,
499,2026-07-14 23:27:00,WpnService,,,LocalSystem,S-1-5-18,,4,285,1350,1243,1689399616077824,IF_TYPE_ETHERNET_CSMACD,0,0,
500,2026-07-14 23:27:00,SSDPSRV,,,LocalService,S-1-5-19,,6,279,4088,0,1689399616077824,IF_TYPE_ETHERNET_CSMACD,0,0,
501,2026-07-14 23:27:00,MDCoreSvc,,,LocalSystem,S-1-5-18,,4,1165,31204,14767,1689399616077824,IF_TYPE_ETHERNET_CSMACD,0,0,
502,2026-07-14 23:27:00,Dhcp,,,LocalService,S-1-5-19,,6,305,1368,1376,1689399616077824,IF_TYPE_ETHERNET_CSMACD,0,0,
503,2026-07-14 23:27:00,System\IPv6 Control Message,,,LocalSystem,S-1-5-18,,4,294,0,1800,1689399616077824,IF_TYPE_ETHERNET_CSMACD,0,0,
504,2026-07-14 23:27:00,W32Time,,,LocalService,S-1-5-19,,6,1478,90,90,1689399616077824,IF_TYPE_ETHERNET_CSMACD,0,0,
505,2026-07-14 23:27:00,CryptSvc,,,LocalSystem,S-1-5-18,,4,290,502,498,1689399616077824,IF_TYPE_ETHERNET_CSMACD,0,0,
506,2026-07-14 23:27:00,\device\harddiskvolume3\windows\system32\taskhostw.exe,,,LocalSystem,S-1-5-18,,4,289,10053,4918,1689399616077824,IF_TYPE_ETHERNET_CSMACD,0,0,
507,2026-07-14 23:27:00,DiagTrack,,,UnknownOrUserSid,S-1-5-21-2395961029-2893071609-3470587398-1000,,60,287,11072,6684,1689399616077824,IF_TYPE_ETHERNET_CSMACD,0,0,
509,2026-07-15 00:27:00,Dnscache,,,NetworkService,S-1-5-20,,9,278,17301,15507,1689399616077824,IF_TYPE_ETHERNET_CSMACD,0,0,
510,2026-07-15 00:27:00,System,,,LocalSystem,S-1-5-18,,4,29,2043,17506,1689399616077824,IF_TYPE_ETHERNET_CSMACD,0,0,
511,2026-07-15 00:27:00,,,,UnknownOrUserSid,,,2,1,28514691,524477,1689399616077824,IF_TYPE_ETHERNET_CSMACD,0,0,
512,2026-07-15 00:27:00,WpnService,,,LocalSystem,S-1-5-18,,4,285,66113,47763,1689399616077824,IF_TYPE_ETHERNET_CSMACD,0,0,
513,2026-07-15 00:27:00,SSDPSRV,,,LocalService,S-1-5-19,,6,279,7893,0,1689399616077824,IF_TYPE_ETHERNET_CSMACD,0,0,
514,2026-07-15 00:27:00,MDCoreSvc,,,LocalSystem,S-1-5-18,,4,1165,34747,14838,1689399616077824,IF_TYPE_ETHERNET_CSMACD,0,0,
515,2026-07-15 00:27:00,CryptSvc,,,LocalSystem,S-1-5-18,,4,290,437,558,1689399616077824,IF_TYPE_ETHERNET_CSMACD,0,0,
516,2026-07-15 00:27:00,Dhcp,,,LocalService,S-1-5-19,,6,305,1026,4632,1689399616077824,IF_TYPE_ETHERNET_CSMACD,0,0,
517,2026-07-15 00:27:00,System\IPv6 Control Message,,,LocalSystem,S-1-5-18,,4,294,0,8024,1689399616077824,IF_TYPE_ETHERNET_CSMACD,0,0,
518,2026-07-15 00:27:00,\device\harddiskvolume3\windows\system32\werfault.exe,,,LocalSystem,S-1-5-18,,4,1673,20829,47426,1689399616077824,IF_TYPE_ETHERNET_CSMACD,0,0,
519,2026-07-15 00:27:00,\device\harddiskvolume3\windows\system32\curl.exe,,,UnknownOrUserSid,S-1-5-21-2395961029-2893071609-3470587398-1000,,60,303,2004922,41133,1689399616077824,IF_TYPE_ETHERNET_CSMACD,0,0,
520,2026-07-15 00:27:00,WinDefend,,,LocalSystem,S-1-5-18,,4,301,27252,128739,1689399616077824,IF_TYPE_ETHERNET_CSMACD,0,0,
521,2026-07-15 00:27:00,CryptSvc,,,UnknownOrUserSid,S-1-5-21-2395961029-2893071609-3470587398-1000,,60,290,4822,3839,1689399616077824,IF_TYPE_ETHERNET_CSMACD,0,0,
522,2026-07-15 00:27:00,\device\harddiskvolume3\windows\system32\taskhostw.exe,,,LocalSystem,S-1-5-18,,4,289,10339,8818,1689399616077824,IF_TYPE_ETHERNET_CSMACD,0,0,
523,2026-07-15 00:27:00,DiagTrack,,,UnknownOrUserSid,S-1-5-21-2395961029-2893071609-3470587398-1000,,60,287,13907,12141,1689399616077824,IF_TYPE_ETHERNET_CSMACD,0,0,
524,2026-07-15 00:27:00,DoSvc,,,UnknownOrUserSid,S-1-5-21-2395961029-2893071609-3470587398-1000,,60,281,114627,26110,1689399616077824,IF_TYPE_ETHERNET_CSMACD,0,0,
525,2026-07-15 00:27:00,netprofm,,,NetworkService,S-1-5-20,,9,286,1083,1110,1689399616077824,IF_TYPE_ETHERNET_CSMACD,0,0,
526,2026-07-15 00:27:00,\device\harddiskvolume3\windows\system32\sihclient.exe,,,UnknownOrUserSid,S-1-5-21-2395961029-2893071609-3470587398-1000,,60,1674,7403,2586,1689399616077824,IF_TYPE_ETHERNET_CSMACD,0,0,
539,2026-07-15 00:31:00,WpnService,,,LocalSystem,S-1-5-18,,4,285,6370,4528,1689399616077824,IF_TYPE_ETHERNET_CSMACD,0,0,
540,2026-07-15 00:31:00,\device\harddiskvolume3\windows\system32\taskhostw.exe,,,LocalSystem,S-1-5-18,,4,289,7076,5327,1689399616077824,IF_TYPE_ETHERNET_CSMACD,0,0,
541,2026-07-15 00:31:00,Dnscache,,,NetworkService,S-1-5-20,,9,278,1330,566,1689399616077824,IF_TYPE_ETHERNET_CSMACD,0,0,
542,2026-07-15 00:31:00,System,,,LocalSystem,S-1-5-18,,4,29,0,660,1689399616077824,IF_TYPE_ETHERNET_CSMACD,0,0,
543,2026-07-15 00:31:00,,,,UnknownOrUserSid,,,2,1,33885,24211,1689399616077824,IF_TYPE_ETHERNET_CSMACD,0,0,
544,2026-07-15 00:31:00,DiagTrack,,,UnknownOrUserSid,S-1-5-21-2395961029-2893071609-3470587398-1000,,60,287,4283,4695,1689399616077824,IF_TYPE_ETHERNET_CSMACD,0,0,
545,2026-07-15 00:34:00,MDCoreSvc,,,LocalSystem,S-1-5-18,,4,1165,3667,1879,1689399616077824,IF_TYPE_ETHERNET_CSMACD,0,0,
546,2026-07-15 00:34:00,DiagTrack,,,LocalSystem,S-1-5-18,,4,287,10096,11120,1689399616077824,IF_TYPE_ETHERNET_CSMACD,0,0,
547,2026-07-15 00:34:00,netprofm,,,NetworkService,S-1-5-20,,9,286,421,370,1689399616077824,IF_TYPE_ETHERNET_CSMACD,0,0,
548,2026-07-15 00:34:00,Dnscache,,,NetworkService,S-1-5-20,,9,278,1987,1163,1689399616077824,IF_TYPE_ETHERNET_CSMACD,0,0,
549,2026-07-15 00:34:00,System,,,LocalSystem,S-1-5-18,,4,29,0,1052,1689399616077824,IF_TYPE_ETHERNET_CSMACD,0,0,
550,2026-07-15 00:34:00,,,,UnknownOrUserSid,,,2,1,97617,41457,1689399616077824,IF_TYPE_ETHERNET_CSMACD,0,0,
551,2026-07-15 00:34:00,Spooler,,,LocalSystem,S-1-5-18,,4,297,0,0,0,0,0,0,
552,2026-07-15 00:34:00,\device\harddiskvolume3\windows\system32\taskhostw.exe,,,LocalSystem,S-1-5-18,,4,289,30860,13794,1689399616077824,IF_TYPE_ETHERNET_CSMACD,0,0,
553,2026-07-15 00:34:00,wisvc,,,LocalSystem,S-1-5-18,,4,283,12440,6139,1689399616077824,IF_TYPE_ETHERNET_CSMACD,0,0,
559,2026-07-15 01:35:00,System\IPv6 Control Message,,,LocalSystem,S-1-5-18,,4,294,258,1694,1689399616077824,IF_TYPE_ETHERNET_CSMACD,0,0,
560,2026-07-15 01:35:00,DoSvc,,,NetworkService,S-1-5-20,,9,281,4755987,139479,1689399616077824,IF_TYPE_ETHERNET_CSMACD,0,0,
561,2026-07-15 01:35:00,wlidsvc,,,LocalSystem,S-1-5-18,,4,276,5748,6146,1689399616077824,IF_TYPE_ETHERNET_CSMACD,0,0,
562,2026-07-15 01:35:00,DiagTrack,,,LocalSystem,S-1-5-18,,4,287,69675,124162,1689399616077824,IF_TYPE_ETHERNET_CSMACD,0,0,
563,2026-07-15 01:35:00,wuauserv,,,LocalSystem,S-1-5-18,,4,277,339435,215110,1689399616077824,IF_TYPE_ETHERNET_CSMACD,0,0,
564,2026-07-15 01:35:00,MDCoreSvc,,,LocalSystem,S-1-5-18,,4,1165,24939,12839,1689399616077824,IF_TYPE_ETHERNET_CSMACD,0,0,
565,2026-07-15 01:35:00,netprofm,,,NetworkService,S-1-5-20,,9,286,361,370,1689399616077824,IF_TYPE_ETHERNET_CSMACD,0,0,
566,2026-07-15 01:35:00,Dnscache,,,NetworkService,S-1-5-20,,9,278,14765,6509,1689399616077824,IF_TYPE_ETHERNET_CSMACD,0,0,
567,2026-07-15 01:35:00,,,,UnknownOrUserSid,,,2,1,182844650,1389687,1689399616077824,IF_TYPE_ETHERNET_CSMACD,0,0,
568,2026-07-15 01:35:00,Spooler,,,LocalSystem,S-1-5-18,,4,297,0,0,0,0,0,0,
569,2026-07-15 01:35:00,System,,,LocalSystem,S-1-5-18,,4,29,1984,9828,1689399616077824,IF_TYPE_ETHERNET_CSMACD,0,0,
570,2026-07-15 01:35:00,\device\harddiskvolume3\dfir\tools\git\mingw64\libexec\git-core\git-remote-https.exe,,,UnknownOrUserSid,S-1-5-21-2395961029-2893071609-3470587398-1000,,60,1360,9545291,246148,1689399616077824,IF_TYPE_ETHERNET_CSMACD,0,0,
571,2026-07-15 01:35:00,sshd,,,LocalSystem,S-1-5-18,,4,1164,147394,139283,1689399616077824,IF_TYPE_ETHERNET_CSMACD,0,0,
572,2026-07-15 01:35:00,\device\harddiskvolume3\program files (x86)\microsoft\edgeupdate\microsoftedgeupdate.exe,,,LocalSystem,S-1-5-18,,4,291,11767,7633,1689399616077824,IF_TYPE_ETHERNET_CSMACD,0,0,
573,2026-07-15 01:35:00,WaaSMedicSvc,,,LocalSystem,S-1-5-18,,4,308,3646,2623,1689399616077824,IF_TYPE_ETHERNET_CSMACD,0,0,
574,2026-07-15 01:35:00,\device\harddiskvolume3\windows\system32\taskhostw.exe,,,LocalSystem,S-1-5-18,,4,289,53515,47405,1689399616077824,IF_TYPE_ETHERNET_CSMACD,0,0,
575,2026-07-15 01:35:00,CryptSvc,,,LocalSystem,S-1-5-18,,4,290,1004,1110,1689399616077824,IF_TYPE_ETHERNET_CSMACD,0,0,
576,2026-07-15 01:35:00,UsoSvc,,,LocalSystem,S-1-5-18,,4,1844,3733,6357,1689399616077824,IF_TYPE_ETHERNET_CSMACD,0,0,
577,2026-07-15 01:35:00,Dhcp,,,LocalService,S-1-5-19,,6,305,1026,1032,1689399616077824,IF_TYPE_ETHERNET_CSMACD,0,0,
578,2026-07-15 01:35:00,WinDefend,,,LocalSystem,S-1-5-18,,4,301,55113,296912,1689399616077824,IF_TYPE_ETHERNET_CSMACD,0,0,
589,2026-07-15 02:35:00,MDCoreSvc,,,LocalSystem,S-1-5-18,,4,1165,8033,6455,1689399616077824,IF_TYPE_ETHERNET_CSMACD,0,0,
590,2026-07-15 02:35:00,System\IPv6 Control Message,,,LocalSystem,S-1-5-18,,4,294,172,1972,1689399616077824,IF_TYPE_ETHERNET_CSMACD,0,0,
591,2026-07-15 02:35:00,System,,,LocalSystem,S-1-5-18,,4,29,2319,11640,1689399616077824,IF_TYPE_ETHERNET_CSMACD,0,0,
592,2026-07-15 02:35:00,Dhcp,,,LocalService,S-1-5-19,,6,305,1368,1376,1689399616077824,IF_TYPE_ETHERNET_CSMACD,0,0,
593,2026-07-15 02:35:00,,,,UnknownOrUserSid,,,2,1,353007,168473,1689399616077824,IF_TYPE_ETHERNET_CSMACD,0,0,
594,2026-07-15 02:35:00,Dnscache,,,NetworkService,S-1-5-20,,9,278,6294,3571,1689399616077824,IF_TYPE_ETHERNET_CSMACD,0,0,
595,2026-07-15 02:35:00,DiagTrack,,,LocalSystem,S-1-5-18,,4,287,10065,13667,1689399616077824,IF_TYPE_ETHERNET_CSMACD,0,0,
596,2026-07-15 02:35:00,CryptSvc,,,LocalSystem,S-1-5-18,,4,290,874,1110,1689399616077824,IF_TYPE_ETHERNET_CSMACD,0,0,
597,2026-07-15 02:35:00,\device\harddiskvolume3\windows\system32\taskhostw.exe,,,LocalSystem,S-1-5-18,,4,289,21087,20220,1689399616077824,IF_TYPE_ETHERNET_CSMACD,0,0,
598,2026-07-15 02:35:00,WaaSMedicSvc,,,LocalSystem,S-1-5-18,,4,308,3611,2623,1689399616077824,IF_TYPE_ETHERNET_CSMACD,0,0,
603,2026-07-15 03:35:00,MDCoreSvc,,,LocalSystem,S-1-5-18,,4,1165,28205,14611,1689399616077824,IF_TYPE_ETHERNET_CSMACD,0,0,
604,2026-07-15 03:35:00,System\IPv6 Control Message,,,LocalSystem,S-1-5-18,,4,294,0,1800,1689399616077824,IF_TYPE_ETHERNET_CSMACD,0,0,
605,2026-07-15 03:35:00,System,,,LocalSystem,S-1-5-18,,4,29,2043,11640,1689399616077824,IF_TYPE_ETHERNET_CSMACD,0,0,
606,2026-07-15 03:35:00,Dhcp,,,LocalService,S-1-5-19,,6,305,1368,1376,1689399616077824,IF_TYPE_ETHERNET_CSMACD,0,0,
607,2026-07-15 03:35:00,,,,UnknownOrUserSid,,,2,1,415918,177081,1689399616077824,IF_TYPE_ETHERNET_CSMACD,0,0,
608,2026-07-15 03:35:00,Dnscache,,,NetworkService,S-1-5-20,,9,278,6128,2770,1689399616077824,IF_TYPE_ETHERNET_CSMACD,0,0,
609,2026-07-15 03:35:00,DiagTrack,,,LocalSystem,S-1-5-18,,4,287,22116,22755,1689399616077824,IF_TYPE_ETHERNET_CSMACD,0,0,
610,2026-07-15 03:35:00,\device\harddiskvolume3\windows\system32\taskhostw.exe,,,LocalSystem,S-1-5-18,,4,289,10799,11282,1689399616077824,IF_TYPE_ETHERNET_CSMACD,0,0,
611,2026-07-15 03:35:00,CryptSvc,,,LocalSystem,S-1-5-18,,4,290,1064,1110,1689399616077824,IF_TYPE_ETHERNET_CSMACD,0,0,
612,2026-07-15 03:35:00,W32Time,,,LocalService,S-1-5-19,,6,1478,90,90,1689399616077824,IF_TYPE_ETHERNET_CSMACD,0,0,
617,2026-07-15 04:35:00,MDCoreSvc,,,LocalSystem,S-1-5-18,,4,1165,21406,15540,1689399616077824,IF_TYPE_ETHERNET_CSMACD,0,0,
618,2026-07-15 04:35:00,System\IPv6 Control Message,,,LocalSystem,S-1-5-18,,4,294,0,1800,1689399616077824,IF_TYPE_ETHERNET_CSMACD,0,0,
619,2026-07-15 04:35:00,System,,,LocalSystem,S-1-5-18,,4,29,2227,11640,1689399616077824,IF_TYPE_ETHERNET_CSMACD,0,0,
620,2026-07-15 04:35:00,Dhcp,,,LocalService,S-1-5-19,,6,305,1368,1376,1689399616077824,IF_TYPE_ETHERNET_CSMACD,0,0,
621,2026-07-15 04:35:00,,,,UnknownOrUserSid,,,2,1,395872,159234,1689399616077824,IF_TYPE_ETHERNET_CSMACD,0,0,
622,2026-07-15 04:35:00,Dnscache,,,NetworkService,S-1-5-20,,9,278,4933,2607,1689399616077824,IF_TYPE_ETHERNET_CSMACD,0,0,
623,2026-07-15 04:35:00,DiagTrack,,,LocalSystem,S-1-5-18,,4,287,8067,6654,1689399616077824,IF_TYPE_ETHERNET_CSMACD,0,0,
624,2026-07-15 04:35:00,CryptSvc,,,LocalSystem,S-1-5-18,,4,290,939,1056,1689399616077824,IF_TYPE_ETHERNET_CSMACD,0,0,
625,2026-07-15 04:35:00,\device\harddiskvolume3\windows\system32\taskhostw.exe,,,LocalSystem,S-1-5-18,,4,289,10513,6129,1689399616077824,IF_TYPE_ETHERNET_CSMACD,0,0,
626,2026-07-15 04:35:00,WaaSMedicSvc,,,LocalSystem,S-1-5-18,,4,308,5161,2623,1689399616077824,IF_TYPE_ETHERNET_CSMACD,0,0,
631,2026-07-15 05:35:00,\device\harddiskvolume3\windows\system32\rundll32.exe,,,LocalSystem,S-1-5-18,,4,1940,3482,1237,1689399616077824,IF_TYPE_ETHERNET_CSMACD,0,0,
632,2026-07-15 05:35:00,Dnscache,,,NetworkService,S-1-5-20,,9,278,6616,2433,1689399616077824,IF_TYPE_ETHERNET_CSMACD,0,0,
633,2026-07-15 05:35:00,MDCoreSvc,,,LocalSystem,S-1-5-18,,4,1165,31323,15010,1689399616077824,IF_TYPE_ETHERNET_CSMACD,0,0,
634,2026-07-15 05:35:00,System\IPv6 Control Message,,,LocalSystem,S-1-5-18,,4,294,0,1800,1689399616077824,IF_TYPE_ETHERNET_CSMACD,0,0,
635,2026-07-15 05:35:00,System,,,LocalSystem,S-1-5-18,,4,29,2227,11640,1689399616077824,IF_TYPE_ETHERNET_CSMACD,0,0,
636,2026-07-15 05:35:00,Dhcp,,,LocalService,S-1-5-19,,6,305,1368,1376,1689399616077824,IF_TYPE_ETHERNET_CSMACD,0,0,
637,2026-07-15 05:35:00,,,,UnknownOrUserSid,,,2,1,439804,163363,1689399616077824,IF_TYPE_ETHERNET_CSMACD,0,0,
638,2026-07-15 05:35:00,DiagTrack,,,LocalSystem,S-1-5-18,,4,287,8086,6892,1689399616077824,IF_TYPE_ETHERNET_CSMACD,0,0,
639,2026-07-15 05:35:00,CryptSvc,,,LocalSystem,S-1-5-18,,4,290,436,558,1689399616077824,IF_TYPE_ETHERNET_CSMACD,0,0,
640,2026-07-15 05:35:00,\device\harddiskvolume3\windows\system32\taskhostw.exe,,,LocalSystem,S-1-5-18,,4,289,15326,9911,1689399616077824,IF_TYPE_ETHERNET_CSMACD,0,0,
641,2026-07-15 05:35:00,\device\harddiskvolume3\windows\uus\amd64\mousocoreworker.exe,,,LocalSystem,S-1-5-18,,4,1166,5121,2841,1689399616077824,IF_TYPE_ETHERNET_CSMACD,0,0,
645,2026-07-15 06:35:00,MDCoreSvc,,,LocalSystem,S-1-5-18,,4,1165,19509,11311,1689399616077824,IF_TYPE_ETHERNET_CSMACD,0,0,
646,2026-07-15 06:35:00,System\IPv6 Control Message,,,LocalSystem,S-1-5-18,,4,294,0,1800,1689399616077824,IF_TYPE_ETHERNET_CSMACD,0,0,
647,2026-07-15 06:35:00,System,,,LocalSystem,S-1-5-18,,4,29,2043,11640,1689399616077824,IF_TYPE_ETHERNET_CSMACD,0,0,
648,2026-07-15 06:35:00,Dhcp,,,LocalService,S-1-5-19,,6,305,1368,1376,1689399616077824,IF_TYPE_ETHERNET_CSMACD,0,0,
649,2026-07-15 06:35:00,,,,UnknownOrUserSid,,,2,1,435926,188104,1689399616077824,IF_TYPE_ETHERNET_CSMACD,0,0,
650,2026-07-15 06:35:00,Dnscache,,,NetworkService,S-1-5-20,,9,278,7640,2954,1689399616077824,IF_TYPE_ETHERNET_CSMACD,0,0,
651,2026-07-15 06:35:00,\device\harddiskvolume3\windows\system32\taskhostw.exe,,,LocalSystem,S-1-5-18,,4,289,35437,20119,1689399616077824,IF_TYPE_ETHERNET_CSMACD,0,0,
652,2026-07-15 06:35:00,CryptSvc,,,LocalSystem,S-1-5-18,,4,290,1256,1110,1689399616077824,IF_TYPE_ETHERNET_CSMACD,0,0,
653,2026-07-15 06:35:00,DiagTrack,,,LocalSystem,S-1-5-18,,4,287,15451,19085,1689399616077824,IF_TYPE_ETHERNET_CSMACD,0,0,
654,2026-07-15 06:35:00,WaaSMedicSvc,,,LocalSystem,S-1-5-18,,4,308,5161,2616,1689399616077824,IF_TYPE_ETHERNET_CSMACD,0,0,
655,2026-07-15 06:35:00,wlidsvc,,,LocalSystem,S-1-5-18,,4,276,9886,6206,1689399616077824,IF_TYPE_ETHERNET_CSMACD,0,0,
659,2026-07-15 07:35:00,MDCoreSvc,,,LocalSystem,S-1-5-18,,4,1165,14767,11101,1689399616077824,IF_TYPE_ETHERNET_CSMACD,0,0,
660,2026-07-15 07:35:00,System\IPv6 Control Message,,,LocalSystem,S-1-5-18,,4,294,172,1972,1689399616077824,IF_TYPE_ETHERNET_CSMACD,0,0,
661,2026-07-15 07:35:00,System,,,LocalSystem,S-1-5-18,,4,29,2227,11640,1689399616077824,IF_TYPE_ETHERNET_CSMACD,0,0,
662,2026-07-15 07:35:00,Dhcp,,,LocalService,S-1-5-19,,6,305,1368,1376,1689399616077824,IF_TYPE_ETHERNET_CSMACD,0,0,
663,2026-07-15 07:35:00,,,,UnknownOrUserSid,,,2,1,164983270,1850426,1689399616077824,IF_TYPE_ETHERNET_CSMACD,0,0,
664,2026-07-15 07:35:00,Dnscache,,,NetworkService,S-1-5-20,,9,278,12833,5798,1689399616077824,IF_TYPE_ETHERNET_CSMACD,0,0,
665,2026-07-15 07:35:00,DiagTrack,,,LocalSystem,S-1-5-18,,4,287,174373,41868,1689399616077824,IF_TYPE_ETHERNET_CSMACD,0,0,
666,2026-07-15 07:35:00,\device\harddiskvolume3\windows\system32\taskhostw.exe,,,LocalSystem,S-1-5-18,,4,289,38227,23425,1689399616077824,IF_TYPE_ETHERNET_CSMACD,0,0,
667,2026-07-15 07:35:00,\device\harddiskvolume3\windows\uus\amd64\mousocoreworker.exe,,,LocalSystem,S-1-5-18,,4,1166,14272,17108,1689399616077824,IF_TYPE_ETHERNET_CSMACD,0,0,
668,2026-07-15 07:35:00,CryptSvc,,,LocalSystem,S-1-5-18,,4,290,939,1110,1689399616077824,IF_TYPE_ETHERNET_CSMACD,0,0,
669,2026-07-15 07:35:00,sshd,,,LocalSystem,S-1-5-18,,4,1164,127102,774934,1689399616077824,IF_TYPE_ETHERNET_CSMACD,0,0,
670,2026-07-15 07:35:00,WinDefend,,,LocalSystem,S-1-5-18,,4,301,13640,51007,1689399616077824,IF_TYPE_ETHERNET_CSMACD,0,0,
671,2026-07-15 07:35:00,\device\harddiskvolume3\dfir\tools\git\mingw64\libexec\git-core\git-remote-https.exe,,,UnknownOrUserSid,S-1-5-21-2395961029-2893071609-3470587398-1000,,60,1360,141019,9937,1689399616077824,IF_TYPE_ETHERNET_CSMACD,0,0,
672,2026-07-15 07:35:00,CryptSvc,,,UnknownOrUserSid,S-1-5-21-2395961029-2893071609-3470587398-1000,,60,290,3119,3022,1689399616077824,IF_TYPE_ETHERNET_CSMACD,0,0,
673,2026-07-15 07:35:00,\device\harddiskvolume3\program files (x86)\microsoft\edge\application\msedge.exe,,,UnknownOrUserSid,S-1-5-21-2395961029-2893071609-3470587398-1000,,60,1975,483296,143903,1689399616077824,IF_TYPE_ETHERNET_CSMACD,0,0,
674,2026-07-15 07:35:00,wlidsvc,,,UnknownOrUserSid,S-1-5-21-2395961029-2893071609-3470587398-1000,,60,276,26402,25333,1689399616077824,IF_TYPE_ETHERNET_CSMACD,0,0,
675,2026-07-15 07:35:00,DoSvc,,,NetworkService,S-1-5-20,,9,281,13058950,325639,1689399616077824,IF_TYPE_ETHERNET_CSMACD,0,0,
676,2026-07-15 07:35:00,wuauserv,,,LocalSystem,S-1-5-18,,4,277,907976,277465,1689399616077824,IF_TYPE_ETHERNET_CSMACD,0,0,
677,2026-07-15 07:35:00,WaaSMedicSvc,,,LocalSystem,S-1-5-18,,4,308,3647,2616,1689399616077824,IF_TYPE_ETHERNET_CSMACD,0,0,
689,2026-07-15 08:35:00,MDCoreSvc,,,LocalSystem,S-1-5-18,,4,1165,18817,15562,1689399616077824,IF_TYPE_ETHERNET_CSMACD,0,0,
690,2026-07-15 08:35:00,Dnscache,,,NetworkService,S-1-5-20,,9,278,8768,3542,1689399616077824,IF_TYPE_ETHERNET_CSMACD,0,0,
691,2026-07-15 08:35:00,DoSvc,,,NetworkService,S-1-5-20,,9,281,81168377,2111711,1689399616077824,IF_TYPE_ETHERNET_CSMACD,0,0,
692,2026-07-15 08:35:00,System\IPv6 Control Message,,,LocalSystem,S-1-5-18,,4,294,0,1800,1689399616077824,IF_TYPE_ETHERNET_CSMACD,0,0,
693,2026-07-15 08:35:00,System,,,LocalSystem,S-1-5-18,,4,29,2043,11640,1689399616077824,IF_TYPE_ETHERNET_CSMACD,0,0,
694,2026-07-15 08:35:00,Dhcp,,,LocalService,S-1-5-19,,6,305,1368,1376,1689399616077824,IF_TYPE_ETHERNET_CSMACD,0,0,
695,2026-07-15 08:35:00,\device\harddiskvolume3\dfir\tools\git\mingw64\libexec\git-core\git-remote-https.exe,,,UnknownOrUserSid,S-1-5-21-2395961029-2893071609-3470587398-1000,,60,1360,408316,15241,1689399616077824,IF_TYPE_ETHERNET_CSMACD,0,0,
696,2026-07-15 08:35:00,,,,UnknownOrUserSid,,,2,1,1123693919,3129603,1689399616077824,IF_TYPE_ETHERNET_CSMACD,0,0,
697,2026-07-15 08:35:00,DiagTrack,,,LocalSystem,S-1-5-18,,4,287,25385,36956,1689399616077824,IF_TYPE_ETHERNET_CSMACD,0,0,
698,2026-07-15 08:35:00,\device\harddiskvolume3\windows\uus\amd64\mousocoreworker.exe,,,LocalSystem,S-1-5-18,,4,1166,6731,6309,1689399616077824,IF_TYPE_ETHERNET_CSMACD,0,0,
699,2026-07-15 08:35:00,sshd,,,LocalSystem,S-1-5-18,,4,1164,103340,92197,1689399616077824,IF_TYPE_ETHERNET_CSMACD,0,0,
700,2026-07-15 08:35:00,\device\harddiskvolume3\windows\system32\taskhostw.exe,,,LocalSystem,S-1-5-18,,4,289,14007,8538,1689399616077824,IF_TYPE_ETHERNET_CSMACD,0,0,
701,2026-07-15 08:35:00,W32Time,,,LocalService,S-1-5-19,,6,1478,90,90,1689399616077824,IF_TYPE_ETHERNET_CSMACD,0,0,
702,2026-07-15 08:35:00,CryptSvc,,,LocalSystem,S-1-5-18,,4,290,1064,1110,1689399616077824,IF_TYPE_ETHERNET_CSMACD,0,0,
703,2026-07-15 08:35:00,WinDefend,,,LocalSystem,S-1-5-18,,4,301,112998,699386,1689399616077824,IF_TYPE_ETHERNET_CSMACD,0,0,
719,2026-07-15 09:35:00,WinDefend,,,LocalSystem,S-1-5-18,,4,301,51819,223854,1689399616077824,IF_TYPE_ETHERNET_CSMACD,0,0,
720,2026-07-15 09:35:00,MDCoreSvc,,,LocalSystem,S-1-5-18,,4,1165,21845,15614,1689399616077824,IF_TYPE_ETHERNET_CSMACD,0,0,
721,2026-07-15 09:35:00,Dnscache,,,NetworkService,S-1-5-20,,9,278,12685,6233,1689399616077824,IF_TYPE_ETHERNET_CSMACD,0,0,
722,2026-07-15 09:35:00,sshd,,,LocalSystem,S-1-5-18,,4,1164,273380,361317,1689399616077824,IF_TYPE_ETHERNET_CSMACD,0,0,
723,2026-07-15 09:35:00,\device\harddiskvolume3\dfir\tools\git\mingw64\libexec\git-core\git-remote-https.exe,,,UnknownOrUserSid,S-1-5-21-2395961029-2893071609-3470587398-1000,,60,1360,218144,27172,1689399616077824,IF_TYPE_ETHERNET_CSMACD,0,0,
724,2026-07-15 09:35:00,System\IPv6 Control Message,,,LocalSystem,S-1-5-18,,4,294,0,1800,1689399616077824,IF_TYPE_ETHERNET_CSMACD,0,0,
725,2026-07-15 09:35:00,System,,,LocalSystem,S-1-5-18,,4,29,1951,11640,1689399616077824,IF_TYPE_ETHERNET_CSMACD,0,0,
726,2026-07-15 09:35:00,Dhcp,,,LocalService,S-1-5-19,,6,305,1368,1376,1689399616077824,IF_TYPE_ETHERNET_CSMACD,0,0,
727,2026-07-15 09:35:00,,,,UnknownOrUserSid,,,2,1,110855137,989486,1689399616077824,IF_TYPE_ETHERNET_CSMACD,0,0,
728,2026-07-15 09:35:00,\device\harddiskvolume3\dfir\tools\git\mingw64\bin\curl.exe,,,UnknownOrUserSid,S-1-5-21-2395961029-2893071609-3470587398-1000,,60,1477,6939624,150554,1689399616077824,IF_TYPE_ETHERNET_CSMACD,0,0,
729,2026-07-15 09:35:00,CryptSvc,,,UnknownOrUserSid,S-1-5-21-2395961029-2893071609-3470587398-1000,,60,290,4439,3503,1689399616077824,IF_TYPE_ETHERNET_CSMACD,0,0,
730,2026-07-15 09:35:00,DiagTrack,,,LocalSystem,S-1-5-18,,4,287,8215,7770,1689399616077824,IF_TYPE_ETHERNET_CSMACD,0,0,
731,2026-07-15 09:35:00,\device\harddiskvolume3\dfir\python\python.exe,,,UnknownOrUserSid,S-1-5-21-2395961029-2893071609-3470587398-1000,,60,306,765126,40084,1689399616077824,IF_TYPE_ETHERNET_CSMACD,0,0,
732,2026-07-15 09:35:00,CryptSvc,,,LocalSystem,S-1-5-18,,4,290,874,1110,1689399616077824,IF_TYPE_ETHERNET_CSMACD,0,0,
733,2026-07-15 09:35:00,\device\harddiskvolume3\windows\system32\lsass.exe,,,UnknownOrUserSid,S-1-5-21-2395961029-2893071609-3470587398-1000,,60,304,43916,2602,1689399616077824,IF_TYPE_ETHERNET_CSMACD,0,0,
734,2026-07-15 09:35:00,\device\harddiskvolume3\windows\system32\taskhostw.exe,,,LocalSystem,S-1-5-18,,4,289,15655,10281,1689399616077824,IF_TYPE_ETHERNET_CSMACD,0,0,
735,2026-07-15 09:35:00,\device\harddiskvolume3\windows\system32\nslookup.exe,,,UnknownOrUserSid,S-1-5-21-2395961029-2893071609-3470587398-1000,,60,2108,1073,755,1689399616077824,IF_TYPE_ETHERNET_CSMACD,0,0,
736,2026-07-15 09:35:00,WaaSMedicSvc,,,LocalSystem,S-1-5-18,,4,308,3647,2616,1689399616077824,IF_TYPE_ETHERNET_CSMACD,0,0,
749,2026-07-15 10:35:00,MDCoreSvc,,,LocalSystem,S-1-5-18,,4,1165,19669,15455,1689399616077824,IF_TYPE_ETHERNET_CSMACD,0,0,
750,2026-07-15 10:35:00,Dnscache,,,NetworkService,S-1-5-20,,9,278,4927,2425,1689399616077824,IF_TYPE_ETHERNET_CSMACD,0,0,
751,2026-07-15 10:35:00,\device\harddiskvolume3\dfir\tools\git\mingw64\libexec\git-core\git-remote-https.exe,,,UnknownOrUserSid,S-1-5-21-2395961029-2893071609-3470587398-1000,,60,1360,3600,3300,1689399616077824,IF_TYPE_ETHERNET_CSMACD,0,0,
752,2026-07-15 10:35:00,System\IPv6 Control Message,,,LocalSystem,S-1-5-18,,4,294,0,1800,1689399616077824,IF_TYPE_ETHERNET_CSMACD,0,0,
753,2026-07-15 10:35:00,System,,,LocalSystem,S-1-5-18,,4,29,2135,11640,1689399616077824,IF_TYPE_ETHERNET_CSMACD,0,0,
754,2026-07-15 10:35:00,Dhcp,,,LocalService,S-1-5-19,,6,305,1368,1376,1689399616077824,IF_TYPE_ETHERNET_CSMACD,0,0,
755,2026-07-15 10:35:00,,,,UnknownOrUserSid,,,2,1,355925,170015,1689399616077824,IF_TYPE_ETHERNET_CSMACD,0,0,
756,2026-07-15 10:35:00,DiagTrack,,,LocalSystem,S-1-5-18,,4,287,9564,8038,1689399616077824,IF_TYPE_ETHERNET_CSMACD,0,0,
757,2026-07-15 10:35:00,CryptSvc,,,LocalSystem,S-1-5-18,,4,290,939,1110,1689399616077824,IF_TYPE_ETHERNET_CSMACD,0,0,
758,2026-07-15 10:35:00,\device\harddiskvolume3\windows\system32\taskhostw.exe,,,LocalSystem,S-1-5-18,,4,289,10280,8282,1689399616077824,IF_TYPE_ETHERNET_CSMACD,0,0,
763,2026-07-15 11:35:00,Dnscache,,,NetworkService,S-1-5-20,,9,278,6368,2875,1689399616077824,IF_TYPE_ETHERNET_CSMACD,0,0,
764,2026-07-15 11:35:00,MDCoreSvc,,,LocalSystem,S-1-5-18,,4,1165,17447,9251,1689399616077824,IF_TYPE_ETHERNET_CSMACD,0,0,
765,2026-07-15 11:35:00,\device\harddiskvolume3\dfir\tools\git\mingw64\libexec\git-core\git-remote-https.exe,,,UnknownOrUserSid,S-1-5-21-2395961029-2893071609-3470587398-1000,,60,1360,3600,3300,1689399616077824,IF_TYPE_ETHERNET_CSMACD,0,0,
766,2026-07-15 11:35:00,System\IPv6 Control Message,,,LocalSystem,S-1-5-18,,4,294,0,1800,1689399616077824,IF_TYPE_ETHERNET_CSMACD,0,0,
767,2026-07-15 11:35:00,System,,,LocalSystem,S-1-5-18,,4,29,2043,11640,1689399616077824,IF_TYPE_ETHERNET_CSMACD,0,0,
768,2026-07-15 11:35:00,Dhcp,,,LocalService,S-1-5-19,,6,305,1368,1376,1689399616077824,IF_TYPE_ETHERNET_CSMACD,0,0,
769,2026-07-15 11:35:00,,,,UnknownOrUserSid,,,2,1,328339,189013,1689399616077824,IF_TYPE_ETHERNET_CSMACD,0,0,
770,2026-07-15 11:35:00,DiagTrack,,,LocalSystem,S-1-5-18,,4,287,12123,15964,1689399616077824,IF_TYPE_ETHERNET_CSMACD,0,0,
771,2026-07-15 11:35:00,\device\harddiskvolume3\program files (x86)\microsoft\edgeupdate\microsoftedgeupdate.exe,,,LocalSystem,S-1-5-18,,4,291,8775,7658,1689399616077824,IF_TYPE_ETHERNET_CSMACD,0,0,
772,2026-07-15 11:35:00,\device\harddiskvolume3\windows\system32\taskhostw.exe,,,LocalSystem,S-1-5-18,,4,289,15852,15218,1689399616077824,IF_TYPE_ETHERNET_CSMACD,0,0,
773,2026-07-15 11:35:00,CryptSvc,,,LocalSystem,S-1-5-18,,4,290,437,552,1689399616077824,IF_TYPE_ETHERNET_CSMACD,0,0,
774,2026-07-15 11:35:00,WaaSMedicSvc,,,LocalSystem,S-1-5-18,,4,308,3611,2616,1689399616077824,IF_TYPE_ETHERNET_CSMACD,0,0,
777,2026-07-15 12:37:00,DiagTrack,,,LocalSystem,S-1-5-18,,4,287,12387,10818,1689399616077824,IF_TYPE_ETHERNET_CSMACD,0,0,
778,2026-07-15 12:37:00,MDCoreSvc,,,LocalSystem,S-1-5-18,,4,1165,20665,11885,1689399616077824,IF_TYPE_ETHERNET_CSMACD,0,0,
779,2026-07-15 12:37:00,Dnscache,,,NetworkService,S-1-5-20,,9,278,6337,2805,1689399616077824,IF_TYPE_ETHERNET_CSMACD,0,0,
780,2026-07-15 12:37:00,\device\harddiskvolume3\dfir\tools\git\mingw64\libexec\git-core\git-remote-https.exe,,,UnknownOrUserSid,S-1-5-21-2395961029-2893071609-3470587398-1000,,60,1360,3720,3410,1689399616077824,IF_TYPE_ETHERNET_CSMACD,0,0,
781,2026-07-15 12:37:00,System\IPv6 Control Message,,,LocalSystem,S-1-5-18,,4,294,0,2250,1689399616077824,IF_TYPE_ETHERNET_CSMACD,0,0,
782,2026-07-15 12:37:00,System,,,LocalSystem,S-1-5-18,,4,29,2194,12240,1689399616077824,IF_TYPE_ETHERNET_CSMACD,0,0,
783,2026-07-15 12:37:00,Dhcp,,,LocalService,S-1-5-19,,6,305,1710,1720,1689399616077824,IF_TYPE_ETHERNET_CSMACD,0,0,
784,2026-07-15 12:37:00,,,,UnknownOrUserSid,,,2,1,318386,176927,1689399616077824,IF_TYPE_ETHERNET_CSMACD,0,0,
785,2026-07-15 12:37:00,\device\harddiskvolume3\windows\system32\taskhostw.exe,,,LocalSystem,S-1-5-18,,4,289,13988,9716,1689399616077824,IF_TYPE_ETHERNET_CSMACD,0,0,
786,2026-07-15 12:37:00,CryptSvc,,,LocalSystem,S-1-5-18,,4,290,1064,1110,1689399616077824,IF_TYPE_ETHERNET_CSMACD,0,0,
787,2026-07-15 12:37:00,W32Time,,,LocalService,S-1-5-19,,6,1478,90,90,1689399616077824,IF_TYPE_ETHERNET_CSMACD,0,0,
791,2026-07-15 13:37:00,Dnscache,,,NetworkService,S-1-5-20,,9,278,5861,2607,1689399616077824,IF_TYPE_ETHERNET_CSMACD,0,0,
792,2026-07-15 13:37:00,\device\harddiskvolume3\dfir\tools\git\mingw64\libexec\git-core\git-remote-https.exe,,,UnknownOrUserSid,S-1-5-21-2395961029-2893071609-3470587398-1000,,60,1360,3600,3300,1689399616077824,IF_TYPE_ETHERNET_CSMACD,0,0,
793,2026-07-15 13:37:00,System,,,LocalSystem,S-1-5-18,,4,29,1951,11750,1689399616077824,IF_TYPE_ETHERNET_CSMACD,0,0,
794,2026-07-15 13:37:00,,,,UnknownOrUserSid,,,2,1,343305,185318,1689399616077824,IF_TYPE_ETHERNET_CSMACD,0,0,
795,2026-07-15 13:37:00,System\IPv6 Control Message,,,LocalSystem,S-1-5-18,,4,294,0,1800,1689399616077824,IF_TYPE_ETHERNET_CSMACD,0,0,
796,2026-07-15 13:37:00,Dhcp,,,LocalService,S-1-5-19,,6,305,1368,1376,1689399616077824,IF_TYPE_ETHERNET_CSMACD,0,0,
797,2026-07-15 13:37:00,MDCoreSvc,,,LocalSystem,S-1-5-18,,4,1165,29823,14705,1689399616077824,IF_TYPE_ETHERNET_CSMACD,0,0,
798,2026-07-15 13:37:00,CryptSvc,,,LocalSystem,S-1-5-18,,4,290,874,1110,1689399616077824,IF_TYPE_ETHERNET_CSMACD,0,0,
799,2026-07-15 13:37:00,DiagTrack,,,LocalSystem,S-1-5-18,,4,287,11489,9813,1689399616077824,IF_TYPE_ETHERNET_CSMACD,0,0,
800,2026-07-15 13:37:00,\device\harddiskvolume3\windows\system32\taskhostw.exe,,,LocalSystem,S-1-5-18,,4,289,35716,19160,1689399616077824,IF_TYPE_ETHERNET_CSMACD,0,0,
801,2026-07-15 13:37:00,WaaSMedicSvc,,,LocalSystem,S-1-5-18,,4,308,5215,2670,1689399616077824,IF_TYPE_ETHERNET_CSMACD,0,0,
805,2026-07-15 14:37:00,\device\harddiskvolume3\dfir\tools\git\mingw64\libexec\git-core\git-remote-https.exe,,,UnknownOrUserSid,S-1-5-21-2395961029-2893071609-3470587398-1000,,60,1360,145093,9518,1689399616077824,IF_TYPE_ETHERNET_CSMACD,0,0,
806,2026-07-15 14:37:00,System,,,LocalSystem,S-1-5-18,,4,29,1859,11640,1689399616077824,IF_TYPE_ETHERNET_CSMACD,0,0,
807,2026-07-15 14:37:00,,,,UnknownOrUserSid,,,2,1,1205036,843375,1689399616077824,IF_TYPE_ETHERNET_CSMACD,0,0,
808,2026-07-15 14:37:00,Dnscache,,,NetworkService,S-1-5-20,,9,278,7768,3360,1689399616077824,IF_TYPE_ETHERNET_CSMACD,0,0,
809,2026-07-15 14:37:00,WinDefend,,,LocalSystem,S-1-5-18,,4,301,146449,616122,1689399616077824,IF_TYPE_ETHERNET_CSMACD,0,0,
810,2026-07-15 14:37:00,sshd,,,LocalSystem,S-1-5-18,,4,1164,18604,25180,1689399616077824,IF_TYPE_ETHERNET_CSMACD,0,0,
811,2026-07-15 14:37:00,DiagTrack,,,LocalSystem,S-1-5-18,,4,287,42027,17241,1689399616077824,IF_TYPE_ETHERNET_CSMACD,0,0,
812,2026-07-15 14:37:00,System\IPv6 Control Message,,,LocalSystem,S-1-5-18,,4,294,0,1800,1689399616077824,IF_TYPE_ETHERNET_CSMACD,0,0,
813,2026-07-15 14:37:00,Dhcp,,,LocalService,S-1-5-19,,6,305,1368,1376,1689399616077824,IF_TYPE_ETHERNET_CSMACD,0,0,
814,2026-07-15 14:37:00,\device\harddiskvolume3\windows\system32\taskhostw.exe,,,LocalSystem,S-1-5-18,,4,289,24058,19820,1689399616077824,IF_TYPE_ETHERNET_CSMACD,0,0,
815,2026-07-15 14:37:00,CryptSvc,,,LocalSystem,S-1-5-18,,4,290,944,1002,1689399616077824,IF_TYPE_ETHERNET_CSMACD,0,0,
816,2026-07-15 14:37:00,CryptSvc,,,UnknownOrUserSid,S-1-5-21-2395961029-2893071609-3470587398-1000,,60,290,3119,3022,1689399616077824,IF_TYPE_ETHERNET_CSMACD,0,0,
817,2026-07-15 14:37:00,MDCoreSvc,,,LocalSystem,S-1-5-18,,4,1165,26757,14759,1689399616077824,IF_TYPE_ETHERNET_CSMACD,0,0,
818,2026-07-15 14:37:00,WaaSMedicSvc,,,LocalSystem,S-1-5-18,,4,308,5215,2670,1689399616077824,IF_TYPE_ETHERNET_CSMACD,0,0,
819,2026-07-15 15:37:00,CryptSvc,,,LocalSystem,S-1-5-18,,4,290,120,108,1689399616077824,IF_TYPE_ETHERNET_CSMACD,0,0,
820,2026-07-15 15:37:00,\device\harddiskvolume3\dfir\tools\git\mingw64\libexec\git-core\git-remote-https.exe,,,UnknownOrUserSid,S-1-5-21-2395961029-2893071609-3470587398-1000,,60,1360,30056,10156,1689399616077824,IF_TYPE_ETHERNET_CSMACD,0,0,
821,2026-07-15 15:37:00,System,,,LocalSystem,S-1-5-18,,4,29,1859,11530,1689399616077824,IF_TYPE_ETHERNET_CSMACD,0,0,
822,2026-07-15 15:37:00,,,,UnknownOrUserSid,,,2,1,556258,688581,1689399616077824,IF_TYPE_ETHERNET_CSMACD,0,0,
823,2026-07-15 15:37:00,Dnscache,,,NetworkService,S-1-5-20,,9,278,8763,3854,1689399616077824,IF_TYPE_ETHERNET_CSMACD,0,0,
824,2026-07-15 15:37:00,\device\harddiskvolume3\windows\system32\taskhostw.exe,,,LocalSystem,S-1-5-18,,4,289,45036,22690,1689399616077824,IF_TYPE_ETHERNET_CSMACD,0,0,
825,2026-07-15 15:37:00,DiagTrack,,,LocalSystem,S-1-5-18,,4,287,25461,21574,1689399616077824,IF_TYPE_ETHERNET_CSMACD,0,0,
826,2026-07-15 15:37:00,System\IPv6 Control Message,,,LocalSystem,S-1-5-18,,4,294,0,1800,1689399616077824,IF_TYPE_ETHERNET_CSMACD,0,0,
827,2026-07-15 15:37:00,Dhcp,,,LocalService,S-1-5-19,,6,305,1368,1376,1689399616077824,IF_TYPE_ETHERNET_CSMACD,0,0,
828,2026-07-15 15:37:00,WinDefend,,,LocalSystem,S-1-5-18,,4,301,88894,383457,1689399616077824,IF_TYPE_ETHERNET_CSMACD,0,0,
829,2026-07-15 15:37:00,sshd,,,LocalSystem,S-1-5-18,,4,1164,76274,92701,1689399616077824,IF_TYPE_ETHERNET_CSMACD,0,0,
830,2026-07-15 15:37:00,MDCoreSvc,,,LocalSystem,S-1-5-18,,4,1165,23544,13141,1689399616077824,IF_TYPE_ETHERNET_CSMACD,0,0,
831,2026-07-15 15:37:00,CryptSvc,,,UnknownOrUserSid,S-1-5-21-2395961029-2893071609-3470587398-1000,,60,290,3116,3022,1689399616077824,IF_TYPE_ETHERNET_CSMACD,0,0,
832,2026-07-15 15:37:00,WaaSMedicSvc,,,LocalSystem,S-1-5-18,,4,308,5468,3265,1689399616077824,IF_TYPE_ETHERNET_CSMACD,0,0,
833,2026-07-15 16:37:00,\device\harddiskvolume3\dfir\tools\git\mingw64\libexec\git-core\git-remote-https.exe,,,UnknownOrUserSid,S-1-5-21-2395961029-2893071609-3470587398-1000,,60,1360,11014,6720,1689399616077824,IF_TYPE_ETHERNET_CSMACD,0,0,
834,2026-07-15 16:37:00,System,,,LocalSystem,S-1-5-18,,4,29,1951,11640,1689399616077824,IF_TYPE_ETHERNET_CSMACD,0,0,
835,2026-07-15 16:37:00,,,,UnknownOrUserSid,,,2,1,472454,397284,1689399616077824,IF_TYPE_ETHERNET_CSMACD,0,0,
836,2026-07-15 16:37:00,Dnscache,,,NetworkService,S-1-5-20,,9,278,6764,2842,1689399616077824,IF_TYPE_ETHERNET_CSMACD,0,0,
837,2026-07-15 16:37:00,MDCoreSvc,,,LocalSystem,S-1-5-18,,4,1165,10941,6463,1689399616077824,IF_TYPE_ETHERNET_CSMACD,0,0,
838,2026-07-15 16:37:00,\device\harddiskvolume3\windows\system32\taskhostw.exe,,,LocalSystem,S-1-5-18,,4,289,20320,11204,1689399616077824,IF_TYPE_ETHERNET_CSMACD,0,0,
839,2026-07-15 16:37:00,CryptSvc,,,LocalSystem,S-1-5-18,,4,290,938,1110,1689399616077824,IF_TYPE_ETHERNET_CSMACD,0,0,
840,2026-07-15 16:37:00,DiagTrack,,,LocalSystem,S-1-5-18,,4,287,68385,21138,1689399616077824,IF_TYPE_ETHERNET_CSMACD,0,0,
841,2026-07-15 16:37:00,System\IPv6 Control Message,,,LocalSystem,S-1-5-18,,4,294,0,1800,1689399616077824,IF_TYPE_ETHERNET_CSMACD,0,0,
842,2026-07-15 16:37:00,Dhcp,,,LocalService,S-1-5-19,,6,305,1368,1376,1689399616077824,IF_TYPE_ETHERNET_CSMACD,0,0,
843,2026-07-15 16:37:00,WinDefend,,,LocalSystem,S-1-5-18,,4,301,42964,205841,1689399616077824,IF_TYPE_ETHERNET_CSMACD,0,0,
844,2026-07-15 16:37:00,sshd,,,LocalSystem,S-1-5-18,,4,1164,5164,7393,1689399616077824,IF_TYPE_ETHERNET_CSMACD,0,0,
845,2026-07-15 16:37:00,WaaSMedicSvc,,,LocalSystem,S-1-5-18,,4,308,5161,2616,1689399616077824,IF_TYPE_ETHERNET_CSMACD,0,0,
847,2026-07-15 17:37:00,\device\harddiskvolume3\dfir\tools\git\mingw64\libexec\git-core\git-remote-https.exe,,,UnknownOrUserSid,S-1-5-21-2395961029-2893071609-3470587398-1000,,60,1360,11048,6770,1689399616077824,IF_TYPE_ETHERNET_CSMACD,0,0,
848,2026-07-15 17:37:00,System,,,LocalSystem,S-1-5-18,,4,29,1951,11640,1689399616077824,IF_TYPE_ETHERNET_CSMACD,0,0,
849,2026-07-15 17:37:00,,,,UnknownOrUserSid,,,2,1,410423,401910,1689399616077824,IF_TYPE_ETHERNET_CSMACD,0,0,
850,2026-07-15 17:37:00,MDCoreSvc,,,LocalSystem,S-1-5-18,,4,1165,33057,15388,1689399616077824,IF_TYPE_ETHERNET_CSMACD,0,0,
851,2026-07-15 17:37:00,Dnscache,,,NetworkService,S-1-5-20,,9,278,8850,7364,1689399616077824,IF_TYPE_ETHERNET_CSMACD,0,0,
852,2026-07-15 17:37:00,DiagTrack,,,LocalSystem,S-1-5-18,,4,287,15286,11482,1689399616077824,IF_TYPE_ETHERNET_CSMACD,0,0,
853,2026-07-15 17:37:00,\device\harddiskvolume3\windows\system32\taskhostw.exe,,,LocalSystem,S-1-5-18,,4,289,17080,12941,1689399616077824,IF_TYPE_ETHERNET_CSMACD,0,0,
854,2026-07-15 17:37:00,WinDefend,,,LocalSystem,S-1-5-18,,4,301,51025,201631,1689399616077824,IF_TYPE_ETHERNET_CSMACD,0,0,
855,2026-07-15 17:37:00,sshd,,,LocalSystem,S-1-5-18,,4,1164,5164,7377,1689399616077824,IF_TYPE_ETHERNET_CSMACD,0,0,
856,2026-07-15 17:37:00,CryptSvc,,,LocalSystem,S-1-5-18,,4,290,628,552,1689399616077824,IF_TYPE_ETHERNET_CSMACD,0,0,
857,2026-07-15 17:37:00,CryptSvc,,,UnknownOrUserSid,S-1-5-21-2395961029-2893071609-3470587398-1000,,60,290,3118,3022,1689399616077824,IF_TYPE_ETHERNET_CSMACD,0,0,
858,2026-07-15 17:37:00,System\IPv6 Control Message,,,LocalSystem,S-1-5-18,,4,294,0,1800,1689399616077824,IF_TYPE_ETHERNET_CSMACD,0,0,
859,2026-07-15 17:37:00,Dhcp,,,LocalService,S-1-5-19,,6,305,1368,1376,1689399616077824,IF_TYPE_ETHERNET_CSMACD,0,0,
860,2026-07-15 17:37:00,W32Time,,,LocalService,S-1-5-19,,6,1478,90,90,1689399616077824,IF_TYPE_ETHERNET_CSMACD,0,0,
861,2026-07-15 18:37:00,\device\harddiskvolume3\dfir\tools\git\mingw64\libexec\git-core\git-remote-https.exe,,,UnknownOrUserSid,S-1-5-21-2395961029-2893071609-3470587398-1000,,60,1360,11945,6820,1689399616077824,IF_TYPE_ETHERNET_CSMACD,0,0,
862,2026-07-15 18:37:00,\device\harddiskvolume3\windows\system32\taskhostw.exe,,,LocalSystem,S-1-5-18,,4,289,12117,7426,1689399616077824,IF_TYPE_ETHERNET_CSMACD,0,0,
863,2026-07-15 18:37:00,Dnscache,,,NetworkService,S-1-5-20,,9,278,10279,3772,1689399616077824,IF_TYPE_ETHERNET_CSMACD,0,0,
864,2026-07-15 18:37:00,System,,,LocalSystem,S-1-5-18,,4,29,1859,11694,1689399616077824,IF_TYPE_ETHERNET_CSMACD,0,0,
865,2026-07-15 18:37:00,,,,UnknownOrUserSid,,,2,1,533897,470590,1689399616077824,IF_TYPE_ETHERNET_CSMACD,0,0,
866,2026-07-15 18:37:00,DiagTrack,,,LocalSystem,S-1-5-18,,4,287,22702,14796,1689399616077824,IF_TYPE_ETHERNET_CSMACD,0,0,
867,2026-07-15 18:37:00,System\IPv6 Control Message,,,LocalSystem,S-1-5-18,,4,294,0,1800,1689399616077824,IF_TYPE_ETHERNET_CSMACD,0,0,
868,2026-07-15 18:37:00,Dhcp,,,LocalService,S-1-5-19,,6,305,1368,1376,1689399616077824,IF_TYPE_ETHERNET_CSMACD,0,0,
869,2026-07-15 18:37:00,CryptSvc,,,LocalSystem,S-1-5-18,,4,290,435,552,1689399616077824,IF_TYPE_ETHERNET_CSMACD,0,0,
870,2026-07-15 18:37:00,MDCoreSvc,,,LocalSystem,S-1-5-18,,4,1165,33718,16840,1689399616077824,IF_TYPE_ETHERNET_CSMACD,0,0,
871,2026-07-15 18:37:00,sshd,,,LocalSystem,S-1-5-18,,4,1164,5164,7401,1689399616077824,IF_TYPE_ETHERNET_CSMACD,0,0,
872,2026-07-15 18:37:00,CryptSvc,,,UnknownOrUserSid,S-1-5-21-2395961029-2893071609-3470587398-1000,,60,290,3117,3022,1689399616077824,IF_TYPE_ETHERNET_CSMACD,0,0,
873,2026-07-15 18:37:00,WinDefend,,,LocalSystem,S-1-5-18,,4,301,70489,263018,1689399616077824,IF_TYPE_ETHERNET_CSMACD,0,0,
874,2026-07-15 18:37:00,WaaSMedicSvc,,,LocalSystem,S-1-5-18,,4,308,5179,2670,1689399616077824,IF_TYPE_ETHERNET_CSMACD,0,0,
875,2026-07-15 18:37:00,\device\harddiskvolume3\windows\system32\sihclient.exe,,,LocalSystem,S-1-5-18,,4,1674,68436,3560,1689399616077824,IF_TYPE_ETHERNET_CSMACD,0,0,
876,2026-07-15 18:37:00,wlidsvc,,,NetworkService,S-1-5-20,,9,276,11198,6722,1689399616077824,IF_TYPE_ETHERNET_CSMACD,0,0,
891,2026-07-15 19:37:00,\device\harddiskvolume3\dfir\tools\git\mingw64\libexec\git-core\git-remote-https.exe,,,UnknownOrUserSid,S-1-5-21-2395961029-2893071609-3470587398-1000,,60,1360,13379,6437,1689399616077824,IF_TYPE_ETHERNET_CSMACD,0,0,
892,2026-07-15 19:37:00,Dnscache,,,NetworkService,S-1-5-20,,9,278,7670,3086,1689399616077824,IF_TYPE_ETHERNET_CSMACD,0,0,
893,2026-07-15 19:37:00,System,,,LocalSystem,S-1-5-18,,4,29,1767,11640,1689399616077824,IF_TYPE_ETHERNET_CSMACD,0,0,
894,2026-07-15 19:37:00,,,,UnknownOrUserSid,,,2,1,355658,263484,1689399616077824,IF_TYPE_ETHERNET_CSMACD,0,0,
895,2026-07-15 19:37:00,DiagTrack,,,LocalSystem,S-1-5-18,,4,287,16669,9601,1689399616077824,IF_TYPE_ETHERNET_CSMACD,0,0,
896,2026-07-15 19:37:00,\device\harddiskvolume3\windows\system32\taskhostw.exe,,,LocalSystem,S-1-5-18,,4,289,13665,7389,1689399616077824,IF_TYPE_ETHERNET_CSMACD,0,0,
897,2026-07-15 19:37:00,System\IPv6 Control Message,,,LocalSystem,S-1-5-18,,4,294,0,1800,1689399616077824,IF_TYPE_ETHERNET_CSMACD,0,0,
898,2026-07-15 19:37:00,Dhcp,,,LocalService,S-1-5-19,,6,305,1368,1376,1689399616077824,IF_TYPE_ETHERNET_CSMACD,0,0,
899,2026-07-15 19:37:00,CryptSvc,,,LocalSystem,S-1-5-18,,4,290,437,552,1689399616077824,IF_TYPE_ETHERNET_CSMACD,0,0,
900,2026-07-15 19:37:00,MDCoreSvc,,,LocalSystem,S-1-5-18,,4,1165,31382,15270,1689399616077824,IF_TYPE_ETHERNET_CSMACD,0,0,
901,2026-07-15 19:37:00,WaaSMedicSvc,,,LocalSystem,S-1-5-18,,4,308,5179,2670,1689399616077824,IF_TYPE_ETHERNET_CSMACD,0,0,
902,2026-07-15 19:37:00,WinDefend,,,LocalSystem,S-1-5-18,,4,301,11247,84706,1689399616077824,IF_TYPE_ETHERNET_CSMACD,0,0,
903,2026-07-15 19:37:00,sshd,,,LocalSystem,S-1-5-18,,4,1164,3918,4445,1689399616077824,IF_TYPE_ETHERNET_CSMACD,0,0,
905,2026-07-15 20:37:00,sshd,,,LocalSystem,S-1-5-18,,4,1164,22886,31174,1689399616077824,IF_TYPE_ETHERNET_CSMACD,0,0,
906,2026-07-15 20:37:00,CryptSvc,,,UnknownOrUserSid,S-1-5-21-2395961029-2893071609-3470587398-1000,,60,290,3117,3022,1689399616077824,IF_TYPE_ETHERNET_CSMACD,0,0,
907,2026-07-15 20:37:00,Dnscache,,,NetworkService,S-1-5-20,,9,278,11621,5731,1689399616077824,IF_TYPE_ETHERNET_CSMACD,0,0,
908,2026-07-15 20:37:00,\device\harddiskvolume3\dfir\tools\git\mingw64\libexec\git-core\git-remote-https.exe,,,UnknownOrUserSid,S-1-5-21-2395961029-2893071609-3470587398-1000,,60,1360,77791,13727,1689399616077824,IF_TYPE_ETHERNET_CSMACD,0,0,
909,2026-07-15 20:37:00,WinDefend,,,LocalSystem,S-1-5-18,,4,301,206083,879940,1689399616077824,IF_TYPE_ETHERNET_CSMACD,0,0,
910,2026-07-15 20:37:00,System,,,LocalSystem,S-1-5-18,,4,29,2871,14028,1689399616077824,IF_TYPE_ETHERNET_CSMACD,0,0,
911,2026-07-15 20:37:00,,,,UnknownOrUserSid,,,2,1,2727712,1472102,1689399616077824,IF_TYPE_ETHERNET_CSMACD,0,0,
912,2026-07-15 20:37:00,DiagTrack,,,LocalSystem,S-1-5-18,,4,287,32161,23254,1689399616077824,IF_TYPE_ETHERNET_CSMACD,0,0,
913,2026-07-15 20:37:00,CryptSvc,,,LocalSystem,S-1-5-18,,4,290,873,1110,1689399616077824,IF_TYPE_ETHERNET_CSMACD,0,0,
914,2026-07-15 20:37:00,System\IPv6 Control Message,,,LocalSystem,S-1-5-18,,4,294,344,2144,1689399616077824,IF_TYPE_ETHERNET_CSMACD,0,0,
915,2026-07-15 20:37:00,Dhcp,,,LocalService,S-1-5-19,,6,305,1368,1376,1689399616077824,IF_TYPE_ETHERNET_CSMACD,0,0,
916,2026-07-15 20:37:00,\device\harddiskvolume3\windows\system32\taskhostw.exe,,,LocalSystem,S-1-5-18,,4,289,25280,12514,1689399616077824,IF_TYPE_ETHERNET_CSMACD,0,0,
917,2026-07-15 20:37:00,TermService,,,NetworkService,S-1-5-20,,9,2218,120,54,1689399616077824,IF_TYPE_ETHERNET_CSMACD,0,0,
918,2026-07-15 20:37:00,MDCoreSvc,,,LocalSystem,S-1-5-18,,4,1165,27119,15893,1689399616077824,IF_TYPE_ETHERNET_CSMACD,0,0,
919,2026-07-15 20:37:00,DoSvc,,,NetworkService,S-1-5-20,,9,281,322711,10686,1689399616077824,IF_TYPE_ETHERNET_CSMACD,0,0,
920,2026-07-15 20:37:00,wuauserv,,,LocalSystem,S-1-5-18,,4,277,1435950,305775,1689399616077824,IF_TYPE_ETHERNET_CSMACD,0,0,
921,2026-07-15 20:37:00,\device\harddiskvolume3\windows\uus\amd64\mousocoreworker.exe,,,LocalSystem,S-1-5-18,,4,1166,50880,23903,1689399616077824,IF_TYPE_ETHERNET_CSMACD,0,0,
935,2026-07-15 21:37:00,\device\harddiskvolume3\dfir\tools\git\mingw64\libexec\git-core\git-remote-https.exe,,,UnknownOrUserSid,S-1-5-21-2395961029-2893071609-3470587398-1000,,60,1360,11259,6506,1689399616077824,IF_TYPE_ETHERNET_CSMACD,0,0,
936,2026-07-15 21:37:00,System,,,LocalSystem,S-1-5-18,,4,29,1767,11640,1689399616077824,IF_TYPE_ETHERNET_CSMACD,0,0,
937,2026-07-15 21:37:00,,,,UnknownOrUserSid,,,2,1,407282,629818,1689399616077824,IF_TYPE_ETHERNET_CSMACD,0,0,
938,2026-07-15 21:37:00,MDCoreSvc,,,LocalSystem,S-1-5-18,,4,1165,14978,8742,1689399616077824,IF_TYPE_ETHERNET_CSMACD,0,0,
939,2026-07-15 21:37:00,DiagTrack,,,LocalSystem,S-1-5-18,,4,287,16666,16685,1689399616077824,IF_TYPE_ETHERNET_CSMACD,0,0,
940,2026-07-15 21:37:00,Dnscache,,,NetworkService,S-1-5-20,,9,278,8385,3377,1689399616077824,IF_TYPE_ETHERNET_CSMACD,0,0,
941,2026-07-15 21:37:00,sshd,,,LocalSystem,S-1-5-18,,4,1164,24828,32396,1689399616077824,IF_TYPE_ETHERNET_CSMACD,0,0,
942,2026-07-15 21:37:00,CryptSvc,,,LocalSystem,S-1-5-18,,4,290,872,1110,1689399616077824,IF_TYPE_ETHERNET_CSMACD,0,0,
943,2026-07-15 21:37:00,WinDefend,,,LocalSystem,S-1-5-18,,4,301,66876,412109,1689399616077824,IF_TYPE_ETHERNET_CSMACD,0,0,
944,2026-07-15 21:37:00,CryptSvc,,,UnknownOrUserSid,S-1-5-21-2395961029-2893071609-3470587398-1000,,60,290,3119,3022,1689399616077824,IF_TYPE_ETHERNET_CSMACD,0,0,
945,2026-07-15 21:37:00,System\IPv6 Control Message,,,LocalSystem,S-1-5-18,,4,294,0,1800,1689399616077824,IF_TYPE_ETHERNET_CSMACD,0,0,
946,2026-07-15 21:37:00,Dhcp,,,LocalService,S-1-5-19,,6,305,1368,1376,1689399616077824,IF_TYPE_ETHERNET_CSMACD,0,0,
947,2026-07-15 21:37:00,\device\harddiskvolume3\program files (x86)\microsoft\edgeupdate\microsoftedgeupdate.exe,,,LocalSystem,S-1-5-18,,4,291,11331,7736,1689399616077824,IF_TYPE_ETHERNET_CSMACD,0,0,
948,2026-07-15 21:37:00,\device\harddiskvolume3\windows\system32\taskhostw.exe,,,LocalSystem,S-1-5-18,,4,289,10076,4966,1689399616077824,IF_TYPE_ETHERNET_CSMACD,0,0,
949,2026-07-15 21:37:00,WaaSMedicSvc,,,LocalSystem,S-1-5-18,,4,308,5179,2670,1689399616077824,IF_TYPE_ETHERNET_CSMACD,0,0,
950,2026-07-15 21:37:00,W32Time,,,LocalService,S-1-5-19,,6,1478,90,90,1689399616077824,IF_TYPE_ETHERNET_CSMACD,0,0,
1023,2026-07-15 21:44:00,sshd,,,LocalSystem,S-1-5-18,,4,1164,16212,19398,1689399616077824,IF_TYPE_ETHERNET_CSMACD,0,0,
1024,2026-07-15 21:44:00,MDCoreSvc,,,LocalSystem,S-1-5-18,,4,1165,5522,4044,1689399616077824,IF_TYPE_ETHERNET_CSMACD,0,0,
1025,2026-07-15 21:44:00,netprofm,,,NetworkService,S-1-5-20,,9,286,361,370,1689399616077824,IF_TYPE_ETHERNET_CSMACD,0,0,
1026,2026-07-15 21:44:00,Dnscache,,,NetworkService,S-1-5-20,,9,278,10454,6931,1689399616077824,IF_TYPE_ETHERNET_CSMACD,0,0,
1027,2026-07-15 21:44:00,,,,UnknownOrUserSid,,,2,1,823488,539155,1689399616077824,IF_TYPE_ETHERNET_CSMACD,0,0,
1028,2026-07-15 21:44:00,Spooler,,,LocalSystem,S-1-5-18,,4,297,0,0,0,0,0,0,
1029,2026-07-15 21:44:00,DiagTrack,,,LocalSystem,S-1-5-18,,4,287,17059,28403,1689399616077824,IF_TYPE_ETHERNET_CSMACD,0,0,
1030,2026-07-15 21:44:00,wlidsvc,,,LocalSystem,S-1-5-18,,4,276,45879,47991,1689399616077824,IF_TYPE_ETHERNET_CSMACD,0,0,
1031,2026-07-15 21:44:00,WaaSMedicSvc,,,LocalSystem,S-1-5-18,,4,308,3870,3242,1689399616077824,IF_TYPE_ETHERNET_CSMACD,0,0,
1032,2026-07-15 21:44:00,W32Time,,,LocalService,S-1-5-19,,6,1478,90,90,1689399616077824,IF_TYPE_ETHERNET_CSMACD,0,0,
1033,2026-07-15 21:44:00,System,,,LocalSystem,S-1-5-18,,4,29,946,11148,1689399616077824,IF_TYPE_ETHERNET_CSMACD,0,0,
1034,2026-07-15 21:44:00,DoSvc,,,NetworkService,S-1-5-20,,9,281,144678,38209,1689399616077824,IF_TYPE_ETHERNET_CSMACD,0,0,
1035,2026-07-15 21:44:00,\device\harddiskvolume3\dfir\tools\git\mingw64\libexec\git-core\git-remote-https.exe,,,UnknownOrUserSid,S-1-5-21-2395961029-2893071609-3470587398-1000,,60,1360,15166,5365,1689399616077824,IF_TYPE_ETHERNET_CSMACD,0,0,
1036,2026-07-15 21:44:00,WpnService,,,LocalSystem,S-1-5-18,,4,285,19902,14266,1689399616077824,IF_TYPE_ETHERNET_CSMACD,0,0,
1037,2026-07-15 21:44:00,wuauserv,,,LocalSystem,S-1-5-18,,4,277,57437,52378,1689399616077824,IF_TYPE_ETHERNET_CSMACD,0,0,
1038,2026-07-15 21:44:00,System\IPv6 Control Message,,,LocalSystem,S-1-5-18,,4,294,258,1694,1689399616077824,IF_TYPE_ETHERNET_CSMACD,0,0,
1039,2026-07-15 21:44:00,Dhcp,,,LocalService,S-1-5-19,,6,305,1026,1032,1689399616077824,IF_TYPE_ETHERNET_CSMACD,0,0,
1040,2026-07-15 21:44:00,WinDefend,,,LocalSystem,S-1-5-18,,4,301,51854,285776,1689399616077824,IF_TYPE_ETHERNET_CSMACD,0,0,
1041,2026-07-15 21:44:00,\device\harddiskvolume3\windows\system32\taskhostw.exe,,,LocalSystem,S-1-5-18,,4,289,4202,1390,1689399616077824,IF_TYPE_ETHERNET_CSMACD,0,0,
1042,2026-07-15 21:44:00,CryptSvc,,,LocalSystem,S-1-5-18,,4,290,754,894,1689399616077824,IF_TYPE_ETHERNET_CSMACD,0,0,
965,2026-07-15 22:37:00,\device\harddiskvolume3\dfir\tools\git\mingw64\libexec\git-core\git-remote-https.exe,,,UnknownOrUserSid,S-1-5-21-2395961029-2893071609-3470587398-1000,,60,1360,3600,3300,1689399616077824,IF_TYPE_ETHERNET_CSMACD,0,0,
966,2026-07-15 22:37:00,System,,,LocalSystem,S-1-5-18,,4,29,1767,11640,1689399616077824,IF_TYPE_ETHERNET_CSMACD,0,0,
967,2026-07-15 22:37:00,,,,UnknownOrUserSid,,,2,1,327177,169730,1689399616077824,IF_TYPE_ETHERNET_CSMACD,0,0,
968,2026-07-15 22:37:00,DiagTrack,,,LocalSystem,S-1-5-18,,4,287,11411,8027,1689399616077824,IF_TYPE_ETHERNET_CSMACD,0,0,
969,2026-07-15 22:37:00,Dnscache,,,NetworkService,S-1-5-20,,9,278,5492,2516,1689399616077824,IF_TYPE_ETHERNET_CSMACD,0,0,
970,2026-07-15 22:37:00,MDCoreSvc,,,LocalSystem,S-1-5-18,,4,1165,36129,15493,1689399616077824,IF_TYPE_ETHERNET_CSMACD,0,0,
971,2026-07-15 22:37:00,CryptSvc,,,LocalSystem,S-1-5-18,,4,290,873,1110,1689399616077824,IF_TYPE_ETHERNET_CSMACD,0,0,
972,2026-07-15 22:37:00,System\IPv6 Control Message,,,LocalSystem,S-1-5-18,,4,294,0,1800,1689399616077824,IF_TYPE_ETHERNET_CSMACD,0,0,
973,2026-07-15 22:37:00,Dhcp,,,LocalService,S-1-5-19,,6,305,1368,1376,1689399616077824,IF_TYPE_ETHERNET_CSMACD,0,0,
974,2026-07-15 22:37:00,\device\harddiskvolume3\windows\system32\taskhostw.exe,,,LocalSystem,S-1-5-18,,4,289,15091,6223,1689399616077824,IF_TYPE_ETHERNET_CSMACD,0,0,
1053,2026-07-15 22:44:00,MDCoreSvc,,,LocalSystem,S-1-5-18,,4,1165,5521,4234,1689399616077824,IF_TYPE_ETHERNET_CSMACD,0,0,
1054,2026-07-15 22:44:00,System\IPv6 Control Message,,,LocalSystem,S-1-5-18,,4,294,0,1800,1689399616077824,IF_TYPE_ETHERNET_CSMACD,0,0,
1055,2026-07-15 22:44:00,Dhcp,,,LocalService,S-1-5-19,,6,305,1368,1376,1689399616077824,IF_TYPE_ETHERNET_CSMACD,0,0,
1056,2026-07-15 22:44:00,WpnService,,,LocalSystem,S-1-5-18,,4,285,17136,12571,1689399616077824,IF_TYPE_ETHERNET_CSMACD,0,0,
1057,2026-07-15 22:44:00,Dnscache,,,NetworkService,S-1-5-20,,9,278,9530,4656,1689399616077824,IF_TYPE_ETHERNET_CSMACD,0,0,
1058,2026-07-15 22:44:00,System,,,LocalSystem,S-1-5-18,,4,29,519,11640,1689399616077824,IF_TYPE_ETHERNET_CSMACD,0,0,
1059,2026-07-15 22:44:00,,,,UnknownOrUserSid,,,2,1,819074,1523480,1689399616077824,IF_TYPE_ETHERNET_CSMACD,0,0,
1060,2026-07-15 22:44:00,sshd,,,LocalSystem,S-1-5-18,,4,1164,41124,59282,1689399616077824,IF_TYPE_ETHERNET_CSMACD,0,0,
1061,2026-07-15 22:44:00,WinDefend,,,LocalSystem,S-1-5-18,,4,301,278801,1361006,1689399616077824,IF_TYPE_ETHERNET_CSMACD,0,0,
1062,2026-07-15 22:44:00,\device\harddiskvolume3\dfir\tools\git\mingw64\libexec\git-core\git-remote-https.exe,,,UnknownOrUserSid,S-1-5-21-2395961029-2893071609-3470587398-1000,,60,1360,79818,27268,1689399616077824,IF_TYPE_ETHERNET_CSMACD,0,0,
1063,2026-07-15 22:44:00,CryptSvc,,,UnknownOrUserSid,S-1-5-21-2395961029-2893071609-3470587398-1000,,60,290,3553,3574,1689399616077824,IF_TYPE_ETHERNET_CSMACD,0,0,
1064,2026-07-15 22:44:00,DiagTrack,,,LocalSystem,S-1-5-18,,4,287,8004,6812,1689399616077824,IF_TYPE_ETHERNET_CSMACD,0,0,
1065,2026-07-15 22:44:00,wlidsvc,,,LocalSystem,S-1-5-18,,4,276,13073,12332,1689399616077824,IF_TYPE_ETHERNET_CSMACD,0,0,
1066,2026-07-15 22:44:00,DoSvc,,,NetworkService,S-1-5-20,,9,281,11000,5544,1689399616077824,IF_TYPE_ETHERNET_CSMACD,0,0,
1067,2026-07-15 22:44:00,CryptSvc,,,LocalSystem,S-1-5-18,,4,290,437,558,1689399616077824,IF_TYPE_ETHERNET_CSMACD,0,0,
1083,2026-07-15 23:32:00,MDCoreSvc,,,LocalSystem,S-1-5-18,,4,1165,5521,4232,1689399616077824,IF_TYPE_ETHERNET_CSMACD,0,0,
1084,2026-07-15 23:32:00,System\IPv6 Control Message,,,LocalSystem,S-1-5-18,,4,294,0,1800,1689399616077824,IF_TYPE_ETHERNET_CSMACD,0,0,
1085,2026-07-15 23:32:00,Dhcp,,,LocalService,S-1-5-19,,6,305,1368,1376,1689399616077824,IF_TYPE_ETHERNET_CSMACD,0,0,
1086,2026-07-15 23:32:00,WpnService,,,LocalSystem,S-1-5-18,,4,285,13776,10125,1689399616077824,IF_TYPE_ETHERNET_CSMACD,0,0,
1087,2026-07-15 23:32:00,Dnscache,,,NetworkService,S-1-5-20,,9,278,6473,2939,1689399616077824,IF_TYPE_ETHERNET_CSMACD,0,0,
1088,2026-07-15 23:32:00,System,,,LocalSystem,S-1-5-18,,4,29,335,9660,1689399616077824,IF_TYPE_ETHERNET_CSMACD,0,0,
1089,2026-07-15 23:32:00,,,,UnknownOrUserSid,,,2,1,417554,479478,1689399616077824,IF_TYPE_ETHERNET_CSMACD,0,0,
1090,2026-07-15 23:32:00,\device\harddiskvolume3\dfir\tools\git\mingw64\libexec\git-core\git-remote-https.exe,,,UnknownOrUserSid,S-1-5-21-2395961029-2893071609-3470587398-1000,,60,1360,16573,6736,1689399616077824,IF_TYPE_ETHERNET_CSMACD,0,0,
1091,2026-07-15 23:32:00,sshd,,,LocalSystem,S-1-5-18,,4,1164,33860,46819,1689399616077824,IF_TYPE_ETHERNET_CSMACD,0,0,
1092,2026-07-15 23:32:00,WinDefend,,,LocalSystem,S-1-5-18,,4,301,71196,363362,1689399616077824,IF_TYPE_ETHERNET_CSMACD,0,0,
1093,2026-07-15 23:32:00,DoSvc,,,NetworkService,S-1-5-20,,9,281,7333,3699,1689399616077824,IF_TYPE_ETHERNET_CSMACD,0,0,
1094,2026-07-15 23:32:00,DiagTrack,,,LocalSystem,S-1-5-18,,4,287,7943,6592,1689399616077824,IF_TYPE_ETHERNET_CSMACD,0,0,
1095,2026-07-15 23:32:00,wlidsvc,,,LocalSystem,S-1-5-18,,4,276,11516,12332,1689399616077824,IF_TYPE_ETHERNET_CSMACD,0,0,
1096,2026-07-15 23:32:00,CryptSvc,,,UnknownOrUserSid,S-1-5-21-2395961029-2893071609-3470587398-1000,,60,290,3117,3022,1689399616077824,IF_TYPE_ETHERNET_CSMACD,0,0,
1097,2026-07-15 23:32:00,CryptSvc,,,LocalSystem,S-1-5-18,,4,290,502,552,1689399616077824,IF_TYPE_ETHERNET_CSMACD,0,0,
979,2026-07-15 23:37:00,\device\harddiskvolume3\dfir\tools\git\mingw64\libexec\git-core\git-remote-https.exe,,,UnknownOrUserSid,S-1-5-21-2395961029-2893071609-3470587398-1000,,60,1360,308006,21741,1689399616077824,IF_TYPE_ETHERNET_CSMACD,0,0,
980,2026-07-15 23:37:00,System,,,LocalSystem,S-1-5-18,,4,29,1767,11640,1689399616077824,IF_TYPE_ETHERNET_CSMACD,0,0,
981,2026-07-15 23:37:00,,,,UnknownOrUserSid,,,2,1,19384627,1432108,1689399616077824,IF_TYPE_ETHERNET_CSMACD,0,0,
982,2026-07-15 23:37:00,\device\harddiskvolume3\windows\system32\taskhostw.exe,,,LocalSystem,S-1-5-18,,4,289,19317,16481,1689399616077824,IF_TYPE_ETHERNET_CSMACD,0,0,
983,2026-07-15 23:37:00,Dnscache,,,NetworkService,S-1-5-20,,9,278,9745,4653,1689399616077824,IF_TYPE_ETHERNET_CSMACD,0,0,
984,2026-07-15 23:37:00,DiagTrack,,,LocalSystem,S-1-5-18,,4,287,8328,7734,1689399616077824,IF_TYPE_ETHERNET_CSMACD,0,0,
985,2026-07-15 23:37:00,sshd,,,LocalSystem,S-1-5-18,,4,1164,86702,103431,1689399616077824,IF_TYPE_ETHERNET_CSMACD,0,0,
986,2026-07-15 23:37:00,System\IPv6 Control Message,,,LocalSystem,S-1-5-18,,4,294,0,1800,1689399616077824,IF_TYPE_ETHERNET_CSMACD,0,0,
987,2026-07-15 23:37:00,Dhcp,,,LocalService,S-1-5-19,,6,305,1368,1376,1689399616077824,IF_TYPE_ETHERNET_CSMACD,0,0,
988,2026-07-15 23:37:00,CryptSvc,,,UnknownOrUserSid,S-1-5-21-2395961029-2893071609-3470587398-1000,,60,290,3119,3022,1689399616077824,IF_TYPE_ETHERNET_CSMACD,0,0,
989,2026-07-15 23:37:00,WinDefend,,,LocalSystem,S-1-5-18,,4,301,201871,1076349,1689399616077824,IF_TYPE_ETHERNET_CSMACD,0,0,
990,2026-07-15 23:37:00,MDCoreSvc,,,LocalSystem,S-1-5-18,,4,1165,29915,15155,1689399616077824,IF_TYPE_ETHERNET_CSMACD,0,0,
991,2026-07-15 23:37:00,CryptSvc,,,LocalSystem,S-1-5-18,,4,290,502,552,1689399616077824,IF_TYPE_ETHERNET_CSMACD,0,0,
992,2026-07-15 23:37:00,\device\harddiskvolume3\dfir\tools\git\mingw64\bin\curl.exe,,,UnknownOrUserSid,S-1-5-21-2395961029-2893071609-3470587398-1000,,60,1477,1285160,28420,1689399616077824,IF_TYPE_ETHERNET_CSMACD,0,0,
993,2026-07-15 23:37:00,WaaSMedicSvc,,,LocalSystem,S-1-5-18,,4,308,3611,2616,1689399616077824,IF_TYPE_ETHERNET_CSMACD,0,0,
994,2026-07-15 23:37:00,\device\harddiskvolume3\dfir\tools\ez\net9\evtxecmd\evtxecmd.exe,,,UnknownOrUserSid,S-1-5-21-2395961029-2893071609-3470587398-1000,,60,300,543046,13299,1689399616077824,IF_TYPE_ETHERNET_CSMACD,0,0,
1009,2026-07-15 23:45:00,\device\harddiskvolume3\dfir\tools\git\mingw64\libexec\git-core\git-remote-https.exe,,,UnknownOrUserSid,S-1-5-21-2395961029-2893071609-3470587398-1000,,60,1360,480,440,1689399616077824,IF_TYPE_ETHERNET_CSMACD,0,0,
1010,2026-07-15 23:45:00,WinDefend,,,LocalSystem,S-1-5-18,,4,301,70268,372155,1689399616077824,IF_TYPE_ETHERNET_CSMACD,0,0,
1011,2026-07-15 23:45:00,System,,,LocalSystem,S-1-5-18,,4,29,92,1320,1689399616077824,IF_TYPE_ETHERNET_CSMACD,0,0,
1012,2026-07-15 23:45:00,sshd,,,LocalSystem,S-1-5-18,,4,1164,25294,29912,1689399616077824,IF_TYPE_ETHERNET_CSMACD,0,0,
1013,2026-07-15 23:45:00,,,,UnknownOrUserSid,,,2,1,150908,428973,1689399616077824,IF_TYPE_ETHERNET_CSMACD,0,0,
1014,2026-07-15 23:45:00,Dnscache,,,NetworkService,S-1-5-20,,9,278,775,393,1689399616077824,IF_TYPE_ETHERNET_CSMACD,0,0,
1015,2026-07-15 23:45:00,DiagTrack,,,LocalSystem,S-1-5-18,,4,287,4421,6440,1689399616077824,IF_TYPE_ETHERNET_CSMACD,0,0,
1113,2026-07-16 04:31:00,netprofm,,,NetworkService,S-1-5-20,,9,286,361,370,1689399616077824,IF_TYPE_ETHERNET_CSMACD,0,0,
1114,2026-07-16 04:31:00,MDCoreSvc,,,LocalSystem,S-1-5-18,,4,1165,47916,22778,1689399616077824,IF_TYPE_ETHERNET_CSMACD,0,0,
1115,2026-07-16 04:31:00,Dnscache,,,NetworkService,S-1-5-20,,9,278,17164,7103,1689399616077824,IF_TYPE_ETHERNET_CSMACD,0,0,
1116,2026-07-16 04:31:00,System,,,LocalSystem,S-1-5-18,,4,29,611,12200,1689399616077824,IF_TYPE_ETHERNET_CSMACD,0,0,
1117,2026-07-16 04:31:00,,,,UnknownOrUserSid,,,2,1,19614907,1363601,1689399616077824,IF_TYPE_ETHERNET_CSMACD,0,0,
1118,2026-07-16 04:31:00,Spooler,,,LocalSystem,S-1-5-18,,4,297,0,0,0,0,0,0,
1119,2026-07-16 04:31:00,\device\harddiskvolume3\dfir\tools\git\mingw64\libexec\git-core\git-remote-https.exe,,,UnknownOrUserSid,S-1-5-21-2395961029-2893071609-3470587398-1000,,60,1360,29289,7006,1689399616077824,IF_TYPE_ETHERNET_CSMACD,0,0,
1120,2026-07-16 04:31:00,sshd,,,LocalSystem,S-1-5-18,,4,1164,193570,70017,1689399616077824,IF_TYPE_ETHERNET_CSMACD,0,0,
1121,2026-07-16 04:31:00,DoSvc,,,NetworkService,S-1-5-20,,9,281,423469,49708,1689399616077824,IF_TYPE_ETHERNET_CSMACD,0,0,
1122,2026-07-16 04:31:00,CryptSvc,,,UnknownOrUserSid,S-1-5-21-2395961029-2893071609-3470587398-1000,,60,290,3554,3574,1689399616077824,IF_TYPE_ETHERNET_CSMACD,0,0,
1123,2026-07-16 04:31:00,DiagTrack,,,LocalSystem,S-1-5-18,,4,287,121030,88167,1689399616077824,IF_TYPE_ETHERNET_CSMACD,0,0,
1124,2026-07-16 04:31:00,WaaSMedicSvc,,,LocalSystem,S-1-5-18,,4,308,4623,2620,1689399616077824,IF_TYPE_ETHERNET_CSMACD,0,0,
1125,2026-07-16 04:31:00,wlidsvc,,,LocalSystem,S-1-5-18,,4,276,23071,28255,1689399616077824,IF_TYPE_ETHERNET_CSMACD,0,0,
1126,2026-07-16 04:31:00,WpnService,,,LocalSystem,S-1-5-18,,4,285,25446,21122,1689399616077824,IF_TYPE_ETHERNET_CSMACD,0,0,
1127,2026-07-16 04:31:00,\device\harddiskvolume3\windows\system32\taskhostw.exe,,,LocalSystem,S-1-5-18,,4,289,92358,71554,1689399616077824,IF_TYPE_ETHERNET_CSMACD,0,0,
1128,2026-07-16 04:31:00,\device\harddiskvolume3\windows\system32\rundll32.exe,,,LocalSystem,S-1-5-18,,4,1940,3483,1237,1689399616077824,IF_TYPE_ETHERNET_CSMACD,0,0,
1129,2026-07-16 04:31:00,CryptSvc,,,LocalSystem,S-1-5-18,,4,290,754,894,1689399616077824,IF_TYPE_ETHERNET_CSMACD,0,0,
1130,2026-07-16 04:31:00,WinDefend,,,LocalSystem,S-1-5-18,,4,301,140062,799463,1689399616077824,IF_TYPE_ETHERNET_CSMACD,0,0,
1131,2026-07-16 04:31:00,wisvc,,,LocalSystem,S-1-5-18,,4,283,3571,2837,1689399616077824,IF_TYPE_ETHERNET_CSMACD,0,0,
1132,2026-07-16 04:31:00,System\IPv6 Control Message,,,LocalSystem,S-1-5-18,,4,294,172,1522,1689399616077824,IF_TYPE_ETHERNET_CSMACD,0,0,
1133,2026-07-16 04:31:00,wuauserv,,,LocalSystem,S-1-5-18,,4,277,748561,117670,1689399616077824,IF_TYPE_ETHERNET_CSMACD,0,0,
1134,2026-07-16 04:31:00,\device\harddiskvolume3\dfir\tools\git\mingw64\bin\curl.exe,,,UnknownOrUserSid,S-1-5-21-2395961029-2893071609-3470587398-1000,,60,1477,1290178,27016,1689399616077824,IF_TYPE_ETHERNET_CSMACD,0,0,
1135,2026-07-16 04:31:00,Dhcp,,,LocalService,S-1-5-19,,6,305,1026,1032,1689399616077824,IF_TYPE_ETHERNET_CSMACD,0,0,
1143,2026-07-16 05:31:00,WpnService,,,LocalSystem,S-1-5-18,,4,285,17100,12537,1689399616077824,IF_TYPE_ETHERNET_CSMACD,0,0,
1144,2026-07-16 05:31:00,MDCoreSvc,,,LocalSystem,S-1-5-18,,4,1165,32954,15152,1689399616077824,IF_TYPE_ETHERNET_CSMACD,0,0,
1145,2026-07-16 05:31:00,System\IPv6 Control Message,,,LocalSystem,S-1-5-18,,4,294,0,1800,1689399616077824,IF_TYPE_ETHERNET_CSMACD,0,0,
1146,2026-07-16 05:31:00,Dhcp,,,LocalService,S-1-5-19,,6,305,1368,1376,1689399616077824,IF_TYPE_ETHERNET_CSMACD,0,0,
1147,2026-07-16 05:31:00,System,,,LocalSystem,S-1-5-18,,4,29,611,11640,1689399616077824,IF_TYPE_ETHERNET_CSMACD,0,0,
1148,2026-07-16 05:31:00,,,,UnknownOrUserSid,,,2,1,512664,93118,1689399616077824,IF_TYPE_ETHERNET_CSMACD,0,0,
1149,2026-07-16 05:31:00,Dnscache,,,NetworkService,S-1-5-20,,9,278,4866,2433,1689399616077824,IF_TYPE_ETHERNET_CSMACD,0,0,
1150,2026-07-16 05:31:00,sshd,,,LocalSystem,S-1-5-18,,4,1164,28638,27616,1689399616077824,IF_TYPE_ETHERNET_CSMACD,0,0,
1151,2026-07-16 05:31:00,WaaSMedicSvc,,,LocalSystem,S-1-5-18,,4,308,4653,2589,1689399616077824,IF_TYPE_ETHERNET_CSMACD,0,0,
1152,2026-07-16 05:31:00,CryptSvc,,,LocalSystem,S-1-5-18,,4,290,753,894,1689399616077824,IF_TYPE_ETHERNET_CSMACD,0,0,
1153,2026-07-16 05:31:00,DiagTrack,,,LocalSystem,S-1-5-18,,4,287,8568,9533,1689399616077824,IF_TYPE_ETHERNET_CSMACD,0,0,
1154,2026-07-16 05:31:00,\device\harddiskvolume3\windows\system32\taskhostw.exe,,,LocalSystem,S-1-5-18,,4,289,3470,2433,1689399616077824,IF_TYPE_ETHERNET_CSMACD,0,0,
1157,2026-07-16 11:31:00,WpnService,,,LocalSystem,S-1-5-18,,4,285,32703,28114,1689399616077824,IF_TYPE_ETHERNET_CSMACD,0,0,
1158,2026-07-16 11:31:00,MDCoreSvc,,,LocalSystem,S-1-5-18,,4,1165,33545,17800,1689399616077824,IF_TYPE_ETHERNET_CSMACD,0,0,
1159,2026-07-16 11:31:00,Dnscache,,,NetworkService,S-1-5-20,,9,278,18492,6464,1689399616077824,IF_TYPE_ETHERNET_CSMACD,0,0,
1160,2026-07-16 11:31:00,System\IPv6 Control Message,,,LocalSystem,S-1-5-18,,4,294,172,1792,1689399616077824,IF_TYPE_ETHERNET_CSMACD,0,0,
1161,2026-07-16 11:31:00,Dhcp,,,LocalService,S-1-5-19,,6,305,1368,1376,1689399616077824,IF_TYPE_ETHERNET_CSMACD,0,0,
1162,2026-07-16 11:31:00,System,,,LocalSystem,S-1-5-18,,4,29,795,11532,1689399616077824,IF_TYPE_ETHERNET_CSMACD,0,0,
1163,2026-07-16 11:31:00,,,,UnknownOrUserSid,,,2,1,34539436,740789,1689399616077824,IF_TYPE_ETHERNET_CSMACD,0,0,
1164,2026-07-16 11:31:00,\device\harddiskvolume3\dfir\tools\git\mingw64\libexec\git-core\git-remote-https.exe,,,UnknownOrUserSid,S-1-5-21-2395961029-2893071609-3470587398-1000,,60,1360,44221,4070,1689399616077824,IF_TYPE_ETHERNET_CSMACD,0,0,
1165,2026-07-16 11:31:00,sshd,,,LocalSystem,S-1-5-18,,4,1164,5328,7779,1689399616077824,IF_TYPE_ETHERNET_CSMACD,0,0,
1166,2026-07-16 11:31:00,CryptSvc,,,UnknownOrUserSid,S-1-5-21-2395961029-2893071609-3470587398-1000,,60,290,3621,3574,1689399616077824,IF_TYPE_ETHERNET_CSMACD,0,0,
1167,2026-07-16 11:31:00,WinDefend,,,LocalSystem,S-1-5-18,,4,301,37869,181569,1689399616077824,IF_TYPE_ETHERNET_CSMACD,0,0,
1168,2026-07-16 11:31:00,DiagTrack,,,LocalSystem,S-1-5-18,,4,287,253006,52104,1689399616077824,IF_TYPE_ETHERNET_CSMACD,0,0,
1169,2026-07-16 11:31:00,DoSvc,,,NetworkService,S-1-5-20,,9,281,3565459,99653,1689399616077824,IF_TYPE_ETHERNET_CSMACD,0,0,
1170,2026-07-16 11:31:00,\device\harddiskvolume3\windows\system32\taskhostw.exe,,,LocalSystem,S-1-5-18,,4,289,104009,69732,1689399616077824,IF_TYPE_ETHERNET_CSMACD,0,0,
1171,2026-07-16 11:31:00,\device\harddiskvolume3\program files (x86)\microsoft\edgeupdate\microsoftedgeupdate.exe,,,LocalSystem,S-1-5-18,,4,291,10925,7624,1689399616077824,IF_TYPE_ETHERNET_CSMACD,0,0,
1172,2026-07-16 11:31:00,wuauserv,,,LocalSystem,S-1-5-18,,4,277,382435,183401,1689399616077824,IF_TYPE_ETHERNET_CSMACD,0,0,
1173,2026-07-16 11:31:00,WaaSMedicSvc,,,LocalSystem,S-1-5-18,,4,308,3611,2619,1689399616077824,IF_TYPE_ETHERNET_CSMACD,0,0,
1174,2026-07-16 11:31:00,\device\harddiskvolume3\windows\uus\amd64\mousocoreworker.exe,,,LocalSystem,S-1-5-18,,4,1166,23986,18749,1689399616077824,IF_TYPE_ETHERNET_CSMACD,0,0,
1175,2026-07-16 11:31:00,wlidsvc,,,LocalSystem,S-1-5-18,,4,276,23371,23710,1689399616077824,IF_TYPE_ETHERNET_CSMACD,0,0,
1176,2026-07-16 11:31:00,W32Time,,,LocalService,S-1-5-19,,6,1478,180,180,1689399616077824,IF_TYPE_ETHERNET_CSMACD,0,0,
1177,2026-07-16 11:31:00,CryptSvc,,,LocalSystem,S-1-5-18,,4,290,754,894,1689399616077824,IF_TYPE_ETHERNET_CSMACD,0,0,
1187,2026-07-16 12:33:00,MDCoreSvc,,,LocalSystem,S-1-5-18,,4,1165,17500,10290,1689399616077824,IF_TYPE_ETHERNET_CSMACD,0,0,
1188,2026-07-16 12:33:00,System\IPv6 Control Message,,,LocalSystem,S-1-5-18,,4,294,0,2250,1689399616077824,IF_TYPE_ETHERNET_CSMACD,0,0,
1189,2026-07-16 12:33:00,Dhcp,,,LocalService,S-1-5-19,,6,305,1710,1720,1689399616077824,IF_TYPE_ETHERNET_CSMACD,0,0,
1190,2026-07-16 12:33:00,WpnService,,,LocalSystem,S-1-5-18,,4,285,60530,48009,1689399616077824,IF_TYPE_ETHERNET_CSMACD,0,0,
1191,2026-07-16 12:33:00,System,,,LocalSystem,S-1-5-18,,4,29,795,12240,1689399616077824,IF_TYPE_ETHERNET_CSMACD,0,0,
1192,2026-07-16 12:33:00,,,,UnknownOrUserSid,,,2,1,540129,121440,1689399616077824,IF_TYPE_ETHERNET_CSMACD,0,0,
1193,2026-07-16 12:33:00,Dnscache,,,NetworkService,S-1-5-20,,9,278,6661,3450,1689399616077824,IF_TYPE_ETHERNET_CSMACD,0,0,
1194,2026-07-16 12:33:00,DiagTrack,,,LocalSystem,S-1-5-18,,4,287,8885,24655,1689399616077824,IF_TYPE_ETHERNET_CSMACD,0,0,
1195,2026-07-16 12:33:00,DoSvc,,,NetworkService,S-1-5-20,,9,281,3666,1839,1689399616077824,IF_TYPE_ETHERNET_CSMACD,0,0,
1196,2026-07-16 12:33:00,\device\harddiskvolume3\windows\system32\taskhostw.exe,,,LocalSystem,S-1-5-18,,4,289,14082,10420,1689399616077824,IF_TYPE_ETHERNET_CSMACD,0,0,
1197,2026-07-16 12:33:00,CryptSvc,,,LocalSystem,S-1-5-18,,4,290,634,786,1689399616077824,IF_TYPE_ETHERNET_CSMACD,0,0,
1201,2026-07-16 13:33:00,CryptSvc,,,LocalSystem,S-1-5-18,,4,290,120,108,1689399616077824,IF_TYPE_ETHERNET_CSMACD,0,0,
1202,2026-07-16 13:33:00,MDCoreSvc,,,LocalSystem,S-1-5-18,,4,1165,24435,15597,1689399616077824,IF_TYPE_ETHERNET_CSMACD,0,0,
1203,2026-07-16 13:33:00,WpnService,,,LocalSystem,S-1-5-18,,4,285,20346,15881,1689399616077824,IF_TYPE_ETHERNET_CSMACD,0,0,
1204,2026-07-16 13:33:00,Dnscache,,,NetworkService,S-1-5-20,,9,278,7598,4477,1689399616077824,IF_TYPE_ETHERNET_CSMACD,0,0,
1205,2026-07-16 13:33:00,System,,,LocalSystem,S-1-5-18,,4,29,1038,11640,1689399616077824,IF_TYPE_ETHERNET_CSMACD,0,0,
1206,2026-07-16 13:33:00,,,,UnknownOrUserSid,,,2,1,1090458,25309347,1689399616077824,IF_TYPE_ETHERNET_CSMACD,0,0,
1207,2026-07-16 13:33:00,WaaSMedicSvc,,,LocalSystem,S-1-5-18,,4,308,3611,2619,1689399616077824,IF_TYPE_ETHERNET_CSMACD,0,0,
1208,2026-07-16 13:33:00,DoSvc,,,NetworkService,S-1-5-20,,9,281,559365,24909956,1689399616077824,IF_TYPE_ETHERNET_CSMACD,0,0,
1209,2026-07-16 13:33:00,DiagTrack,,,LocalSystem,S-1-5-18,,4,287,8442,9673,1689399616077824,IF_TYPE_ETHERNET_CSMACD,0,0,
1210,2026-07-16 13:33:00,System\IPv6 Control Message,,,LocalSystem,S-1-5-18,,4,294,172,1972,1689399616077824,IF_TYPE_ETHERNET_CSMACD,0,0,
1211,2026-07-16 13:33:00,Dhcp,,,LocalService,S-1-5-19,,6,305,1368,1376,1689399616077824,IF_TYPE_ETHERNET_CSMACD,0,0,
1212,2026-07-16 13:33:00,WinDefend,,,LocalSystem,S-1-5-18,,4,301,50509,305174,1689399616077824,IF_TYPE_ETHERNET_CSMACD,0,0,
1213,2026-07-16 13:33:00,\device\harddiskvolume3\dfir\tools\git\mingw64\libexec\git-core\git-remote-https.exe,,,UnknownOrUserSid,S-1-5-21-2395961029-2893071609-3470587398-1000,,60,1360,12182,3422,1689399616077824,IF_TYPE_ETHERNET_CSMACD,0,0,
1214,2026-07-16 13:33:00,sshd,,,LocalSystem,S-1-5-18,,4,1164,5706,8071,1689399616077824,IF_TYPE_ETHERNET_CSMACD,0,0,
1215,2026-07-16 13:33:00,CryptSvc,,,UnknownOrUserSid,S-1-5-21-2395961029-2893071609-3470587398-1000,,60,290,3116,3022,1689399616077824,IF_TYPE_ETHERNET_CSMACD,0,0,
1216,2026-07-16 13:33:00,\device\harddiskvolume3\windows\system32\taskhostw.exe,,,LocalSystem,S-1-5-18,,4,289,7162,8322,1689399616077824,IF_TYPE_ETHERNET_CSMACD,0,0,
1231,2026-07-16 14:33:00,WpnService,,,LocalSystem,S-1-5-18,,4,285,17100,12537,1689399616077824,IF_TYPE_ETHERNET_CSMACD,0,0,
1232,2026-07-16 14:33:00,Dnscache,,,NetworkService,S-1-5-20,,9,278,5273,2530,1689399616077824,IF_TYPE_ETHERNET_CSMACD,0,0,
1233,2026-07-16 14:33:00,MDCoreSvc,,,LocalSystem,S-1-5-18,,4,1165,29807,15009,1689399616077824,IF_TYPE_ETHERNET_CSMACD,0,0,
1234,2026-07-16 14:33:00,System,,,LocalSystem,S-1-5-18,,4,29,762,11640,1689399616077824,IF_TYPE_ETHERNET_CSMACD,0,0,
1235,2026-07-16 14:33:00,,,,UnknownOrUserSid,,,2,1,22281611,312091,1689399616077824,IF_TYPE_ETHERNET_CSMACD,0,0,
1236,2026-07-16 14:33:00,DiagTrack,,,LocalSystem,S-1-5-18,,4,287,7996,6692,1689399616077824,IF_TYPE_ETHERNET_CSMACD,0,0,
1237,2026-07-16 14:33:00,System\IPv6 Control Message,,,LocalSystem,S-1-5-18,,4,294,0,1800,1689399616077824,IF_TYPE_ETHERNET_CSMACD,0,0,
1238,2026-07-16 14:33:00,Dhcp,,,LocalService,S-1-5-19,,6,305,1368,1376,1689399616077824,IF_TYPE_ETHERNET_CSMACD,0,0,
1239,2026-07-16 14:33:00,sshd,,,LocalSystem,S-1-5-18,,4,1164,1105202,246394,1689399616077824,IF_TYPE_ETHERNET_CSMACD,0,0,
1240,2026-07-16 14:33:00,CryptSvc,,,LocalSystem,S-1-5-18,,4,290,751,894,1689399616077824,IF_TYPE_ETHERNET_CSMACD,0,0,
1241,2026-07-16 14:33:00,\device\harddiskvolume3\windows\system32\taskhostw.exe,,,LocalSystem,S-1-5-18,,4,289,8455,4864,1689399616077824,IF_TYPE_ETHERNET_CSMACD,0,0,
1242,2026-07-16 14:33:00,DoSvc,,,NetworkService,S-1-5-20,,9,281,3668,1956,1689399616077824,IF_TYPE_ETHERNET_CSMACD,0,0,
1245,2026-07-16 15:33:00,DoSvc,,,NetworkService,S-1-5-20,,9,281,10998,5565,1689399616077824,IF_TYPE_ETHERNET_CSMACD,0,0,
1246,2026-07-16 15:33:00,WpnService,,,LocalSystem,S-1-5-18,,4,285,17210,12644,1689399616077824,IF_TYPE_ETHERNET_CSMACD,0,0,
1247,2026-07-16 15:33:00,Dnscache,,,NetworkService,S-1-5-20,,9,278,8539,3739,1689399616077824,IF_TYPE_ETHERNET_CSMACD,0,0,
1248,2026-07-16 15:33:00,MDCoreSvc,,,LocalSystem,S-1-5-18,,4,1165,26627,14435,1689399616077824,IF_TYPE_ETHERNET_CSMACD,0,0,
1249,2026-07-16 15:33:00,System,,,LocalSystem,S-1-5-18,,4,29,979,11640,1689399616077824,IF_TYPE_ETHERNET_CSMACD,0,0,
1250,2026-07-16 15:33:00,,,,UnknownOrUserSid,,,2,1,861207,378676,1689399616077824,IF_TYPE_ETHERNET_CSMACD,0,0,
1251,2026-07-16 15:33:00,WaaSMedicSvc,,,LocalSystem,S-1-5-18,,4,308,5125,2619,1689399616077824,IF_TYPE_ETHERNET_CSMACD,0,0,
1252,2026-07-16 15:33:00,\device\harddiskvolume3\windows\system32\taskhostw.exe,,,LocalSystem,S-1-5-18,,4,289,24484,17996,1689399616077824,IF_TYPE_ETHERNET_CSMACD,0,0,
1253,2026-07-16 15:33:00,DiagTrack,,,LocalSystem,S-1-5-18,,4,287,13529,15762,1689399616077824,IF_TYPE_ETHERNET_CSMACD,0,0,
1254,2026-07-16 15:33:00,System\IPv6 Control Message,,,LocalSystem,S-1-5-18,,4,294,0,1800,1689399616077824,IF_TYPE_ETHERNET_CSMACD,0,0,
1255,2026-07-16 15:33:00,Dhcp,,,LocalService,S-1-5-19,,6,305,1368,1376,1689399616077824,IF_TYPE_ETHERNET_CSMACD,0,0,
1256,2026-07-16 15:33:00,sshd,,,LocalSystem,S-1-5-18,,4,1164,33848,29160,1689399616077824,IF_TYPE_ETHERNET_CSMACD,0,0,
1257,2026-07-16 15:33:00,\device\harddiskvolume3\dfir\tools\git\mingw64\libexec\git-core\git-remote-https.exe,,,UnknownOrUserSid,S-1-5-21-2395961029-2893071609-3470587398-1000,,60,1360,163210,6446,1689399616077824,IF_TYPE_ETHERNET_CSMACD,0,0,
1258,2026-07-16 15:33:00,CryptSvc,,,UnknownOrUserSid,S-1-5-21-2395961029-2893071609-3470587398-1000,,60,290,3553,3574,1689399616077824,IF_TYPE_ETHERNET_CSMACD,0,0,
1259,2026-07-16 15:33:00,WinDefend,,,LocalSystem,S-1-5-18,,4,301,55735,243847,1689399616077824,IF_TYPE_ETHERNET_CSMACD,0,0,
1275,2026-07-16 16:33:00,WpnService,,,LocalSystem,S-1-5-18,,4,285,17220,12656,1689399616077824,IF_TYPE_ETHERNET_CSMACD,0,0,
1276,2026-07-16 16:33:00,Dnscache,,,NetworkService,S-1-5-20,,9,278,8663,3749,1689399616077824,IF_TYPE_ETHERNET_CSMACD,0,0,
1277,2026-07-16 16:33:00,MDCoreSvc,,,LocalSystem,S-1-5-18,,4,1165,17272,10449,1689399616077824,IF_TYPE_ETHERNET_CSMACD,0,0,
1278,2026-07-16 16:33:00,System,,,LocalSystem,S-1-5-18,,4,29,854,11640,1689399616077824,IF_TYPE_ETHERNET_CSMACD,0,0,
1279,2026-07-16 16:33:00,,,,UnknownOrUserSid,,,2,1,731584,505738,1689399616077824,IF_TYPE_ETHERNET_CSMACD,0,0,
1280,2026-07-16 16:33:00,DiagTrack,,,LocalSystem,S-1-5-18,,4,287,123178,23335,1689399616077824,IF_TYPE_ETHERNET_CSMACD,0,0,
1281,2026-07-16 16:33:00,System\IPv6 Control Message,,,LocalSystem,S-1-5-18,,4,294,0,1800,1689399616077824,IF_TYPE_ETHERNET_CSMACD,0,0,
1282,2026-07-16 16:33:00,Dhcp,,,LocalService,S-1-5-19,,6,305,1368,1376,1689399616077824,IF_TYPE_ETHERNET_CSMACD,0,0,
1283,2026-07-16 16:33:00,sshd,,,LocalSystem,S-1-5-18,,4,1164,14420,19851,1689399616077824,IF_TYPE_ETHERNET_CSMACD,0,0,
1284,2026-07-16 16:33:00,\device\harddiskvolume3\dfir\tools\git\mingw64\libexec\git-core\git-remote-https.exe,,,UnknownOrUserSid,S-1-5-21-2395961029-2893071609-3470587398-1000,,60,1360,27611,6952,1689399616077824,IF_TYPE_ETHERNET_CSMACD,0,0,
1285,2026-07-16 16:33:00,CryptSvc,,,UnknownOrUserSid,S-1-5-21-2395961029-2893071609-3470587398-1000,,60,290,3551,3574,1689399616077824,IF_TYPE_ETHERNET_CSMACD,0,0,
1286,2026-07-16 16:33:00,W32Time,,,LocalService,S-1-5-19,,6,1478,90,90,1689399616077824,IF_TYPE_ETHERNET_CSMACD,0,0,
1287,2026-07-16 16:33:00,WinDefend,,,LocalSystem,S-1-5-18,,4,301,82092,390632,1689399616077824,IF_TYPE_ETHERNET_CSMACD,0,0,
1288,2026-07-16 16:33:00,CryptSvc,,,LocalSystem,S-1-5-18,,4,290,437,558,1689399616077824,IF_TYPE_ETHERNET_CSMACD,0,0,
1289,2026-07-16 16:33:00,\device\harddiskvolume3\windows\system32\taskhostw.exe,,,LocalSystem,S-1-5-18,,4,289,19888,10967,1689399616077824,IF_TYPE_ETHERNET_CSMACD,0,0,
1305,2026-07-16 17:15:00,Dnscache,,,NetworkService,S-1-5-20,,9,278,6419,3373,1689399616077824,IF_TYPE_ETHERNET_CSMACD,0,0,
1306,2026-07-16 17:15:00,WpnService,,,LocalSystem,S-1-5-18,,4,285,12054,8858,1689399616077824,IF_TYPE_ETHERNET_CSMACD,0,0,
1307,2026-07-16 17:15:00,MDCoreSvc,,,LocalSystem,S-1-5-18,,4,1165,12170,6156,1689399616077824,IF_TYPE_ETHERNET_CSMACD,0,0,
1308,2026-07-16 17:15:00,System,,,LocalSystem,S-1-5-18,,4,29,276,7800,1689399616077824,IF_TYPE_ETHERNET_CSMACD,0,0,
1309,2026-07-16 17:15:00,,,,UnknownOrUserSid,,,2,1,25717981,218497,1689399616077824,IF_TYPE_ETHERNET_CSMACD,0,0,
1310,2026-07-16 17:15:00,\device\harddiskvolume3\windows\system32\taskhostw.exe,,,LocalSystem,S-1-5-18,,4,289,10512,7534,1689399616077824,IF_TYPE_ETHERNET_CSMACD,0,0,
1311,2026-07-16 17:15:00,WaaSMedicSvc,,,LocalSystem,S-1-5-18,,4,308,3611,2619,1689399616077824,IF_TYPE_ETHERNET_CSMACD,0,0,
1312,2026-07-16 17:15:00,DoSvc,,,NetworkService,S-1-5-20,,9,281,3667,1885,1689399616077824,IF_TYPE_ETHERNET_CSMACD,0,0,
1313,2026-07-16 17:15:00,DiagTrack,,,LocalSystem,S-1-5-18,,4,287,4307,4999,1689399616077824,IF_TYPE_ETHERNET_CSMACD,0,0,
1314,2026-07-16 17:15:00,System\IPv6 Control Message,,,LocalSystem,S-1-5-18,,4,294,0,900,1689399616077824,IF_TYPE_ETHERNET_CSMACD,0,0,
1315,2026-07-16 17:15:00,Dhcp,,,LocalService,S-1-5-19,,6,305,684,688,1689399616077824,IF_TYPE_ETHERNET_CSMACD,0,0,
1316,2026-07-16 17:15:00,\device\harddiskvolume3\dfir\tools\git\mingw64\libexec\git-core\git-remote-https.exe,,,UnknownOrUserSid,S-1-5-21-2395961029-2893071609-3470587398-1000,,60,1360,2852005,106382,1689399616077824,IF_TYPE_ETHERNET_CSMACD,0,0,
1317,2026-07-16 17:15:00,sshd,,,LocalSystem,S-1-5-18,,4,1164,9180,12326,1689399616077824,IF_TYPE_ETHERNET_CSMACD,0,0,
1318,2026-07-16 17:15:00,\device\harddiskvolume3\dfir\tools\git\mingw64\bin\curl.exe,,,UnknownOrUserSid,S-1-5-21-2395961029-2893071609-3470587398-1000,,60,1477,1177801,26314,1689399616077824,IF_TYPE_ETHERNET_CSMACD,0,0,
1319,2026-07-16 17:15:00,WinDefend,,,LocalSystem,S-1-5-18,,4,301,9169,21651,1689399616077824,IF_TYPE_ETHERNET_CSMACD,0,0,
1320,2026-07-16 17:15:00,CryptSvc,,,LocalSystem,S-1-5-18,,4,290,873,1110,1689399616077824,IF_TYPE_ETHERNET_CSMACD,0,0,
